{"type":"FeatureCollection","features":[{"type":"Feature","id":0,"geometry":{"type":"Polygon","coordinates":[[[102.66878,4.35828],[102.6679,4.3562],[102.66702,4.35412],[102.66614,4.35204],[102.66526,4.34996],[102.66438,4.34788],[102.6635,4.3458],[102.66262,4.34372],[102.66261,4.34306],[102.66256,4.3408],[102.66251,4.33854],[102.66246,4.33628],[102.66241,4.33402],[102.66236,4.33176],[102.66231,4.3295],[102.66226,4.32724],[102.66221,4.32498],[102.66216,4.32272],[102.66211,4.32046],[102.66206,4.3182],[102.66201,4.31594],[102.66196,4.31368],[102.66191,4.31142],[102.66186,4.30916],[102.66181,4.3069],[102.66176,4.30464],[102.66171,4.30238],[102.66167,4.30012],[102.66162,4.29786],[102.66157,4.2956],[102.66152,4.29334],[102.66147,4.29108],[102.66142,4.28882],[102.66137,4.28656],[102.66132,4.2843],[102.66127,4.28204],[102.66122,4.27978],[102.66117,4.27752],[102.66244,4.27733],[102.66466,4.27699],[102.66689,4.27666],[102.66912,4.27633],[102.67135,4.27599],[102.67356,4.27543],[102.67579,4.2751],[102.67801,4.27476],[102.67979,4.2745],[102.67965,4.27296],[102.67947,4.27116],[102.6793,4.26936],[102.67913,4.26756],[102.67896,4.26576],[102.67879,4.26396],[102.67861,4.26216],[102.67844,4.26036],[102.67827,4.25856],[102.67726,4.25873],[102.67549,4.25904],[102.67371,4.25935],[102.67193,4.25965],[102.67016,4.25996],[102.66838,4.26027],[102.66607,4.26052],[102.66483,4.26088],[102.66306,4.26119],[102.66128,4.26149],[102.65951,4.2618],[102.65773,4.26211],[102.65757,4.2608],[102.65735,4.25901],[102.65713,4.25721],[102.65691,4.25542],[102.65938,4.25365],[102.65978,4.25338],[102.6603,4.25341],[102.66218,4.25451],[102.66249,4.25454],[102.66447,4.25671],[102.66607,4.25577],[102.66611,4.25401],[102.66626,4.25197],[102.67053,4.24999],[102.67091,4.25001],[102.67354,4.25175],[102.67355,4.25301],[102.67627,4.25304],[102.67961,4.25494],[102.68003,4.25508],[102.68294,4.25539],[102.68574,4.25725],[102.68738,4.25831],[102.68829,4.25873],[102.68916,4.25898],[102.69061,4.25884],[102.69188,4.25883],[102.693,4.25944],[102.70107,4.26362],[102.70587,4.2634],[102.70793,4.2623],[102.70874,4.26232],[102.70968,4.26263],[102.71017,4.26267],[102.71107,4.26229],[102.7125,4.26048],[102.71309,4.25961],[102.71435,4.25859],[102.716,4.25721],[102.7175,4.25276],[102.72002,4.24995],[102.7206,4.24945],[102.72092,4.24527],[102.72174,4.24339],[102.72269,4.24146],[102.7245,4.24037],[102.72499,4.24008],[102.72812,4.2367],[102.73288,4.23646],[102.73629,4.23804],[102.73836,4.23902],[102.73881,4.23917],[102.74063,4.23916],[102.74217,4.23862],[102.74326,4.23864],[102.74388,4.2394],[102.74423,4.24114],[102.7446,4.24241],[102.74499,4.24274],[102.74541,4.24295],[102.74652,4.24279],[102.7475,4.24285],[102.74924,4.244],[102.75119,4.2451],[102.75334,4.24518],[102.7539,4.24551],[102.7544,4.24592],[102.75453,4.24851],[102.75454,4.2514],[102.75646,4.25476],[102.75774,4.25784],[102.75878,4.25947],[102.76005,4.26124],[102.76149,4.2608],[102.76263,4.26028],[102.76373,4.25948],[102.76531,4.25979],[102.76598,4.26004],[102.76738,4.26003],[102.77137,4.25891],[102.77518,4.25975],[102.77532,4.26048],[102.77542,4.26243],[102.7786,4.26602],[102.78189,4.26993],[102.78459,4.27366],[102.78874,4.27885],[102.78915,4.27918],[102.79073,4.27968],[102.79133,4.28013],[102.79558,4.28555],[102.79665,4.28656],[102.79832,4.28779],[102.7988,4.28799],[102.79996,4.2879],[102.80107,4.28806],[102.80201,4.28846],[102.80568,4.29107],[102.80789,4.29144],[102.80935,4.29153],[102.81184,4.2921],[102.81396,4.29262],[102.81435,4.29262],[102.81461,4.28995],[102.81391,4.2874],[102.81658,4.2859],[102.81767,4.28506],[102.81942,4.28523],[102.82257,4.28575],[102.82446,4.28626],[102.82672,4.28685],[102.82938,4.28684],[102.83035,4.28513],[102.8312,4.28396],[102.83239,4.28295],[102.83462,4.28155],[102.83648,4.28038],[102.8356,4.27728],[102.83563,4.27596],[102.83399,4.27212],[102.83506,4.27147],[102.83701,4.27049],[102.83849,4.26949],[102.84158,4.26589],[102.84438,4.26298],[102.84695,4.26089],[102.85194,4.25703],[102.85708,4.25475],[102.86272,4.25096],[102.86455,4.25089],[102.86622,4.25059],[102.87041,4.24788],[102.87187,4.24794],[102.87296,4.24904],[102.87472,4.25034],[102.87669,4.25171],[102.87874,4.25299],[102.8816,4.25552],[102.88381,4.25738],[102.88762,4.26006],[102.8888,4.2596],[102.89123,4.25784],[102.89287,4.25664],[102.89428,4.25673],[102.89815,4.25695],[102.90152,4.25965],[102.90196,4.25971],[102.90297,4.25988],[102.90684,4.25941],[102.90703,4.2595],[102.91022,4.26113],[102.91336,4.26186],[102.92012,4.26066],[102.92157,4.26067],[102.92276,4.2653],[102.92471,4.2675],[102.92638,4.26848],[102.92857,4.27312],[102.93002,4.27628],[102.93097,4.27657],[102.93248,4.27701],[102.93263,4.27707],[102.9325,4.27735],[102.93248,4.27754],[102.93246,4.2777],[102.93257,4.27821],[102.93307,4.27896],[102.93316,4.2791],[102.9335,4.27948],[102.93455,4.28061],[102.93484,4.28099],[102.93501,4.28143],[102.93512,4.28185],[102.93539,4.28216],[102.93611,4.28299],[102.93634,4.28356],[102.93667,4.28459],[102.93682,4.2849],[102.93699,4.28513],[102.93752,4.28578],[102.93754,4.2858],[102.93796,4.28617],[102.9383,4.28645],[102.9392,4.28703],[102.93979,4.28749],[102.94084,4.28841],[102.94114,4.28852],[102.9416,4.28856],[102.94196,4.28837],[102.94301,4.28774],[102.94393,4.28742],[102.9453,4.28617],[102.94567,4.28583],[102.94593,4.28566],[102.94664,4.28504],[102.94702,4.28503],[102.94788,4.28503],[102.94958,4.28482],[102.94982,4.28474],[102.95024,4.28459],[102.95061,4.28465],[102.95105,4.28499],[102.95146,4.28524],[102.95223,4.28562],[102.95265,4.28595],[102.95345,4.28674],[102.95347,4.28675],[102.95415,4.28756],[102.95417,4.28758],[102.95495,4.28827],[102.95499,4.28829],[102.95539,4.28882],[102.95562,4.28923],[102.95579,4.28984],[102.95609,4.29066],[102.9567,4.29208],[102.95687,4.29262],[102.95743,4.29331],[102.95783,4.294],[102.95813,4.29486],[102.95832,4.29633],[102.95822,4.297],[102.95815,4.29744],[102.95818,4.29805],[102.95832,4.29853],[102.95912,4.29997],[102.9594,4.30066],[102.9595,4.30162],[102.9594,4.30342],[102.95915,4.30403],[102.95909,4.30462],[102.95915,4.30527],[102.95934,4.30834],[102.95936,4.30866],[102.95981,4.31027],[102.96019,4.31201],[102.96044,4.31307],[102.96099,4.31686],[102.96129,4.31753],[102.96147,4.31793],[102.96152,4.31877],[102.96156,4.31969],[102.96171,4.3199],[102.96173,4.31992],[102.96306,4.32111],[102.96421,4.32207],[102.96423,4.32209],[102.96522,4.3232],[102.96522,4.32322],[102.96529,4.3233],[102.9655,4.32349],[102.96552,4.32351],[102.9656,4.32358],[102.96661,4.32473],[102.96745,4.32554],[102.96748,4.32558],[102.96768,4.32588],[102.96769,4.32592],[102.96777,4.32607],[102.96836,4.32715],[102.96857,4.32755],[102.96865,4.32791],[102.96889,4.32831],[102.96927,4.32866],[102.96935,4.32872],[102.96943,4.32876],[102.97067,4.32962],[102.97124,4.32994],[102.97128,4.32996],[102.97234,4.33056],[102.97339,4.33067],[102.97404,4.3309],[102.97446,4.33115],[102.97532,4.33169],[102.97538,4.33173],[102.97541,4.33177],[102.9761,4.33232],[102.97707,4.33284],[102.97707,4.33286],[102.97734,4.33319],[102.97749,4.33347],[102.97757,4.33399],[102.97758,4.33443],[102.9776,4.3346],[102.97772,4.33485],[102.97772,4.33487],[102.97818,4.33525],[102.97901,4.33583],[102.98002,4.33591],[102.98065,4.33595],[102.98132,4.33623],[102.98176,4.33656],[102.98191,4.33673],[102.98195,4.33677],[102.98231,4.33696],[102.98256,4.33696],[102.98285,4.33696],[102.98342,4.33677],[102.98416,4.33639],[102.98451,4.33624],[102.98483,4.33591],[102.98516,4.33557],[102.98569,4.33501],[102.98624,4.33442],[102.9867,4.33423],[102.98727,4.33423],[102.98762,4.33429],[102.98899,4.335],[102.98956,4.33553],[102.98996,4.33519],[102.99038,4.33519],[102.99105,4.33523],[102.99181,4.3353],[102.99269,4.33538],[102.99299,4.3354],[102.99301,4.33529],[102.99301,4.33525],[102.99303,4.3351],[102.99301,4.33485],[102.99309,4.3345],[102.99336,4.33395],[102.99405,4.33349],[102.99475,4.33316],[102.99521,4.33284],[102.99588,4.33249],[102.99675,4.33204],[102.99735,4.33181],[102.99796,4.3315],[102.99864,4.33118],[102.9992,4.33102],[102.99967,4.33116],[103.00013,4.33144],[103.0004,4.33171],[103.00042,4.33171],[103.00091,4.33181],[103.00156,4.33166],[103.00219,4.33131],[103.00267,4.33093],[103.00316,4.33047],[103.00366,4.33022],[103.00423,4.33015],[103.00475,4.3302],[103.00551,4.33055],[103.00589,4.33059],[103.00635,4.33059],[103.00673,4.33057],[103.0074,4.3304],[103.00791,4.33017],[103.00856,4.32994],[103.00908,4.32983],[103.00967,4.32983],[103.00999,4.32988],[103.01026,4.33008],[103.01053,4.3304],[103.01081,4.3308],[103.01108,4.33126],[103.01123,4.33157],[103.01142,4.33199],[103.01157,4.33232],[103.01192,4.33268],[103.01224,4.33287],[103.0127,4.33303],[103.01319,4.33306],[103.01358,4.33299],[103.01428,4.33284],[103.01464,4.33295],[103.01504,4.33314],[103.01543,4.33326],[103.0159,4.33345],[103.0164,4.33358],[103.01678,4.33378],[103.01678,4.33381],[103.01678,4.33387],[103.0168,4.33418],[103.01678,4.33462],[103.01678,4.33504],[103.01678,4.33552],[103.01683,4.33602],[103.01697,4.33636],[103.01701,4.33686],[103.01685,4.33739],[103.0167,4.3377],[103.01634,4.33808],[103.01599,4.33847],[103.01559,4.33887],[103.01523,4.33929],[103.01498,4.33961],[103.01469,4.33998],[103.01426,4.34019],[103.01374,4.34024],[103.01323,4.34026],[103.0126,4.34028],[103.01197,4.34026],[103.01162,4.34028],[103.01117,4.34036],[103.01078,4.34051],[103.01071,4.34076],[103.01071,4.34095],[103.0105,4.34177],[103.01034,4.342],[103.01029,4.3421],[103.01025,4.34216],[103.00979,4.34286],[103.00935,4.34321],[103.00903,4.34348],[103.00884,4.34355],[103.00838,4.34355],[103.00784,4.34349],[103.00765,4.34361],[103.00748,4.34388],[103.00735,4.34457],[103.00767,4.34661],[103.00771,4.34943],[103.00778,4.34975],[103.0078,4.34983],[103.00782,4.34991],[103.00784,4.34998],[103.00786,4.35002],[103.00793,4.35033],[103.00795,4.35041],[103.00818,4.35094],[103.00862,4.35155],[103.00877,4.35177],[103.00902,4.35232],[103.00911,4.35307],[103.00902,4.3538],[103.00904,4.35441],[103.00928,4.35502],[103.00942,4.35542],[103.00947,4.35632],[103.00944,4.35671],[103.0089,4.35697],[103.00846,4.35732],[103.00827,4.35764],[103.00758,4.35858],[103.00747,4.35889],[103.00739,4.35982],[103.00758,4.36036],[103.00766,4.36049],[103.00829,4.36178],[103.00855,4.36237],[103.00865,4.36256],[103.00876,4.36308],[103.00872,4.36339],[103.00851,4.36364],[103.00781,4.36453],[103.00765,4.36478],[103.00762,4.36572],[103.00754,4.36599],[103.00714,4.36635],[103.00679,4.3667],[103.00657,4.36721],[103.00655,4.3676],[103.00681,4.36808],[103.00695,4.36832],[103.00706,4.36882],[103.00715,4.36919],[103.00748,4.36972],[103.00765,4.37035],[103.00761,4.37066],[103.00757,4.37114],[103.00795,4.37221],[103.00814,4.37332],[103.0082,4.37355],[103.00707,4.3746],[103.00667,4.37497],[103.00644,4.37516],[103.00606,4.37577],[103.00599,4.37625],[103.00602,4.37642],[103.00614,4.37692],[103.00678,4.37807],[103.0069,4.37828],[103.00711,4.37866],[103.00741,4.37981],[103.00789,4.38146],[103.00812,4.38178],[103.00814,4.3818],[103.00871,4.38224],[103.00909,4.38269],[103.00911,4.38269],[103.0092,4.3828],[103.00936,4.38293],[103.00937,4.38295],[103.00964,4.38324],[103.00977,4.38353],[103.01065,4.38496],[103.01067,4.38498],[103.01141,4.38552],[103.01204,4.38596],[103.01282,4.38625],[103.01322,4.38659],[103.01366,4.38679],[103.01404,4.38667],[103.01462,4.38614],[103.01507,4.38596],[103.01557,4.38591],[103.01624,4.38614],[103.01727,4.38669],[103.01813,4.38733],[103.01814,4.38735],[103.01847,4.38771],[103.01868,4.38817],[103.01923,4.38936],[103.01936,4.39114],[103.01948,4.3914],[103.01948,4.39142],[103.01986,4.39171],[103.02064,4.39248],[103.02117,4.39324],[103.02119,4.39326],[103.02121,4.39328],[103.02146,4.39349],[103.02256,4.39363],[103.02357,4.39386],[103.02428,4.39411],[103.02466,4.39443],[103.02468,4.39445],[103.02559,4.39572],[103.02636,4.39712],[103.02659,4.3974],[103.0266,4.39744],[103.02704,4.39763],[103.0276,4.39784],[103.02782,4.39817],[103.02792,4.39859],[103.02811,4.39951],[103.02813,4.40054],[103.02809,4.40102],[103.02801,4.40133],[103.02801,4.40137],[103.02782,4.40164],[103.02757,4.40183],[103.02744,4.40192],[103.0271,4.40219],[103.02704,4.40234],[103.02713,4.40255],[103.02772,4.40309],[103.0283,4.40363],[103.02833,4.40367],[103.02856,4.40405],[103.02866,4.40418],[103.02885,4.40478],[103.02894,4.40527],[103.02887,4.40571],[103.02852,4.40619],[103.02808,4.40644],[103.02789,4.40657],[103.02778,4.40688],[103.02778,4.40793],[103.02778,4.40799],[103.02774,4.40851],[103.02772,4.40855],[103.02751,4.40858],[103.02701,4.40862],[103.02648,4.40851],[103.02574,4.40835],[103.02501,4.40841],[103.02436,4.4086],[103.02371,4.40877],[103.02328,4.40893],[103.0231,4.40887],[103.02301,4.40877],[103.02225,4.40799],[103.022,4.40774],[103.02085,4.40703],[103.02076,4.40699],[103.02034,4.40687],[103.02007,4.40689],[103.01977,4.40722],[103.01946,4.40743],[103.01887,4.40779],[103.01795,4.40877],[103.01757,4.40917],[103.01685,4.40982],[103.01668,4.40993],[103.01643,4.41007],[103.01574,4.41028],[103.01536,4.41034],[103.01486,4.41037],[103.01458,4.41051],[103.01416,4.41116],[103.01385,4.4119],[103.01341,4.41255],[103.0129,4.41292],[103.01253,4.41319],[103.01209,4.41397],[103.01158,4.4147],[103.01087,4.41564],[103.01068,4.41621],[103.01066,4.41669],[103.01068,4.41715],[103.01066,4.4178],[103.01068,4.41837],[103.01077,4.4191],[103.01083,4.41985],[103.01091,4.42056],[103.01106,4.42123],[103.01106,4.42176],[103.01087,4.42224],[103.01064,4.4227],[103.0105,4.42301],[103.01069,4.42329],[103.01071,4.42333],[103.01123,4.42352],[103.01157,4.42373],[103.01157,4.42375],[103.01193,4.42414],[103.01231,4.42458],[103.01249,4.42509],[103.01237,4.42573],[103.01231,4.42632],[103.01233,4.42678],[103.01218,4.4273],[103.01195,4.42787],[103.01193,4.42819],[103.0121,4.42867],[103.01225,4.42954],[103.01235,4.43022],[103.01235,4.43032],[103.0125,4.43128],[103.01244,4.43178],[103.01265,4.43246],[103.0129,4.43296],[103.01316,4.43333],[103.01326,4.43367],[103.0132,4.43402],[103.01318,4.43459],[103.01307,4.43505],[103.01272,4.43537],[103.0123,4.43562],[103.01187,4.43589],[103.01143,4.43625],[103.01091,4.43671],[103.01068,4.43702],[103.01057,4.43717],[103.01017,4.43784],[103.00998,4.43828],[103.00975,4.43903],[103.00967,4.43968],[103.0094,4.4401],[103.00915,4.44035],[103.00898,4.44054],[103.00873,4.44108],[103.00843,4.44159],[103.00818,4.44201],[103.00785,4.44257],[103.00778,4.44282],[103.00762,4.44322],[103.00761,4.44368],[103.00747,4.44402],[103.00707,4.44423],[103.00575,4.44462],[103.00499,4.44494],[103.00453,4.44519],[103.0044,4.44559],[103.00444,4.44659],[103.00442,4.44714],[103.00423,4.44766],[103.00363,4.44798],[103.00361,4.44852],[103.00356,4.44892],[103.00354,4.44915],[103.00321,4.44974],[103.00254,4.45024],[103.00214,4.45055],[103.00178,4.45106],[103.00144,4.45127],[103.00094,4.45135],[102.99982,4.4512],[102.99812,4.45098],[102.99745,4.45081],[102.99707,4.45058],[102.99705,4.45054],[102.99703,4.45054],[102.99696,4.45047],[102.99694,4.45043],[102.99677,4.45026],[102.99631,4.4501],[102.99587,4.45052],[102.99533,4.45123],[102.99489,4.45165],[102.99484,4.45171],[102.99426,4.452],[102.9936,4.45203],[102.99302,4.45215],[102.99251,4.45238],[102.99247,4.45238],[102.99198,4.45263],[102.99142,4.45276],[102.99087,4.45291],[102.99068,4.45314],[102.9907,4.45322],[102.99073,4.4536],[102.99073,4.45387],[102.99073,4.454],[102.99054,4.45444],[102.99012,4.45506],[102.98984,4.45555],[102.98968,4.45595],[102.98963,4.45678],[102.98955,4.4576],[102.9892,4.45806],[102.9888,4.45879],[102.98877,4.45896],[102.98867,4.45944],[102.98895,4.4603],[102.98922,4.46084],[102.98922,4.46086],[102.98932,4.46093],[102.98941,4.46101],[102.98943,4.46101],[102.98943,4.46103],[102.98945,4.46105],[102.98955,4.46128],[102.98974,4.46195],[102.98991,4.4629],[102.98981,4.46359],[102.98958,4.46417],[102.98945,4.46447],[102.98893,4.4644],[102.98811,4.46434],[102.98722,4.46434],[102.98681,4.46453],[102.98662,4.46503],[102.98628,4.46572],[102.98597,4.46656],[102.98574,4.46675],[102.98548,4.467],[102.98452,4.46717],[102.98395,4.46744],[102.98385,4.4682],[102.98347,4.46929],[102.98303,4.46987],[102.98233,4.47017],[102.98189,4.47027],[102.98158,4.47031],[102.98082,4.47052],[102.98006,4.47122],[102.97952,4.47241],[102.97921,4.47346],[102.9791,4.47415],[102.97933,4.47492],[102.97982,4.4757],[102.97977,4.47584],[102.97957,4.47624],[102.97936,4.47641],[102.97921,4.47655],[102.97919,4.47656],[102.97898,4.47681],[102.9787,4.47744],[102.97824,4.47792],[102.97763,4.47855],[102.97713,4.47897],[102.97677,4.4793],[102.97597,4.48003],[102.97507,4.48085],[102.97463,4.48127],[102.97379,4.48161],[102.97266,4.48186],[102.97175,4.48173],[102.97171,4.48171],[102.97114,4.48111],[102.9707,4.48044],[102.97064,4.47995],[102.97108,4.47947],[102.97122,4.47874],[102.97087,4.47792],[102.97038,4.47734],[102.96975,4.47656],[102.96975,4.47617],[102.96981,4.47525],[102.96933,4.4746],[102.9692,4.47441],[102.96918,4.47441],[102.96821,4.47397],[102.96682,4.47309],[102.96533,4.47184],[102.96398,4.47115],[102.96331,4.47171],[102.96243,4.47232],[102.96176,4.47264],[102.96096,4.47276],[102.95983,4.47287],[102.9589,4.473],[102.95886,4.47297],[102.95839,4.47243],[102.95799,4.47172],[102.95762,4.47065],[102.95709,4.47],[102.95707,4.47],[102.95705,4.46996],[102.95686,4.46986],[102.95682,4.46984],[102.95617,4.4695],[102.95606,4.46944],[102.95532,4.469],[102.95551,4.46827],[102.95633,4.46753],[102.95698,4.46672],[102.95683,4.46571],[102.95641,4.46483],[102.95601,4.46398],[102.95557,4.46301],[102.95565,4.46239],[102.95628,4.46196],[102.95675,4.4614],[102.9567,4.46063],[102.95693,4.45977],[102.95744,4.4591],[102.95806,4.45776],[102.95819,4.45686],[102.95817,4.45685],[102.95815,4.45685],[102.95752,4.45637],[102.95741,4.45627],[102.95697,4.45581],[102.95544,4.45478],[102.95543,4.45476],[102.95421,4.45322],[102.95367,4.45261],[102.95308,4.45167],[102.95306,4.45167],[102.95232,4.45169],[102.95226,4.45167],[102.95146,4.4514],[102.9507,4.45136],[102.94974,4.45144],[102.94959,4.45142],[102.94917,4.45138],[102.94854,4.45132],[102.94751,4.45121],[102.94696,4.45086],[102.94643,4.45084],[102.94591,4.45096],[102.94562,4.45109],[102.94534,4.45147],[102.94528,4.45153],[102.94518,4.45166],[102.94497,4.45197],[102.94494,4.45203],[102.94488,4.4521],[102.94467,4.45243],[102.94448,4.45272],[102.94433,4.45327],[102.94452,4.45367],[102.94453,4.45367],[102.94473,4.45383],[102.94532,4.45425],[102.94534,4.45427],[102.94537,4.45438],[102.94551,4.45477],[102.94346,4.45607],[102.94062,4.45802],[102.93802,4.46],[102.93755,4.46037],[102.93716,4.4609],[102.93709,4.46165],[102.93688,4.4624],[102.93676,4.46282],[102.93651,4.46305],[102.93606,4.46337],[102.93583,4.46389],[102.93577,4.4645],[102.93569,4.46485],[102.93525,4.46506],[102.93483,4.4653],[102.9343,4.46563],[102.93384,4.46613],[102.93371,4.46659],[102.93355,4.46695],[102.93315,4.46735],[102.93277,4.46781],[102.93233,4.46823],[102.93168,4.46835],[102.93107,4.46815],[102.93079,4.4679],[102.93035,4.46785],[102.92964,4.46813],[102.92886,4.46813],[102.92827,4.46792],[102.92754,4.4679],[102.92667,4.46819],[102.92579,4.4683],[102.92512,4.46815],[102.92457,4.46784],[102.924,4.4675],[102.92392,4.46746],[102.92312,4.46732],[102.9223,4.4674],[102.92186,4.46742],[102.9211,4.46757],[102.92081,4.46761],[102.91988,4.46749],[102.91932,4.46709],[102.91927,4.46648],[102.91923,4.46646],[102.91868,4.46594],[102.91799,4.46552],[102.91765,4.46531],[102.9173,4.465],[102.91685,4.46462],[102.9165,4.46429],[102.91622,4.46412],[102.91612,4.46421],[102.91614,4.46483],[102.91633,4.4655],[102.91621,4.46609],[102.91595,4.46649],[102.91574,4.46709],[102.91566,4.46774],[102.91524,4.4681],[102.91448,4.4681],[102.91354,4.46791],[102.91303,4.46817],[102.91213,4.46865],[102.9112,4.46842],[102.91053,4.468],[102.91009,4.46794],[102.91005,4.46794],[102.90952,4.46819],[102.90866,4.46844],[102.90771,4.46827],[102.90687,4.46811],[102.9058,4.468],[102.90494,4.46809],[102.90471,4.46811],[102.90446,4.46813],[102.904,4.46809],[102.90353,4.46824],[102.90309,4.46841],[102.90273,4.46836],[102.90271,4.46832],[102.90225,4.46778],[102.9021,4.46724],[102.90196,4.46679],[102.90187,4.46652],[102.9017,4.46633],[102.90137,4.46654],[102.90101,4.46678],[102.90051,4.46711],[102.89952,4.46763],[102.89891,4.46793],[102.89733,4.46877],[102.89572,4.46892],[102.8951,4.46904],[102.89508,4.46908],[102.89466,4.46955],[102.89391,4.47003],[102.89311,4.47001],[102.89284,4.46999],[102.89193,4.46988],[102.89099,4.46932],[102.89097,4.46928],[102.89096,4.46928],[102.89033,4.46855],[102.89019,4.46832],[102.88985,4.46775],[102.88937,4.46723],[102.88861,4.46717],[102.88762,4.46725],[102.88705,4.46719],[102.88668,4.46713],[102.88575,4.46677],[102.88573,4.46677],[102.88522,4.46625],[102.8852,4.46625],[102.88474,4.46573],[102.88472,4.46573],[102.88398,4.46545],[102.88321,4.46518],[102.88247,4.46455],[102.88243,4.46453],[102.88179,4.46397],[102.88159,4.46395],[102.88091,4.46389],[102.88045,4.46458],[102.88024,4.46506],[102.87869,4.46676],[102.87846,4.46701],[102.87822,4.46722],[102.87776,4.4676],[102.87602,4.46908],[102.8756,4.46986],[102.87579,4.47149],[102.87604,4.47241],[102.87609,4.47262],[102.87643,4.47359],[102.87653,4.4739],[102.87662,4.47419],[102.87672,4.47509],[102.87687,4.47647],[102.87706,4.47687],[102.87727,4.47737],[102.87748,4.47813],[102.87759,4.47882],[102.87759,4.47919],[102.87763,4.47966],[102.87776,4.48016],[102.87809,4.48114],[102.87826,4.48189],[102.87822,4.48236],[102.87789,4.48271],[102.87738,4.483],[102.87684,4.48328],[102.87612,4.48345],[102.87585,4.48347],[102.87518,4.48359],[102.8745,4.48389],[102.87385,4.48408],[102.87333,4.48418],[102.87314,4.48427],[102.87307,4.48452],[102.87305,4.48496],[102.87293,4.48533],[102.87257,4.48567],[102.87209,4.48592],[102.87161,4.48623],[102.87104,4.48647],[102.87045,4.48688],[102.87005,4.48722],[102.86953,4.4873],[102.8689,4.48726],[102.86826,4.48712],[102.86766,4.48718],[102.86696,4.48737],[102.8665,4.48754],[102.86604,4.48789],[102.86581,4.48834],[102.86578,4.48844],[102.86551,4.48892],[102.86524,4.48936],[102.86482,4.48949],[102.86419,4.48986],[102.86385,4.49035],[102.86346,4.49102],[102.86306,4.4916],[102.86262,4.4923],[102.86196,4.49257],[102.8615,4.49276],[102.861,4.49299],[102.86066,4.49332],[102.86031,4.49376],[102.85989,4.49418],[102.85951,4.49437],[102.85921,4.49466],[102.85886,4.49502],[102.85844,4.49527],[102.85795,4.49532],[102.85758,4.49532],[102.8573,4.49513],[102.85726,4.49511],[102.85701,4.49483],[102.85667,4.49437],[102.85629,4.49385],[102.85577,4.49318],[102.85549,4.49308],[102.85526,4.49323],[102.85425,4.49388],[102.85371,4.49377],[102.85318,4.49383],[102.85305,4.49394],[102.85314,4.49547],[102.85333,4.49626],[102.85337,4.49685],[102.85321,4.49716],[102.85314,4.49731],[102.85256,4.49777],[102.85127,4.49813],[102.85028,4.49811],[102.84999,4.49813],[102.84963,4.49817],[102.84942,4.4983],[102.84903,4.49884],[102.849,4.49947],[102.84896,4.50004],[102.8489,4.50041],[102.84894,4.50087],[102.84892,4.5011],[102.8485,4.50171],[102.84802,4.50269],[102.848,4.50337],[102.84806,4.50357],[102.8483,4.50382],[102.84874,4.50429],[102.84891,4.50496],[102.84884,4.50552],[102.84891,4.50652],[102.84901,4.50678],[102.84908,4.50703],[102.84908,4.50707],[102.84906,4.50732],[102.84874,4.50757],[102.84832,4.50797],[102.84805,4.50822],[102.84788,4.50845],[102.84784,4.50879],[102.84792,4.50916],[102.84853,4.51006],[102.84887,4.51067],[102.84889,4.51138],[102.84889,4.51222],[102.84904,4.51366],[102.84925,4.51427],[102.84969,4.51517],[102.85005,4.51605],[102.85014,4.51659],[102.85012,4.51781],[102.85008,4.51906],[102.85,4.51959],[102.84905,4.51982],[102.84833,4.52017],[102.84813,4.52034],[102.848,4.52047],[102.84804,4.52066],[102.84827,4.52097],[102.84838,4.52126],[102.84827,4.52185],[102.84828,4.52258],[102.84838,4.52286],[102.84888,4.52348],[102.84891,4.52373],[102.8488,4.52392],[102.84807,4.52432],[102.84731,4.52478],[102.84691,4.52493],[102.84674,4.52499],[102.84607,4.52545],[102.84555,4.52598],[102.84509,4.52688],[102.84466,4.52751],[102.84448,4.52795],[102.84441,4.5287],[102.84429,4.5291],[102.8437,4.52991],[102.84343,4.53033],[102.84326,4.53061],[102.84322,4.53067],[102.84257,4.53117],[102.84232,4.53144],[102.84198,4.5322],[102.84185,4.53239],[102.84072,4.53298],[102.84039,4.53319],[102.84011,4.5336],[102.84003,4.53419],[102.84005,4.53467],[102.84035,4.53511],[102.84051,4.53547],[102.84053,4.53584],[102.84064,4.53651],[102.8406,4.53685],[102.84033,4.53767],[102.8401,4.53802],[102.83987,4.53842],[102.83972,4.53869],[102.83991,4.53903],[102.83991,4.53942],[102.84006,4.53995],[102.84025,4.54037],[102.84056,4.54118],[102.84084,4.54171],[102.84105,4.54242],[102.84111,4.54294],[102.84126,4.54344],[102.8413,4.54426],[102.84139,4.5447],[102.8413,4.54537],[102.84126,4.54575],[102.84141,4.54692],[102.84166,4.5478],[102.84183,4.54842],[102.84198,4.54874],[102.84221,4.54957],[102.84227,4.55018],[102.84278,4.55271],[102.84289,4.55378],[102.84291,4.55397],[102.84291,4.55403],[102.84297,4.55439],[102.84287,4.55464],[102.84272,4.55481],[102.84217,4.55542],[102.8418,4.55583],[102.84176,4.55588],[102.84111,4.55663],[102.84106,4.55678],[102.84117,4.55703],[102.84121,4.55713],[102.84157,4.55793],[102.84172,4.55841],[102.84178,4.55854],[102.84188,4.55874],[102.84189,4.55879],[102.84191,4.55937],[102.8417,4.55967],[102.84155,4.56021],[102.84138,4.56024],[102.84127,4.56035],[102.84097,4.56028],[102.84003,4.56008],[102.83851,4.55968],[102.83703,4.5596],[102.83571,4.56031],[102.83423,4.56089],[102.83265,4.56149],[102.83118,4.56115],[102.82985,4.56091],[102.8282,4.56099],[102.8273,4.56239],[102.82602,4.56346],[102.82448,4.56324],[102.82322,4.56248],[102.82283,4.56226],[102.82242,4.56193],[102.82143,4.56178],[102.82054,4.56134],[102.8197,4.56117],[102.81826,4.56016],[102.817,4.55893],[102.8156,4.55853],[102.81405,4.5584],[102.81257,4.55739],[102.81155,4.55859],[102.81,4.55938],[102.80951,4.56],[102.80834,4.56027],[102.80686,4.55936],[102.80543,4.55901],[102.80383,4.55867],[102.8026,4.55788],[102.80163,4.55804],[102.80068,4.55794],[102.7999,4.55821],[102.79961,4.55865],[102.79774,4.5589],[102.79609,4.55944],[102.79484,4.55852],[102.79464,4.55772],[102.79398,4.55688],[102.7934,4.55518],[102.79248,4.55372],[102.79183,4.55304],[102.79108,4.55253],[102.78932,4.5527],[102.78837,4.55279],[102.78746,4.55291],[102.78576,4.55283],[102.78482,4.55155],[102.7834,4.55075],[102.78213,4.54968],[102.7814,4.54939],[102.78019,4.54948],[102.77877,4.54987],[102.77858,4.5488],[102.77799,4.5488],[102.77764,4.54818],[102.77729,4.54772],[102.77785,4.54601],[102.77785,4.54521],[102.77767,4.54345],[102.77698,4.54266],[102.77666,4.54177],[102.77598,4.54055],[102.77537,4.53889],[102.77398,4.53776],[102.77303,4.53629],[102.77355,4.53456],[102.77318,4.534],[102.77276,4.5323],[102.77305,4.53058],[102.7724,4.52991],[102.77171,4.52994],[102.77121,4.52964],[102.77098,4.52949],[102.76991,4.52817],[102.76935,4.52682],[102.76898,4.52657],[102.76824,4.52533],[102.76703,4.52402],[102.76724,4.52376],[102.76829,4.52236],[102.76944,4.52097],[102.76832,4.52034],[102.76826,4.5198],[102.76691,4.5192],[102.76542,4.51858],[102.76447,4.51828],[102.76318,4.51799],[102.76143,4.51787],[102.75988,4.51825],[102.75893,4.51887],[102.75763,4.51939],[102.75588,4.51982],[102.75452,4.52064],[102.75398,4.52045],[102.75348,4.52061],[102.75204,4.52104],[102.75054,4.52171],[102.74934,4.52274],[102.74943,4.52339],[102.74786,4.52372],[102.74708,4.52495],[102.74655,4.52458],[102.74514,4.52466],[102.74423,4.52622],[102.74345,4.52754],[102.74296,4.52903],[102.74194,4.52923],[102.74096,4.5301],[102.74098,4.53057],[102.74095,4.53109],[102.74027,4.53049],[102.73931,4.53073],[102.73925,4.53162],[102.73877,4.5318],[102.73835,4.53111],[102.73756,4.5311],[102.73719,4.53147],[102.73767,4.532],[102.73713,4.53271],[102.73668,4.53261],[102.73633,4.53299],[102.73481,4.53378],[102.73463,4.53457],[102.73376,4.53444],[102.73319,4.53482],[102.73251,4.53496],[102.73128,4.53432],[102.73014,4.53393],[102.72917,4.53425],[102.72758,4.53343],[102.72648,4.53402],[102.7262,4.5345],[102.72462,4.53405],[102.72364,4.53341],[102.72257,4.53247],[102.72117,4.53143],[102.7213,4.53087],[102.72193,4.53092],[102.72281,4.53044],[102.7239,4.52932],[102.72483,4.52785],[102.72472,4.52673],[102.724,4.52634],[102.72231,4.52651],[102.72188,4.5267],[102.72141,4.52656],[102.72136,4.52545],[102.72141,4.52373],[102.72075,4.52232],[102.71938,4.52137],[102.71799,4.52031],[102.71675,4.51941],[102.71697,4.51862],[102.71738,4.51718],[102.71637,4.51601],[102.7161,4.51478],[102.7165,4.51362],[102.71679,4.51211],[102.71616,4.51164],[102.71484,4.51109],[102.71435,4.51027],[102.71432,4.5094],[102.71458,4.50806],[102.71419,4.50764],[102.71264,4.5072],[102.71223,4.50667],[102.71176,4.50669],[102.71049,4.50564],[102.70989,4.50456],[102.71106,4.50346],[102.71162,4.50243],[102.71144,4.50172],[102.71018,4.50086],[102.70884,4.50108],[102.70726,4.50127],[102.70636,4.50102],[102.70642,4.50054],[102.70697,4.49902],[102.70688,4.49819],[102.7067,4.49735],[102.70641,4.49573],[102.70593,4.49403],[102.705,4.49341],[102.70427,4.49309],[102.7044,4.49208],[102.7045,4.49016],[102.70468,4.4879],[102.70485,4.48565],[102.70493,4.48322],[102.70516,4.48114],[102.7044,4.48043],[102.70279,4.47864],[102.70143,4.47695],[102.69993,4.47527],[102.69966,4.47497],[102.69843,4.47358],[102.69693,4.4719],[102.69543,4.47021],[102.69393,4.46852],[102.69402,4.46793],[102.6944,4.4657],[102.69477,4.46347],[102.69514,4.46117],[102.69562,4.45904],[102.69565,4.45889],[102.69577,4.45676],[102.69625,4.45455],[102.69662,4.45232],[102.69699,4.45009],[102.69774,4.44796],[102.69811,4.44573],[102.69848,4.4435],[102.69985,4.44413],[102.70189,4.44508],[102.70392,4.44601],[102.70596,4.44696],[102.70801,4.44791],[102.70811,4.4474],[102.70876,4.44523],[102.70922,4.44302],[102.70968,4.4408],[102.71014,4.43859],[102.71059,4.43638],[102.709,4.43618],[102.70676,4.43591],[102.70453,4.43563],[102.70229,4.43536],[102.70005,4.43508],[102.69782,4.43481],[102.69558,4.43453],[102.69335,4.43426],[102.69111,4.43398],[102.68887,4.43371],[102.68664,4.43343],[102.6844,4.43316],[102.68217,4.43288],[102.68194,4.43121],[102.68164,4.42899],[102.68164,4.42897],[102.68133,4.42673],[102.68103,4.42449],[102.68072,4.42225],[102.68271,4.42145],[102.6848,4.4206],[102.68689,4.41975],[102.68898,4.4189],[102.68846,4.41815],[102.68786,4.41745],[102.68727,4.41677],[102.68668,4.41608],[102.68608,4.41539],[102.68549,4.4147],[102.68489,4.41401],[102.6843,4.41333],[102.68371,4.41264],[102.68312,4.41196],[102.68253,4.41127],[102.68194,4.41059],[102.68263,4.41024],[102.68203,4.40956],[102.68143,4.40888],[102.68083,4.4082],[102.68023,4.40752],[102.67963,4.40684],[102.67902,4.40616],[102.67842,4.40548],[102.67829,4.40406],[102.67787,4.40372],[102.67754,4.40307],[102.67792,4.40212],[102.67789,4.40091],[102.67788,4.40091],[102.67696,4.40138],[102.67495,4.40239],[102.67294,4.40341],[102.67092,4.40443],[102.67077,4.40622],[102.67058,4.40847],[102.67038,4.41072],[102.67018,4.41297],[102.66999,4.41523],[102.66979,4.41748],[102.67032,4.41869],[102.6711,4.42081],[102.67112,4.42328],[102.66964,4.42549],[102.66778,4.42681],[102.66594,4.42812],[102.66411,4.42942],[102.66235,4.42775],[102.66203,4.42675],[102.66135,4.4246],[102.66014,4.42392],[102.65915,4.42234],[102.65738,4.42059],[102.65749,4.4181],[102.65833,4.41721],[102.6592,4.4163],[102.66034,4.4157],[102.6611,4.41355],[102.66153,4.41292],[102.66279,4.41105],[102.66287,4.41017],[102.66306,4.40792],[102.66326,4.40566],[102.66346,4.40341],[102.66365,4.40116],[102.66385,4.39891],[102.66243,4.39791],[102.66059,4.39662],[102.65874,4.39532],[102.65986,4.39463],[102.66179,4.39346],[102.66372,4.39229],[102.665,4.39193],[102.66718,4.39133],[102.66853,4.39137],[102.67078,4.39144],[102.67303,4.3915],[102.67528,4.39157],[102.67746,4.39075],[102.67957,4.38996],[102.68168,4.38917],[102.68379,4.38837],[102.6859,4.38758],[102.68801,4.38679],[102.68777,4.38618],[102.68694,4.38408],[102.6861,4.38198],[102.68527,4.37988],[102.68443,4.37778],[102.6836,4.37569],[102.68276,4.37359],[102.68193,4.37149],[102.68109,4.36939],[102.68029,4.36938],[102.67803,4.36942],[102.67578,4.36946],[102.67353,4.3695],[102.67319,4.36869],[102.67231,4.36661],[102.67142,4.36453],[102.67054,4.36245],[102.66966,4.36036],[102.66878,4.35828]]]},"properties":{"FID":0,"fid_1":1,"Name":"Taman Harimau Diraja Al-Sultan Abdullah","Phase":"Phase 1","Area_ha":93016.1725587,"Perimeter":184828.263447,"Name_EN":"Al-Sultan Abdullah Royal Tiger Reserve","source_layer":"ASARTR"}},{"type":"Feature","id":1,"geometry":{"type":"Polygon","coordinates":[[[102.65694,4.25539],[102.65672,4.25359],[102.6545,4.25298],[102.65189,4.25226],[102.64932,4.25385],[102.64772,4.2541],[102.64611,4.25436],[102.64554,4.25446],[102.64426,4.25706],[102.64353,4.25955],[102.64279,4.26144],[102.64189,4.2628],[102.64181,4.26289],[102.64179,4.26293],[102.64097,4.2633],[102.64025,4.26289],[102.63981,4.26264],[102.63914,4.26178],[102.63836,4.2605],[102.63804,4.26013],[102.63642,4.25825],[102.63579,4.25781],[102.63541,4.25561],[102.63477,4.25391],[102.63461,4.25373],[102.63404,4.2531],[102.63345,4.25268],[102.63317,4.25275],[102.63311,4.25272],[102.63237,4.25235],[102.63198,4.25224],[102.63113,4.25216],[102.63082,4.25202],[102.63054,4.25172],[102.6304,4.25149],[102.63042,4.2513],[102.63042,4.25116],[102.63037,4.25057],[102.63029,4.25001],[102.63042,4.24959],[102.6305,4.24932],[102.63043,4.24902],[102.63016,4.24869],[102.63003,4.24848],[102.63003,4.24808],[102.63024,4.24722],[102.63029,4.24659],[102.63039,4.24615],[102.63037,4.24609],[102.63035,4.24603],[102.63011,4.2457],[102.62984,4.24547],[102.6295,4.24538],[102.62862,4.24532],[102.62829,4.24513],[102.62826,4.24505],[102.62812,4.24484],[102.62812,4.2448],[102.62795,4.24407],[102.62788,4.24291],[102.6279,4.24229],[102.6279,4.24203],[102.62782,4.24195],[102.62775,4.24185],[102.62742,4.24164],[102.62702,4.24151],[102.62658,4.24141],[102.62635,4.24118],[102.62613,4.24049],[102.62561,4.23909],[102.6254,4.23873],[102.62521,4.23838],[102.6252,4.23819],[102.62537,4.23754],[102.62554,4.23668],[102.62552,4.23626],[102.62541,4.23578],[102.6255,4.23528],[102.6257,4.23503],[102.62577,4.23496],[102.62598,4.23465],[102.62612,4.23417],[102.62617,4.23354],[102.62652,4.23281],[102.62648,4.23224],[102.62621,4.23142],[102.62623,4.23117],[102.62623,4.23105],[102.62616,4.23052],[102.62595,4.22986],[102.62603,4.22921],[102.62666,4.22872],[102.62744,4.22856],[102.62784,4.2286],[102.6286,4.22864],[102.62881,4.22859],[102.62935,4.22836],[102.62984,4.22796],[102.63021,4.22742],[102.63049,4.22719],[102.63026,4.227],[102.62979,4.22654],[102.62975,4.2265],[102.62973,4.22642],[102.62962,4.22602],[102.62973,4.22514],[102.6297,4.22447],[102.6297,4.22407],[102.62989,4.22372],[102.63031,4.22342],[102.63044,4.22325],[102.63067,4.22288],[102.6308,4.22204],[102.63067,4.22152],[102.63037,4.22108],[102.62985,4.22064],[102.62909,4.22041],[102.62861,4.22016],[102.62835,4.21985],[102.62831,4.21982],[102.62818,4.21947],[102.62787,4.21911],[102.62755,4.2189],[102.62671,4.21867],[102.62639,4.21842],[102.62627,4.21813],[102.62627,4.21752],[102.62618,4.21732],[102.62618,4.2173],[102.62637,4.21673],[102.62637,4.2166],[102.62637,4.21648],[102.62616,4.21623],[102.62591,4.21612],[102.62513,4.21612],[102.62475,4.21604],[102.62435,4.21581],[102.62406,4.21548],[102.62385,4.21468],[102.6238,4.21456],[102.62374,4.21439],[102.62349,4.21372],[102.62332,4.21292],[102.62332,4.21284],[102.6233,4.2128],[102.62327,4.21263],[102.62307,4.2123],[102.6225,4.2118],[102.62195,4.21146],[102.62132,4.21115],[102.62085,4.21085],[102.6205,4.2105],[102.62043,4.21037],[102.62031,4.21008],[102.62022,4.20958],[102.62028,4.2091],[102.62043,4.20887],[102.62051,4.20878],[102.62056,4.20868],[102.62123,4.20872],[102.62154,4.20866],[102.62169,4.20849],[102.62188,4.20799],[102.62222,4.20721],[102.62263,4.20639],[102.62306,4.20566],[102.62314,4.20545],[102.62192,4.20468],[102.62166,4.20451],[102.61047,4.19747],[102.61036,4.19739],[102.6108,4.19676],[102.6112,4.1962],[102.61171,4.19532],[102.6121,4.19454],[102.61248,4.19375],[102.6129,4.1928],[102.61219,4.19222],[102.61151,4.19165],[102.61065,4.191],[102.61018,4.19042],[102.60947,4.18992],[102.60869,4.18942],[102.60783,4.18881],[102.60734,4.18841],[102.60686,4.18802],[102.60623,4.18752],[102.60558,4.18699],[102.60547,4.18657],[102.60551,4.18601],[102.60551,4.18553],[102.60551,4.18549],[102.60559,4.18513],[102.60572,4.18484],[102.60572,4.1848],[102.60599,4.18419],[102.60618,4.18377],[102.60668,4.18291],[102.607,4.18236],[102.60717,4.18184],[102.60729,4.1814],[102.60731,4.1809],[102.60712,4.18021],[102.60679,4.17996],[102.60649,4.17981],[102.60599,4.17963],[102.60556,4.17944],[102.60514,4.17925],[102.60479,4.17885],[102.60476,4.17856],[102.60487,4.17776],[102.60516,4.17703],[102.60543,4.17653],[102.60577,4.17596],[102.60611,4.17535],[102.60634,4.175],[102.60659,4.17449],[102.60684,4.17364],[102.60694,4.17311],[102.60698,4.17259],[102.6069,4.17198],[102.60662,4.17146],[102.60608,4.17041],[102.60587,4.1697],[102.60565,4.16897],[102.60546,4.16811],[102.60544,4.16753],[102.60563,4.16681],[102.60592,4.16612],[102.60628,4.16531],[102.60699,4.16418],[102.60747,4.16307],[102.60752,4.16262],[102.60775,4.1625],[102.60838,4.1622],[102.60882,4.16191],[102.60896,4.16181],[102.6092,4.1617],[102.60959,4.1616],[102.61041,4.16159],[102.61128,4.16151],[102.61176,4.16124],[102.61214,4.16069],[102.61222,4.16027],[102.61228,4.15939],[102.61232,4.15858],[102.61249,4.1581],[102.61306,4.15747],[102.61354,4.15686],[102.614,4.15611],[102.61442,4.15541],[102.61474,4.15478],[102.61476,4.15474],[102.6148,4.15468],[102.61507,4.15414],[102.61539,4.1533],[102.6157,4.1525],[102.61591,4.15164],[102.61601,4.15074],[102.61605,4.1502],[102.61618,4.1493],[102.61643,4.14878],[102.61662,4.14848],[102.61725,4.14796],[102.61752,4.14773],[102.61759,4.14766],[102.61821,4.14703],[102.61853,4.14653],[102.61899,4.1458],[102.61945,4.14507],[102.61979,4.14465],[102.62029,4.1441],[102.62082,4.14343],[102.62124,4.14309],[102.62195,4.14263],[102.62233,4.14246],[102.62306,4.14225],[102.62336,4.14209],[102.62372,4.14177],[102.6238,4.14163],[102.62395,4.14131],[102.62401,4.14104],[102.62399,4.14029],[102.62409,4.13955],[102.62426,4.13922],[102.62476,4.13886],[102.62516,4.13869],[102.6256,4.13863],[102.62649,4.13859],[102.62672,4.13856],[102.62745,4.13806],[102.62779,4.13792],[102.6281,4.13793],[102.62855,4.13808],[102.62933,4.13848],[102.62991,4.1385],[102.63036,4.13835],[102.63117,4.13801],[102.63164,4.13787],[102.6318,4.13782],[102.63204,4.13772],[102.63241,4.1373],[102.63256,4.13709],[102.63267,4.13696],[102.63292,4.13671],[102.63359,4.13615],[102.63393,4.13583],[102.63414,4.13533],[102.63424,4.13472],[102.63417,4.13386],[102.63418,4.13347],[102.63436,4.13301],[102.63459,4.13269],[102.63504,4.13236],[102.63594,4.13215],[102.63668,4.13191],[102.63712,4.13175],[102.63741,4.1316],[102.63764,4.13139],[102.638,4.13097],[102.63854,4.13009],[102.63869,4.12967],[102.63886,4.12904],[102.6389,4.12816],[102.63909,4.12754],[102.6394,4.12726],[102.63995,4.12701],[102.64041,4.12693],[102.64106,4.12678],[102.64201,4.12669],[102.64241,4.12672],[102.64258,4.12684],[102.64285,4.12722],[102.64308,4.12797],[102.64315,4.12883],[102.64327,4.12967],[102.64349,4.1304],[102.6437,4.13077],[102.64386,4.13088],[102.64414,4.13104],[102.64448,4.13107],[102.64481,4.13109],[102.64521,4.13102],[102.64538,4.13096],[102.64576,4.13085],[102.64637,4.13056],[102.64641,4.13052],[102.64643,4.13052],[102.64655,4.13043],[102.64714,4.12979],[102.64742,4.1293],[102.64744,4.12922],[102.64746,4.12918],[102.6476,4.1283],[102.64777,4.12742],[102.6479,4.1266],[102.64798,4.12579],[102.64798,4.12576],[102.64798,4.12564],[102.64794,4.12528],[102.64787,4.1244],[102.64787,4.12436],[102.64781,4.12413],[102.64777,4.1239],[102.64747,4.12307],[102.64738,4.12269],[102.64738,4.12179],[102.64753,4.1211],[102.64789,4.12041],[102.64835,4.1199],[102.64902,4.11938],[102.64936,4.11898],[102.64999,4.11821],[102.65053,4.1176],[102.65083,4.11722],[102.65116,4.11676],[102.65139,4.11634],[102.65169,4.11554],[102.65202,4.11475],[102.65202,4.11473],[102.65213,4.11452],[102.6524,4.11372],[102.65259,4.11324],[102.65292,4.11261],[102.65322,4.112],[102.65349,4.11152],[102.6541,4.11094],[102.65426,4.11079],[102.65491,4.1102],[102.65517,4.10987],[102.65531,4.10972],[102.65578,4.10932],[102.65611,4.10884],[102.65622,4.10867],[102.65657,4.10783],[102.65689,4.1072],[102.6572,4.10666],[102.65756,4.10601],[102.65766,4.10584],[102.65779,4.10553],[102.65796,4.10503],[102.65798,4.10478],[102.65814,4.10377],[102.65829,4.10331],[102.65861,4.10277],[102.65884,4.10255],[102.65898,4.10239],[102.65959,4.10176],[102.66028,4.10119],[102.66094,4.10067],[102.66161,4.10019],[102.66236,4.0997],[102.66285,4.09926],[102.6632,4.09897],[102.66371,4.09867],[102.66445,4.09836],[102.66508,4.09805],[102.66539,4.09794],[102.66577,4.09798],[102.66649,4.0985],[102.66686,4.09878],[102.66701,4.09888],[102.6677,4.09919],[102.66855,4.09925],[102.66939,4.09921],[102.67027,4.09906],[102.67109,4.09879],[102.67183,4.09839],[102.67244,4.09793],[102.67298,4.09732],[102.67357,4.09669],[102.67395,4.09642],[102.67397,4.09642],[102.67443,4.09621],[102.67523,4.09606],[102.67563,4.09604],[102.6758,4.09602],[102.67634,4.09592],[102.67672,4.09575],[102.67741,4.09526],[102.67823,4.09487],[102.67886,4.09466],[102.6796,4.09421],[102.68004,4.09392],[102.68044,4.09367],[102.68124,4.09338],[102.682,4.09317],[102.68269,4.09316],[102.68298,4.09298],[102.68326,4.09272],[102.68385,4.09222],[102.68452,4.0918],[102.68525,4.0914],[102.68571,4.09119],[102.68649,4.091],[102.68735,4.09088],[102.68824,4.09087],[102.68906,4.09083],[102.68939,4.09083],[102.69002,4.09029],[102.69017,4.08976],[102.69053,4.08894],[102.69082,4.08809],[102.69103,4.08767],[102.6913,4.08727],[102.69149,4.08712],[102.69219,4.08679],[102.69307,4.08656],[102.69385,4.08643],[102.69469,4.08615],[102.69511,4.08584],[102.69542,4.08542],[102.6958,4.08465],[102.69618,4.084],[102.69649,4.08324],[102.69662,4.08241],[102.69662,4.08172],[102.69647,4.081],[102.69619,4.08052],[102.69596,4.08004],[102.69592,4.07966],[102.69604,4.07935],[102.69628,4.07902],[102.69651,4.07887],[102.6968,4.07878],[102.6973,4.07864],[102.6981,4.07824],[102.69844,4.0779],[102.69865,4.07732],[102.699,4.07686],[102.69913,4.07648],[102.69921,4.07631],[102.69936,4.07597],[102.69957,4.07537],[102.69984,4.07453],[102.70024,4.07373],[102.70062,4.07302],[102.7011,4.07235],[102.7014,4.07204],[102.70211,4.07153],[102.70249,4.07134],[102.70331,4.07101],[102.70377,4.07071],[102.70415,4.0704],[102.70459,4.07017],[102.70476,4.07011],[102.70511,4.06994],[102.70566,4.06962],[102.70638,4.06925],[102.70682,4.06902],[102.70724,4.06878],[102.70768,4.06859],[102.70841,4.06851],[102.70902,4.0684],[102.70965,4.06832],[102.71028,4.06794],[102.71087,4.06756],[102.71161,4.06714],[102.71216,4.06668],[102.71255,4.06626],[102.713,4.06562],[102.71358,4.06518],[102.71396,4.06497],[102.71445,4.06471],[102.71487,4.06444],[102.71539,4.06442],[102.71581,4.06438],[102.71631,4.06412],[102.71663,4.0637],[102.7169,4.06337],[102.71713,4.0631],[102.71732,4.06289],[102.71787,4.06224],[102.71837,4.06163],[102.71898,4.061],[102.71947,4.0605],[102.71965,4.06044],[102.72001,4.06012],[102.72007,4.06008],[102.7203,4.06008],[102.72052,4.06018],[102.72073,4.0606],[102.72073,4.06119],[102.72062,4.06186],[102.72048,4.06246],[102.7205,4.06291],[102.72056,4.06351],[102.72056,4.06357],[102.72065,4.06382],[102.72086,4.06405],[102.72107,4.06456],[102.72117,4.0651],[102.72118,4.06535],[102.72138,4.06573],[102.72164,4.06611],[102.72193,4.06655],[102.72204,4.0668],[102.72229,4.06726],[102.72269,4.06751],[102.72294,4.06757],[102.72351,4.06774],[102.72393,4.06763],[102.72446,4.06753],[102.72488,4.06736],[102.72532,4.06719],[102.72564,4.06734],[102.72616,4.0674],[102.72662,4.06763],[102.72723,4.06804],[102.72772,4.0683],[102.72825,4.06855],[102.72877,4.06878],[102.72909,4.06898],[102.72947,4.06928],[102.72968,4.06942],[102.73012,4.06997],[102.73056,4.07039],[102.73107,4.07068],[102.73186,4.07109],[102.73212,4.07133],[102.73277,4.07193],[102.73342,4.07252],[102.73408,4.07289],[102.73487,4.07331],[102.73521,4.07366],[102.73544,4.07383],[102.73544,4.07385],[102.73546,4.07387],[102.73582,4.07415],[102.7361,4.07456],[102.73656,4.07532],[102.73669,4.07546],[102.737,4.07576],[102.73768,4.07636],[102.73837,4.07686],[102.73898,4.07718],[102.7398,4.07753],[102.74027,4.07774],[102.7406,4.07797],[102.74088,4.07832],[102.74138,4.07906],[102.74172,4.07983],[102.74191,4.08019],[102.74193,4.08021],[102.7425,4.08071],[102.74315,4.08129],[102.74342,4.08167],[102.74353,4.08238],[102.74366,4.08328],[102.74381,4.0837],[102.74381,4.08374],[102.7444,4.08437],[102.74492,4.08483],[102.74566,4.08529],[102.74604,4.08554],[102.74652,4.08613],[102.74665,4.08642],[102.74671,4.08654],[102.74692,4.08721],[102.74716,4.08786],[102.74743,4.08818],[102.74777,4.08836],[102.74829,4.08843],[102.74917,4.08843],[102.74934,4.0884],[102.74962,4.08832],[102.74985,4.08832],[102.7502,4.08842],[102.75044,4.08857],[102.75092,4.08888],[102.75105,4.08907],[102.75107,4.08947],[102.75082,4.09031],[102.7508,4.091],[102.75086,4.09121],[102.75109,4.09142],[102.75172,4.09164],[102.75221,4.09196],[102.75252,4.09202],[102.75286,4.09185],[102.75288,4.09185],[102.75317,4.09133],[102.75336,4.09104],[102.75366,4.09087],[102.75408,4.09082],[102.75441,4.09091],[102.75473,4.0911],[102.75528,4.09145],[102.75547,4.0916],[102.75593,4.09199],[102.75622,4.09218],[102.75667,4.09245],[102.75723,4.0925],[102.75801,4.09262],[102.75881,4.09293],[102.75917,4.09304],[102.75965,4.09329],[102.75999,4.0936],[102.7605,4.09433],[102.76102,4.09505],[102.76119,4.09555],[102.76142,4.0958],[102.76172,4.09649],[102.76235,4.09709],[102.76256,4.09781],[102.76283,4.0982],[102.76313,4.09837],[102.76397,4.09858],[102.76466,4.09874],[102.76494,4.09902],[102.76521,4.09954],[102.76532,4.10017],[102.7654,4.10054],[102.76557,4.10109],[102.76559,4.10199],[102.76566,4.10247],[102.76578,4.10312],[102.7661,4.1037],[102.76646,4.10442],[102.76692,4.10496],[102.76764,4.10538],[102.76827,4.10565],[102.76896,4.10573],[102.76962,4.10573],[102.77016,4.10563],[102.77062,4.10564],[102.77126,4.10564],[102.77222,4.10558],[102.77262,4.10592],[102.77283,4.10635],[102.77294,4.10671],[102.77294,4.10734],[102.77275,4.10824],[102.77261,4.10874],[102.7724,4.10939],[102.77202,4.10989],[102.77153,4.11048],[102.77124,4.11098],[102.77101,4.11165],[102.77082,4.11241],[102.77078,4.11299],[102.77085,4.11362],[102.77104,4.11435],[102.77097,4.11469],[102.77112,4.11511],[102.77131,4.11536],[102.77184,4.11596],[102.77209,4.11617],[102.77274,4.1164],[102.77314,4.11663],[102.77367,4.11711],[102.7744,4.11742],[102.77472,4.11751],[102.77554,4.1179],[102.7763,4.11834],[102.77699,4.11889],[102.77773,4.11951],[102.77842,4.11995],[102.77922,4.12031],[102.77973,4.12062],[102.78017,4.12085],[102.78088,4.12116],[102.78097,4.12119],[102.78078,4.12186],[102.78032,4.12236],[102.77998,4.12292],[102.77969,4.12376],[102.77929,4.12441],[102.77883,4.12517],[102.77856,4.12538],[102.77822,4.1255],[102.77788,4.12567],[102.77711,4.12615],[102.77683,4.12644],[102.77677,4.12653],[102.77662,4.12684],[102.7766,4.12707],[102.77663,4.12714],[102.77688,4.12774],[102.77726,4.12854],[102.77768,4.12931],[102.7781,4.13008],[102.77859,4.13082],[102.77859,4.13084],[102.77863,4.13111],[102.77856,4.13149],[102.77825,4.13233],[102.77804,4.13318],[102.778,4.13369],[102.77821,4.13394],[102.77886,4.13433],[102.77952,4.13473],[102.78029,4.13523],[102.78071,4.13546],[102.78078,4.1355],[102.78151,4.13584],[102.78177,4.13605],[102.78177,4.13607],[102.782,4.13674],[102.78204,4.13739],[102.78208,4.13822],[102.78213,4.13864],[102.7824,4.13917],[102.78253,4.13935],[102.78286,4.13973],[102.78316,4.14013],[102.78366,4.14082],[102.784,4.14128],[102.78417,4.14199],[102.78432,4.14251],[102.78436,4.14262],[102.78438,4.14274],[102.7844,4.14283],[102.78443,4.14354],[102.78443,4.1444],[102.78441,4.14517],[102.78434,4.14578],[102.78432,4.14664],[102.78433,4.14751],[102.78439,4.14775],[102.78458,4.14797],[102.7846,4.148],[102.78462,4.14808],[102.78494,4.1486],[102.78511,4.14875],[102.78513,4.14877],[102.78515,4.14881],[102.78565,4.14933],[102.78601,4.14946],[102.78633,4.14942],[102.78662,4.14919],[102.78698,4.14894],[102.7871,4.14893],[102.78763,4.14885],[102.78818,4.14883],[102.78902,4.14885],[102.78956,4.14891],[102.78969,4.14901],[102.78996,4.14941],[102.79026,4.14983],[102.7903,4.14987],[102.79043,4.15014],[102.79064,4.15052],[102.7907,4.15088],[102.79062,4.1514],[102.79009,4.15211],[102.78982,4.15234],[102.78908,4.15272],[102.78869,4.15333],[102.78835,4.15362],[102.78789,4.1539],[102.78738,4.15459],[102.78711,4.15505],[102.7869,4.15522],[102.78646,4.15538],[102.78566,4.15578],[102.78532,4.15605],[102.78512,4.15639],[102.7851,4.15683],[102.78514,4.15697],[102.78526,4.15748],[102.78531,4.15771],[102.78564,4.15852],[102.7856,4.1594],[102.78571,4.16005],[102.78596,4.16047],[102.78617,4.16064],[102.78626,4.1607],[102.78684,4.16097],[102.78708,4.16105],[102.78796,4.16114],[102.7888,4.16124],[102.78893,4.16135],[102.7892,4.16179],[102.78945,4.16204],[102.78975,4.1622],[102.79009,4.16235],[102.79061,4.16285],[102.7911,4.16356],[102.79139,4.16421],[102.79167,4.16498],[102.79185,4.16526],[102.79198,4.16547],[102.79209,4.16609],[102.79203,4.16699],[102.79196,4.1676],[102.79203,4.16794],[102.79238,4.16856],[102.7926,4.16892],[102.79289,4.16925],[102.79333,4.1694],[102.79361,4.16954],[102.79379,4.16975],[102.79396,4.17003],[102.79426,4.17026],[102.79489,4.17057],[102.79558,4.17065],[102.796,4.17072],[102.79634,4.17069],[102.7968,4.17057],[102.79716,4.17059],[102.79754,4.17084],[102.79779,4.17117],[102.79794,4.17159],[102.79802,4.17249],[102.79813,4.17295],[102.79847,4.17352],[102.79874,4.17375],[102.79952,4.17419],[102.79982,4.17446],[102.80026,4.17521],[102.80062,4.17601],[102.80123,4.17711],[102.8015,4.17745],[102.8019,4.17766],[102.80251,4.17801],[102.80299,4.17841],[102.80316,4.17874],[102.80337,4.17937],[102.8034,4.18012],[102.80367,4.18025],[102.80396,4.18012],[102.80443,4.17979],[102.80499,4.17941],[102.8056,4.17926],[102.80611,4.17918],[102.80668,4.17907],[102.80712,4.17891],[102.80764,4.1787],[102.80785,4.17859],[102.8081,4.17844],[102.80878,4.17796],[102.80917,4.17765],[102.80993,4.17631],[102.81016,4.17559],[102.81033,4.17344],[102.81054,4.17248],[102.81173,4.17036],[102.81226,4.16896],[102.81249,4.16827],[102.81291,4.16705],[102.81316,4.16615],[102.81309,4.165],[102.81301,4.16452],[102.81288,4.16414],[102.81278,4.16385],[102.8125,4.16333],[102.81229,4.16282],[102.81168,4.16186],[102.81149,4.16127],[102.81147,4.16079],[102.81161,4.15996],[102.81163,4.15927],[102.8118,4.15851],[102.81199,4.1578],[102.81209,4.15734],[102.81232,4.1565],[102.81264,4.15554],[102.81281,4.15503],[102.81299,4.15462],[102.81322,4.15386],[102.81341,4.15307],[102.81364,4.15233],[102.81373,4.15198],[102.81387,4.15116],[102.81914,4.15879],[102.8235,4.16509],[102.82872,4.17264],[102.83022,4.17482],[102.83812,4.18626],[102.84103,4.19046],[102.84218,4.19211],[102.84827,4.2009],[102.84829,4.20098],[102.84831,4.20098],[102.84911,4.20213],[102.84983,4.20318],[102.85465,4.21016],[102.85613,4.2123],[102.85832,4.21546],[102.86567,4.22608],[102.87917,4.2456],[102.87917,4.24562],[102.88077,4.24792],[102.88317,4.25139],[102.88866,4.25932],[102.88883,4.25957],[102.88764,4.26003],[102.88383,4.25735],[102.88163,4.25549],[102.87877,4.25296],[102.87671,4.25168],[102.87474,4.25031],[102.87298,4.24902],[102.8719,4.24791],[102.87044,4.24785],[102.86625,4.25056],[102.86457,4.25086],[102.86274,4.25093],[102.85711,4.25472],[102.85197,4.257],[102.84697,4.26087],[102.8444,4.26295],[102.84161,4.26586],[102.83852,4.26946],[102.83703,4.27046],[102.83509,4.27144],[102.83401,4.27209],[102.83566,4.27593],[102.83562,4.27725],[102.8365,4.28035],[102.83464,4.28152],[102.83241,4.28293],[102.83123,4.28393],[102.83038,4.2851],[102.8294,4.28681],[102.82674,4.28683],[102.82448,4.28623],[102.82259,4.28572],[102.81945,4.2852],[102.8177,4.28503],[102.81661,4.28587],[102.81394,4.28737],[102.81464,4.28992],[102.81437,4.29259],[102.81399,4.29259],[102.81186,4.29207],[102.80937,4.2915],[102.80792,4.29141],[102.80571,4.29104],[102.80204,4.28843],[102.8011,4.28803],[102.79999,4.28787],[102.79882,4.28796],[102.79835,4.28776],[102.79668,4.28653],[102.7956,4.28552],[102.79136,4.2801],[102.79076,4.27965],[102.78917,4.27915],[102.78877,4.27882],[102.78461,4.27363],[102.78191,4.2699],[102.77862,4.26599],[102.77545,4.2624],[102.77535,4.26045],[102.7752,4.25972],[102.77139,4.25888],[102.76741,4.26],[102.76601,4.26001],[102.76534,4.25976],[102.76376,4.25945],[102.76266,4.26025],[102.76151,4.26077],[102.76008,4.26121],[102.7588,4.25944],[102.75776,4.25781],[102.75649,4.25473],[102.75457,4.25137],[102.75455,4.24848],[102.75443,4.24589],[102.75392,4.24548],[102.75337,4.24515],[102.75122,4.24507],[102.74926,4.24397],[102.74752,4.24282],[102.74655,4.24276],[102.74544,4.24292],[102.74501,4.24271],[102.74463,4.24238],[102.74425,4.24111],[102.74391,4.23937],[102.74328,4.23861],[102.7422,4.23859],[102.74066,4.23913],[102.73884,4.23914],[102.73839,4.23899],[102.73632,4.23801],[102.7329,4.23643],[102.72814,4.23668],[102.72501,4.24006],[102.72453,4.24034],[102.72272,4.24143],[102.72176,4.24336],[102.72095,4.24524],[102.72063,4.24942],[102.72005,4.24992],[102.71752,4.25273],[102.71602,4.25718],[102.71437,4.25856],[102.71311,4.25958],[102.71252,4.26045],[102.7111,4.26226],[102.71019,4.26264],[102.7097,4.2626],[102.70877,4.26229],[102.70795,4.26227],[102.70589,4.26337],[102.7011,4.26359],[102.69302,4.25941],[102.6919,4.2588],[102.69064,4.25881],[102.68919,4.25895],[102.68832,4.2587],[102.6874,4.25828],[102.68576,4.25722],[102.68296,4.25536],[102.68005,4.25505],[102.67964,4.25491],[102.67629,4.25301],[102.67358,4.25298],[102.67357,4.25172],[102.67093,4.24998],[102.67056,4.24996],[102.66628,4.25194],[102.66613,4.25398],[102.66609,4.25574],[102.6645,4.25668],[102.66251,4.25451],[102.66221,4.25448],[102.66033,4.25338],[102.65981,4.25335],[102.6594,4.25362],[102.65694,4.25539]]]},"properties":{"FID":1,"fid_1":2,"Name":"Kawasan Cadangan Taman Harimau Diraja Al-Sultan Abdullah","Phase":"Phase 2 (Dec 2026)","Area_ha":41444.8166299,"Perimeter":111826.553491,"Name_EN":"Al-Sultan Abdullah Royal Tiger Reserve - Phase 2","source_layer":"ASARTR"}},{"type":"Feature","id":0,"geometry":{"type":"Polygon","coordinates":[[[102.83348,4.2712],[102.8324,4.27185],[102.83217,4.27155],[102.83189,4.27155],[102.83189,4.27127],[102.83134,4.27127],[102.83134,4.27072],[102.83106,4.27072],[102.83106,4.27044],[102.83078,4.27044],[102.83078,4.27072],[102.83051,4.27071],[102.83051,4.27099],[102.82967,4.27099],[102.82967,4.27071],[102.82912,4.27071],[102.82912,4.27043],[102.82857,4.27043],[102.82857,4.26988],[102.82829,4.26988],[102.82773,4.26988],[102.82774,4.2696],[102.82746,4.2696],[102.82746,4.26932],[102.82718,4.26932],[102.82718,4.26904],[102.8269,4.26904],[102.8269,4.26876],[102.82663,4.26876],[102.82663,4.26737],[102.82691,4.26737],[102.82691,4.26654],[102.82663,4.26654],[102.82663,4.26626],[102.82635,4.26626],[102.82635,4.26542],[102.82608,4.26542],[102.82608,4.26459],[102.82635,4.26459],[102.82636,4.26431],[102.82608,4.26431],[102.82608,4.26403],[102.8258,4.26403],[102.8258,4.26375],[102.82552,4.26375],[102.82552,4.2632],[102.82497,4.2632],[102.82497,4.26264],[102.82469,4.26264],[102.82469,4.26208],[102.82442,4.26208],[102.82442,4.2618],[102.82386,4.2618],[102.82386,4.26125],[102.82359,4.26125],[102.82359,4.26097],[102.82331,4.26097],[102.82331,4.26069],[102.82303,4.26069],[102.82303,4.26041],[102.82276,4.26041],[102.82276,4.26013],[102.82248,4.26013],[102.82248,4.25985],[102.8222,4.25985],[102.8222,4.25958],[102.82193,4.25957],[102.82193,4.2593],[102.82026,4.25929],[102.82026,4.25957],[102.81999,4.25957],[102.81999,4.25929],[102.81943,4.25929],[102.81943,4.25902],[102.81888,4.25901],[102.81888,4.25874],[102.8186,4.25874],[102.8186,4.25901],[102.81777,4.25901],[102.81777,4.25929],[102.81749,4.25929],[102.81749,4.25901],[102.81694,4.25901],[102.81694,4.25873],[102.81616,4.25873],[102.81602,4.25777],[102.81512,4.25783],[102.81432,4.2578],[102.8142,4.25734],[102.8141,4.25667],[102.8141,4.25649],[102.81415,4.25633],[102.81431,4.25625],[102.81451,4.25625],[102.81501,4.25617],[102.81512,4.2561],[102.81515,4.25601],[102.81512,4.25587],[102.815,4.25565],[102.81489,4.25552],[102.8147,4.2554],[102.81462,4.25521],[102.81462,4.25485],[102.81461,4.25471],[102.81438,4.2545],[102.81411,4.25448],[102.81381,4.25458],[102.81358,4.25473],[102.8134,4.25477],[102.81332,4.25475],[102.81326,4.25465],[102.81324,4.2545],[102.81322,4.25408],[102.81323,4.25387],[102.81324,4.2536],[102.81314,4.25343],[102.81298,4.25342],[102.81262,4.25358],[102.81245,4.25369],[102.81229,4.25392],[102.81216,4.25413],[102.81202,4.25452],[102.81198,4.25489],[102.81194,4.25498],[102.81176,4.25497],[102.81161,4.25485],[102.8115,4.25469],[102.81139,4.25454],[102.81128,4.25436],[102.81127,4.25424],[102.81138,4.2541],[102.81164,4.25384],[102.81176,4.25362],[102.81172,4.25336],[102.81151,4.25256],[102.81141,4.25176],[102.81138,4.25132],[102.8114,4.25097],[102.81147,4.25076],[102.81165,4.25056],[102.81167,4.25038],[102.81156,4.25015],[102.81141,4.24994],[102.81139,4.24974],[102.81139,4.24958],[102.81148,4.24953],[102.81162,4.24946],[102.81178,4.24949],[102.81207,4.24946],[102.81233,4.24942],[102.81253,4.24928],[102.81265,4.24918],[102.81268,4.24908],[102.81266,4.249],[102.81237,4.24881],[102.81224,4.24868],[102.8123,4.24855],[102.81238,4.24847],[102.8125,4.24839],[102.81264,4.24828],[102.81292,4.24795],[102.81314,4.24756],[102.81317,4.24745],[102.81317,4.24738],[102.81306,4.24733],[102.81271,4.24734],[102.81253,4.2474],[102.81224,4.24747],[102.81209,4.24747],[102.81198,4.24737],[102.8119,4.2472],[102.8119,4.24702],[102.81191,4.2469],[102.81191,4.24673],[102.81182,4.24649],[102.81176,4.24631],[102.81187,4.24611],[102.81203,4.24603],[102.81218,4.24594],[102.81238,4.24587],[102.81252,4.24577],[102.81261,4.24562],[102.81269,4.24537],[102.81335,4.24487],[102.81349,4.24473],[102.81349,4.24462],[102.8134,4.24449],[102.81322,4.24434],[102.81263,4.24412],[102.81217,4.24405],[102.8118,4.24407],[102.81142,4.24397],[102.81109,4.24355],[102.81091,4.24334],[102.81084,4.24304],[102.81088,4.24279],[102.81102,4.24261],[102.81136,4.24251],[102.81167,4.24243],[102.81197,4.24231],[102.81197,4.24203],[102.81224,4.24203],[102.81239,4.24178],[102.81237,4.24147],[102.81229,4.24091],[102.81211,4.2404],[102.81181,4.2401],[102.8114,4.23998],[102.81106,4.23997],[102.81066,4.23982],[102.81049,4.23973],[102.81049,4.23963],[102.81053,4.23951],[102.81071,4.23942],[102.81078,4.23933],[102.81093,4.23907],[102.81102,4.2387],[102.81107,4.23843],[102.81118,4.23819],[102.81147,4.23802],[102.81166,4.23798],[102.81186,4.23798],[102.81197,4.23791],[102.81197,4.23779],[102.81188,4.2377],[102.81155,4.23755],[102.81072,4.23747],[102.81001,4.23748],[102.80975,4.23739],[102.80953,4.23725],[102.80938,4.23692],[102.80913,4.2365],[102.80869,4.23621],[102.80846,4.23591],[102.8085,4.23569],[102.80864,4.2355],[102.80868,4.23528],[102.80862,4.23494],[102.80854,4.23461],[102.80834,4.23422],[102.80812,4.23398],[102.80787,4.2339],[102.80773,4.23394],[102.80758,4.23407],[102.80748,4.23436],[102.80728,4.23494],[102.80718,4.23515],[102.80708,4.23523],[102.80691,4.23531],[102.80666,4.23534],[102.80651,4.23537],[102.80622,4.23544],[102.80607,4.2355],[102.80596,4.23556],[102.80585,4.2356],[102.80568,4.2356],[102.80547,4.23548],[102.80533,4.23524],[102.80536,4.23498],[102.80553,4.23462],[102.80575,4.23442],[102.80588,4.23416],[102.80583,4.23377],[102.80564,4.23349],[102.80552,4.23331],[102.80528,4.23327],[102.80514,4.23322],[102.80496,4.23284],[102.80484,4.23263],[102.80461,4.23264],[102.80449,4.23273],[102.8044,4.23289],[102.8043,4.23307],[102.80417,4.23329],[102.80395,4.23331],[102.80359,4.23319],[102.80338,4.23293],[102.80305,4.23223],[102.80297,4.23181],[102.80295,4.2316],[102.80308,4.23152],[102.80334,4.2315],[102.8038,4.23139],[102.80391,4.23121],[102.80407,4.23082],[102.80402,4.23019],[102.8038,4.22955],[102.8037,4.22911],[102.80368,4.22868],[102.80374,4.22841],[102.80388,4.22819],[102.80412,4.22804],[102.8043,4.22789],[102.80443,4.22772],[102.80444,4.22753],[102.8044,4.22744],[102.80411,4.22742],[102.80391,4.2275],[102.80344,4.22792],[102.80296,4.22846],[102.80273,4.22862],[102.80259,4.22865],[102.80217,4.22863],[102.80174,4.22842],[102.80165,4.22818],[102.80169,4.22774],[102.8015,4.2271],[102.80133,4.22639],[102.80123,4.22617],[102.80105,4.22606],[102.80084,4.226],[102.80053,4.22598],[102.80022,4.226],[102.8,4.22609],[102.79975,4.2262],[102.79957,4.22621],[102.7993,4.22613],[102.79915,4.22581],[102.79908,4.22551],[102.79918,4.22523],[102.79943,4.22519],[102.80009,4.22504],[102.80069,4.22493],[102.80085,4.22471],[102.80085,4.22428],[102.80062,4.22381],[102.80031,4.22372],[102.80009,4.22381],[102.79989,4.22381],[102.79965,4.2236],[102.79955,4.22335],[102.79965,4.22273],[102.79982,4.22259],[102.80013,4.22242],[102.80067,4.22236],[102.80151,4.22126],[102.80186,4.22108],[102.80206,4.22094],[102.8022,4.22073],[102.80215,4.22063],[102.80192,4.22058],[102.80119,4.22065],[102.8007,4.22072],[102.80035,4.2207],[102.79994,4.22036],[102.79929,4.2199],[102.79858,4.21952],[102.79848,4.21921],[102.79848,4.2189],[102.79855,4.21866],[102.79852,4.2185],[102.79832,4.21841],[102.798,4.2184],[102.79781,4.21841],[102.79768,4.21839],[102.7976,4.21828],[102.79749,4.21802],[102.79766,4.2177],[102.7978,4.21743],[102.79799,4.21722],[102.79806,4.21687],[102.79801,4.21663],[102.79792,4.21643],[102.79767,4.21636],[102.79733,4.21641],[102.79698,4.21658],[102.79677,4.21669],[102.79652,4.21681],[102.79642,4.21683],[102.79631,4.21683],[102.79626,4.21669],[102.7963,4.21654],[102.79644,4.2163],[102.79665,4.21609],[102.79678,4.21601],[102.79679,4.21575],[102.79679,4.21555],[102.79668,4.21539],[102.79627,4.21534],[102.79607,4.21541],[102.79587,4.21559],[102.79555,4.21566],[102.7954,4.21557],[102.79537,4.21531],[102.79543,4.21472],[102.7953,4.21429],[102.7951,4.214],[102.79477,4.21389],[102.79445,4.21382],[102.79369,4.21349],[102.79347,4.21331],[102.79343,4.21307],[102.79343,4.21252],[102.79371,4.21252],[102.79371,4.21224],[102.79461,4.21193],[102.795,4.2117],[102.79506,4.21142],[102.79502,4.2112],[102.79483,4.21101],[102.79447,4.21094],[102.79395,4.21116],[102.79364,4.21132],[102.79326,4.21123],[102.79302,4.21094],[102.79301,4.21059],[102.79317,4.21023],[102.79401,4.20989],[102.79466,4.20924],[102.79491,4.20892],[102.79511,4.20858],[102.79531,4.20842],[102.79556,4.20839],[102.79603,4.20847],[102.79635,4.2085],[102.79657,4.20848],[102.79676,4.2083],[102.79683,4.208],[102.79673,4.20713],[102.7965,4.20692],[102.79625,4.20684],[102.79591,4.20687],[102.79578,4.20695],[102.79568,4.20725],[102.79564,4.20743],[102.79553,4.20748],[102.79536,4.20755],[102.795,4.20766],[102.79478,4.2076],[102.79455,4.20748],[102.79422,4.20722],[102.79388,4.20674],[102.7938,4.20634],[102.79388,4.2061],[102.7945,4.20535],[102.79518,4.20472],[102.79537,4.20458],[102.7954,4.20446],[102.79536,4.20432],[102.79518,4.20413],[102.79464,4.20408],[102.79341,4.20411],[102.7927,4.20388],[102.79217,4.20334],[102.79178,4.20264],[102.79167,4.20222],[102.79183,4.20195],[102.79226,4.20164],[102.79283,4.20129],[102.79328,4.20081],[102.7935,4.20021],[102.79347,4.19975],[102.7932,4.19921],[102.79304,4.19851],[102.79304,4.1978],[102.7933,4.19695],[102.79357,4.19634],[102.79368,4.19498],[102.79346,4.19405],[102.79346,4.19352],[102.79357,4.19305],[102.79369,4.19288],[102.79386,4.1926],[102.79386,4.19234],[102.79365,4.19222],[102.79285,4.19202],[102.79175,4.19179],[102.79091,4.19132],[102.79039,4.19125],[102.78986,4.19117],[102.7897,4.1911],[102.78929,4.19098],[102.78915,4.19067],[102.7891,4.19036],[102.78929,4.19001],[102.78965,4.1896],[102.78969,4.1893],[102.7896,4.18886],[102.78919,4.18841],[102.7888,4.18754],[102.78821,4.18666],[102.78792,4.18641],[102.78729,4.18622],[102.78686,4.18595],[102.78657,4.18545],[102.7865,4.18521],[102.78658,4.18495],[102.78683,4.18482],[102.78746,4.18504],[102.78792,4.18531],[102.78834,4.18535],[102.78865,4.18518],[102.78942,4.18439],[102.78969,4.18399],[102.78964,4.18355],[102.78964,4.18311],[102.78991,4.18261],[102.79027,4.18224],[102.79065,4.182],[102.79126,4.18145],[102.7918,4.18079],[102.7918,4.18051],[102.79153,4.18051],[102.79153,4.18023],[102.79125,4.18023],[102.79125,4.17996],[102.79097,4.17996],[102.79097,4.17912],[102.7907,4.17912],[102.7907,4.17856],[102.79042,4.17856],[102.79042,4.17634],[102.7907,4.17634],[102.7907,4.17578],[102.79042,4.17578],[102.79042,4.1755],[102.7907,4.1755],[102.7907,4.17522],[102.79098,4.17523],[102.79098,4.17495],[102.79153,4.17495],[102.79153,4.1755],[102.79209,4.1755],[102.79209,4.17578],[102.79264,4.17578],[102.79264,4.17606],[102.7932,4.17606],[102.79319,4.17662],[102.79458,4.17662],[102.79458,4.1769],[102.79486,4.1769],[102.79486,4.17718],[102.79569,4.17718],[102.79569,4.17746],[102.7968,4.17746],[102.7968,4.17774],[102.79707,4.17774],[102.79707,4.17801],[102.79735,4.17802],[102.79735,4.17829],[102.79818,4.17829],[102.79818,4.17857],[102.79846,4.17857],[102.79846,4.17885],[102.79874,4.17885],[102.79873,4.17913],[102.79901,4.17913],[102.79901,4.17885],[102.79984,4.17885],[102.79984,4.17913],[102.8004,4.17913],[102.8004,4.17885],[102.80151,4.17913],[102.80176,4.17913],[102.8018,4.17988],[102.80206,4.18001],[102.80235,4.17988],[102.80283,4.17955],[102.80338,4.17917],[102.80399,4.17902],[102.80451,4.17894],[102.80508,4.17883],[102.80552,4.17867],[102.80603,4.17846],[102.80624,4.17835],[102.80649,4.1782],[102.80718,4.17772],[102.80756,4.17741],[102.80832,4.17607],[102.80855,4.17535],[102.80871,4.17337],[102.80873,4.1732],[102.80894,4.17224],[102.81012,4.17012],[102.81066,4.16872],[102.81089,4.16803],[102.81131,4.16681],[102.81156,4.16591],[102.81148,4.16476],[102.81141,4.16428],[102.81127,4.1639],[102.81118,4.16361],[102.81089,4.1631],[102.81068,4.16258],[102.81008,4.16162],[102.80989,4.16103],[102.80987,4.16055],[102.81,4.15972],[102.81002,4.15904],[102.81019,4.15827],[102.81039,4.15756],[102.81048,4.1571],[102.81071,4.15626],[102.81104,4.1553],[102.81121,4.15479],[102.81138,4.15438],[102.81161,4.15362],[102.8118,4.15283],[102.81203,4.15209],[102.81213,4.15174],[102.81226,4.15092],[102.81753,4.15855],[102.82189,4.16485],[102.82711,4.1724],[102.82862,4.17458],[102.8289,4.17499],[102.83043,4.17722],[102.83217,4.17972],[102.83652,4.18602],[102.83773,4.18777],[102.83943,4.19022],[102.84057,4.19187],[102.845,4.19826],[102.84666,4.20066],[102.84668,4.20074],[102.8467,4.20074],[102.8475,4.20189],[102.84823,4.20294],[102.85304,4.20992],[102.85453,4.21206],[102.85672,4.21522],[102.86407,4.22584],[102.87757,4.24536],[102.87757,4.24538],[102.87917,4.24768],[102.88157,4.25115],[102.88705,4.25908],[102.88722,4.25933],[102.88603,4.2598],[102.88223,4.25711],[102.88002,4.25525],[102.87716,4.25272],[102.87511,4.25144],[102.87314,4.25007],[102.87138,4.24878],[102.87029,4.24767],[102.86934,4.24764],[102.86883,4.24762],[102.86464,4.25032],[102.86297,4.25062],[102.86114,4.2507],[102.8555,4.25448],[102.85335,4.25544],[102.85036,4.25676],[102.84537,4.26063],[102.8428,4.26271],[102.84,4.26562],[102.83691,4.26922],[102.83543,4.27022],[102.83348,4.2712]]]},"properties":{"FID":0,"Sector":"AIR PANAS","SectorID":"Sec1","source_layer":"Sector"}},{"type":"Feature","id":1,"geometry":{"type":"Polygon","coordinates":[[[102.96009,4.41109],[102.95982,4.41109],[102.95982,4.41081],[102.95954,4.41081],[102.95954,4.41064],[102.95954,4.41053],[102.95926,4.41053],[102.95926,4.41025],[102.95898,4.41025],[102.95899,4.4097],[102.95871,4.4097],[102.95871,4.40858],[102.95843,4.40858],[102.95843,4.40775],[102.95816,4.40775],[102.95816,4.40552],[102.95788,4.40552],[102.95788,4.40524],[102.9576,4.40524],[102.95761,4.40246],[102.95733,4.40246],[102.95733,4.4019],[102.95677,4.4019],[102.95678,4.40135],[102.9565,4.40135],[102.9565,4.40051],[102.95567,4.40051],[102.95567,4.40023],[102.95539,4.40023],[102.95539,4.39995],[102.95511,4.39995],[102.95511,4.39912],[102.95428,4.39912],[102.95428,4.39828],[102.95262,4.39828],[102.95262,4.39772],[102.95207,4.39772],[102.95207,4.398],[102.95151,4.398],[102.95151,4.39828],[102.95123,4.39828],[102.95123,4.39856],[102.95096,4.39856],[102.95096,4.39884],[102.94985,4.39884],[102.94985,4.398],[102.94957,4.398],[102.94957,4.39772],[102.94874,4.39772],[102.94874,4.39744],[102.94846,4.39744],[102.94846,4.39716],[102.94819,4.39716],[102.94819,4.39661],[102.94874,4.39661],[102.94874,4.39605],[102.94902,4.39605],[102.94902,4.39577],[102.94846,4.39577],[102.94846,4.39549],[102.94819,4.39549],[102.94819,4.39522],[102.94791,4.39522],[102.94791,4.39466],[102.94791,4.3941],[102.94819,4.3941],[102.94819,4.39327],[102.94847,4.39327],[102.94847,4.39299],[102.94874,4.39299],[102.94874,4.39243],[102.94902,4.39243],[102.94902,4.39188],[102.9493,4.39188],[102.9493,4.39132],[102.95069,4.39132],[102.95069,4.39104],[102.95096,4.39105],[102.95096,4.39049],[102.95124,4.39049],[102.95124,4.39021],[102.95152,4.39021],[102.95152,4.38993],[102.95124,4.38993],[102.95124,4.38938],[102.9518,4.38938],[102.9518,4.3891],[102.95207,4.3891],[102.95207,4.38854],[102.9518,4.38854],[102.9518,4.38715],[102.95208,4.38715],[102.95208,4.38659],[102.95235,4.38659],[102.95235,4.38548],[102.95263,4.38548],[102.95263,4.3852],[102.95291,4.3852],[102.95291,4.38409],[102.95319,4.38409],[102.95319,4.38381],[102.95347,4.38381],[102.95347,4.38353],[102.95513,4.38354],[102.95513,4.38298],[102.95541,4.38298],[102.95541,4.38215],[102.95568,4.38215],[102.95568,4.38212],[102.95568,4.38187],[102.95569,4.38075],[102.95541,4.38075],[102.95541,4.37964],[102.95624,4.37964],[102.95624,4.37825],[102.95597,4.37825],[102.95597,4.37769],[102.95541,4.37769],[102.95541,4.37714],[102.95569,4.37714],[102.95569,4.37686],[102.95624,4.37686],[102.95625,4.37547],[102.95597,4.37547],[102.95597,4.37463],[102.95569,4.37463],[102.95569,4.37435],[102.95597,4.37435],[102.95597,4.37324],[102.95569,4.37324],[102.95569,4.37213],[102.95458,4.37213],[102.95459,4.37185],[102.95431,4.37185],[102.95431,4.37157],[102.95403,4.37157],[102.95403,4.37129],[102.95375,4.37129],[102.95375,4.37074],[102.95348,4.37074],[102.95348,4.37018],[102.95376,4.37018],[102.95376,4.36934],[102.95431,4.36934],[102.95431,4.36907],[102.95459,4.36907],[102.95459,4.36879],[102.95487,4.36879],[102.95487,4.36851],[102.95514,4.36851],[102.95514,4.36768],[102.95459,4.36768],[102.95459,4.3674],[102.95431,4.3674],[102.95431,4.36684],[102.95376,4.36684],[102.95376,4.36656],[102.95348,4.36656],[102.95348,4.36573],[102.9532,4.36573],[102.95321,4.36545],[102.95293,4.36545],[102.95293,4.36461],[102.95265,4.36461],[102.95265,4.36378],[102.9521,4.36378],[102.9521,4.3635],[102.95182,4.3635],[102.95182,4.36322],[102.95071,4.36322],[102.95071,4.36266],[102.94988,4.36266],[102.94988,4.36238],[102.95016,4.36238],[102.95016,4.36183],[102.94988,4.36183],[102.94988,4.36155],[102.95016,4.36155],[102.95016,4.36127],[102.95044,4.36127],[102.95044,4.36099],[102.95127,4.36099],[102.95127,4.36072],[102.95182,4.36072],[102.95182,4.36044],[102.9521,4.36044],[102.9521,4.36016],[102.95321,4.36016],[102.95321,4.35988],[102.95349,4.35988],[102.95349,4.35905],[102.95377,4.35905],[102.95377,4.35877],[102.95321,4.35877],[102.95321,4.35849],[102.95293,4.35849],[102.95293,4.35821],[102.95266,4.35821],[102.95266,4.35654],[102.9521,4.35654],[102.95211,4.35626],[102.95183,4.35626],[102.95183,4.35543],[102.95155,4.35543],[102.95155,4.35515],[102.95183,4.35515],[102.95183,4.35459],[102.95238,4.3546],[102.95238,4.35376],[102.95211,4.35376],[102.95211,4.35348],[102.95183,4.35348],[102.95183,4.35265],[102.95155,4.35265],[102.95155,4.35237],[102.95128,4.35237],[102.95128,4.35209],[102.951,4.35209],[102.951,4.35098],[102.95211,4.35098],[102.95211,4.3507],[102.95239,4.3507],[102.95239,4.35042],[102.95211,4.35042],[102.95211,4.34931],[102.95183,4.34931],[102.95184,4.34792],[102.95239,4.34792],[102.95239,4.34736],[102.95267,4.34736],[102.95267,4.34653],[102.95322,4.34653],[102.95322,4.34625],[102.9535,4.34625],[102.9535,4.34597],[102.95406,4.34597],[102.95406,4.34569],[102.95461,4.34569],[102.95461,4.34514],[102.95489,4.34514],[102.95489,4.34486],[102.95572,4.34486],[102.95572,4.34458],[102.956,4.34458],[102.956,4.3443],[102.95738,4.3443],[102.95738,4.34403],[102.95821,4.34403],[102.95822,4.34264],[102.95849,4.34264],[102.95849,4.34236],[102.95933,4.34236],[102.95933,4.34208],[102.9596,4.34208],[102.9596,4.3418],[102.95988,4.3418],[102.95988,4.34152],[102.96043,4.34153],[102.96044,4.34125],[102.96154,4.34125],[102.96154,4.34013],[102.96182,4.34014],[102.96182,4.33958],[102.9621,4.33958],[102.9621,4.33874],[102.96293,4.33875],[102.96293,4.33819],[102.96349,4.33819],[102.96349,4.33847],[102.96376,4.33847],[102.96376,4.33819],[102.96404,4.33819],[102.96404,4.33763],[102.96432,4.33763],[102.96432,4.33736],[102.96487,4.33736],[102.96487,4.33708],[102.96515,4.33708],[102.96515,4.33569],[102.96543,4.33569],[102.96543,4.33513],[102.96598,4.33513],[102.96598,4.33541],[102.96682,4.33541],[102.96682,4.33513],[102.96709,4.33513],[102.96709,4.33541],[102.96931,4.33541],[102.96931,4.33513],[102.96987,4.33513],[102.96986,4.33569],[102.97014,4.33569],[102.97014,4.33597],[102.9707,4.33597],[102.9707,4.33653],[102.97125,4.33653],[102.97125,4.33681],[102.97153,4.33681],[102.97153,4.33708],[102.97208,4.33708],[102.97208,4.33653],[102.97236,4.33653],[102.97236,4.33569],[102.9743,4.33569],[102.9743,4.33542],[102.97458,4.33542],[102.97458,4.33458],[102.97513,4.33458],[102.97513,4.3343],[102.97541,4.3343],[102.97602,4.33433],[102.97614,4.33458],[102.97614,4.3346],[102.97614,4.3346],[102.97659,4.33499],[102.97743,4.33556],[102.97844,4.33564],[102.97907,4.33568],[102.97974,4.33597],[102.98018,4.33629],[102.98033,4.33646],[102.98037,4.3365],[102.98073,4.33669],[102.98098,4.33669],[102.98127,4.33669],[102.98184,4.3365],[102.98258,4.33612],[102.98293,4.33597],[102.98325,4.33564],[102.98357,4.3353],[102.98411,4.33474],[102.98466,4.33415],[102.98512,4.33396],[102.98569,4.33396],[102.98604,4.33402],[102.98741,4.33473],[102.98798,4.33526],[102.98838,4.33492],[102.9888,4.33492],[102.98947,4.33496],[102.99023,4.33504],[102.99111,4.33511],[102.99141,4.33513],[102.99143,4.33502],[102.99143,4.33498],[102.99145,4.33483],[102.99143,4.33458],[102.99151,4.33423],[102.99178,4.33368],[102.99246,4.33322],[102.99317,4.33289],[102.99363,4.33257],[102.9943,4.33223],[102.99517,4.33177],[102.99577,4.33154],[102.99638,4.33123],[102.99706,4.33091],[102.99762,4.33075],[102.99809,4.33089],[102.99855,4.33118],[102.99882,4.33145],[102.99884,4.33145],[102.99933,4.33154],[102.99998,4.33139],[103.00061,4.33104],[103.00109,4.33066],[103.00158,4.3302],[103.00208,4.32995],[103.00265,4.32988],[103.00317,4.32994],[103.00393,4.33028],[103.00431,4.33032],[103.00477,4.33032],[103.00515,4.3303],[103.00582,4.33013],[103.00633,4.3299],[103.00698,4.32967],[103.0075,4.32956],[103.00809,4.32956],[103.00841,4.32962],[103.00868,4.32981],[103.00895,4.33013],[103.00923,4.33054],[103.0095,4.331],[103.00965,4.3313],[103.00984,4.33172],[103.00999,4.33205],[103.01034,4.33241],[103.01066,4.3326],[103.01112,4.33276],[103.01161,4.3328],[103.01199,4.33272],[103.0127,4.33257],[103.01306,4.33268],[103.01346,4.33287],[103.01384,4.33299],[103.01432,4.33318],[103.01482,4.33332],[103.0152,4.33351],[103.0152,4.33355],[103.0152,4.3336],[103.01522,4.33391],[103.0152,4.33435],[103.0152,4.33477],[103.0152,4.33525],[103.01525,4.33575],[103.01539,4.33609],[103.01542,4.33659],[103.01527,4.33713],[103.01512,4.33743],[103.01476,4.33782],[103.01441,4.3382],[103.01401,4.3386],[103.01365,4.33902],[103.0134,4.33935],[103.01311,4.33971],[103.01268,4.33992],[103.01216,4.33998],[103.01165,4.34],[103.01102,4.34001],[103.01039,4.33999],[103.01004,4.34001],[103.00959,4.34009],[103.0092,4.34024],[103.00913,4.34049],[103.00913,4.34068],[103.00892,4.34151],[103.00876,4.34173],[103.00871,4.34183],[103.00867,4.34189],[103.00821,4.3426],[103.00777,4.34294],[103.00745,4.34321],[103.00726,4.34328],[103.0068,4.34328],[103.00626,4.34323],[103.00607,4.34334],[103.0059,4.34361],[103.00577,4.3443],[103.00609,4.34635],[103.00613,4.34916],[103.0062,4.34949],[103.00622,4.34956],[103.00624,4.34964],[103.00626,4.34972],[103.00628,4.34975],[103.00635,4.35006],[103.00637,4.35014],[103.0066,4.35067],[103.00704,4.35129],[103.00719,4.3515],[103.00744,4.35205],[103.00753,4.3528],[103.00744,4.35353],[103.00746,4.35414],[103.0077,4.35475],[103.00784,4.35515],[103.00789,4.35605],[103.00785,4.35644],[103.00732,4.35671],[103.00688,4.35705],[103.00669,4.35737],[103.006,4.35831],[103.00589,4.35862],[103.00581,4.35956],[103.006,4.36009],[103.00608,4.36023],[103.00671,4.36151],[103.00697,4.3621],[103.00707,4.3623],[103.00718,4.36281],[103.00714,4.36312],[103.00693,4.36337],[103.00623,4.36427],[103.00607,4.36452],[103.00603,4.36545],[103.00596,4.36572],[103.00556,4.36608],[103.00521,4.36643],[103.00498,4.36695],[103.00496,4.36733],[103.00523,4.36781],[103.00536,4.36806],[103.00548,4.36855],[103.00557,4.36892],[103.0059,4.36945],[103.00607,4.37009],[103.00603,4.37039],[103.00599,4.37087],[103.00637,4.37194],[103.00656,4.37305],[103.00662,4.37328],[103.00549,4.37434],[103.00509,4.3747],[103.00486,4.37489],[103.00448,4.3755],[103.00443,4.3758],[103.0044,4.37598],[103.00444,4.37615],[103.00456,4.37665],[103.0052,4.3778],[103.00532,4.37801],[103.00553,4.37839],[103.00583,4.37954],[103.00631,4.38119],[103.00654,4.38152],[103.00586,4.38191],[103.00558,4.38191],[103.00558,4.38219],[103.0053,4.38219],[103.0053,4.38247],[103.00503,4.38247],[103.00503,4.38275],[103.0042,4.38275],[103.00419,4.3833],[103.00364,4.3833],[103.00364,4.38358],[103.00336,4.38358],[103.00336,4.38386],[103.00281,4.38386],[103.00281,4.38414],[103.00253,4.38414],[103.00253,4.38441],[103.0017,4.38441],[103.0017,4.38469],[103.00142,4.38469],[103.00142,4.38497],[102.9992,4.38497],[102.9992,4.38525],[102.99893,4.38525],[102.99893,4.38552],[102.99837,4.38552],[102.99837,4.3858],[102.99782,4.3858],[102.99782,4.38608],[102.99671,4.38608],[102.99671,4.38691],[102.99643,4.38691],[102.99643,4.38747],[102.99615,4.38747],[102.99615,4.3883],[102.99587,4.3883],[102.99587,4.38914],[102.9956,4.38914],[102.9956,4.38997],[102.99504,4.38997],[102.99504,4.39025],[102.99476,4.39025],[102.99476,4.39053],[102.99449,4.39053],[102.99448,4.39192],[102.99421,4.39192],[102.99421,4.3922],[102.99393,4.3922],[102.99393,4.39248],[102.99365,4.39248],[102.99365,4.39275],[102.99227,4.39275],[102.99227,4.39303],[102.99171,4.39303],[102.99171,4.39386],[102.99143,4.39386],[102.99143,4.39414],[102.99116,4.39414],[102.99116,4.39442],[102.98977,4.39442],[102.98977,4.3947],[102.98894,4.3947],[102.98894,4.39498],[102.98866,4.39498],[102.98866,4.39553],[102.98838,4.39553],[102.98838,4.39581],[102.98811,4.39581],[102.9881,4.39664],[102.98783,4.39664],[102.98783,4.39692],[102.98727,4.39692],[102.98727,4.3972],[102.987,4.3972],[102.987,4.39748],[102.98644,4.39748],[102.98644,4.39776],[102.98589,4.39776],[102.98589,4.39803],[102.98561,4.39803],[102.98561,4.39775],[102.98478,4.39775],[102.98478,4.39748],[102.98422,4.39748],[102.98422,4.39692],[102.98395,4.39692],[102.98395,4.39664],[102.98367,4.39664],[102.98367,4.39636],[102.98284,4.39636],[102.98284,4.39692],[102.98228,4.39692],[102.98228,4.3972],[102.98173,4.39719],[102.98173,4.39775],[102.98117,4.39775],[102.98117,4.39803],[102.98062,4.39803],[102.98062,4.39831],[102.97951,4.39831],[102.97951,4.39914],[102.97923,4.39914],[102.97923,4.39942],[102.97868,4.39942],[102.97868,4.39914],[102.97812,4.39914],[102.97812,4.39886],[102.97701,4.39886],[102.97701,4.39858],[102.97591,4.39858],[102.97591,4.39886],[102.97563,4.39886],[102.97563,4.39914],[102.97591,4.39914],[102.9759,4.39969],[102.97535,4.39969],[102.97535,4.40025],[102.9748,4.40025],[102.9748,4.39997],[102.97452,4.39997],[102.97452,4.39969],[102.97424,4.39969],[102.97424,4.39997],[102.97286,4.39997],[102.97285,4.40025],[102.97258,4.40025],[102.97258,4.40033],[102.97258,4.40053],[102.9723,4.40053],[102.9723,4.4008],[102.97258,4.4008],[102.97258,4.40108],[102.97285,4.40108],[102.97285,4.40136],[102.97313,4.40136],[102.97313,4.40192],[102.97341,4.40192],[102.97341,4.40247],[102.97396,4.40247],[102.97396,4.40331],[102.97424,4.40331],[102.97424,4.40414],[102.97396,4.40414],[102.97396,4.40554],[102.97368,4.40554],[102.97368,4.40581],[102.9734,4.40581],[102.9734,4.40609],[102.97285,4.40609],[102.97285,4.40637],[102.97257,4.40637],[102.97257,4.40693],[102.97285,4.40693],[102.97285,4.40748],[102.97229,4.40748],[102.97229,4.40776],[102.97202,4.40776],[102.97202,4.40804],[102.97174,4.40804],[102.97174,4.40776],[102.97146,4.40776],[102.97146,4.40804],[102.97118,4.40804],[102.97118,4.40832],[102.97063,4.40831],[102.97063,4.40859],[102.9698,4.40859],[102.9698,4.40887],[102.96924,4.40887],[102.96924,4.40915],[102.96841,4.40915],[102.96841,4.40943],[102.96786,4.40943],[102.96786,4.40915],[102.96703,4.40915],[102.96703,4.40859],[102.96675,4.40859],[102.96675,4.40831],[102.96647,4.40831],[102.96647,4.40803],[102.96619,4.40803],[102.96619,4.40775],[102.96453,4.40775],[102.96453,4.40747],[102.96398,4.40747],[102.96398,4.40775],[102.9637,4.40775],[102.9637,4.40803],[102.96342,4.40803],[102.96342,4.40859],[102.96314,4.40859],[102.96314,4.40998],[102.96287,4.40998],[102.96287,4.41026],[102.96065,4.41025],[102.96065,4.41053],[102.96037,4.41053],[102.96037,4.41081],[102.96009,4.41081],[102.96009,4.41109]]]},"properties":{"FID":1,"Sector":"AYER PUTEH","SectorID":"Sec2","source_layer":"Sector"}},{"type":"Feature","id":2,"geometry":{"type":"Polygon","coordinates":[[[102.84953,4.36701],[102.84925,4.36701],[102.84925,4.36673],[102.84787,4.36673],[102.84787,4.36645],[102.84731,4.36645],[102.84731,4.36618],[102.84676,4.36618],[102.84676,4.3659],[102.84648,4.3659],[102.84648,4.36562],[102.8462,4.36562],[102.8462,4.36534],[102.84565,4.36534],[102.84565,4.36478],[102.84537,4.36478],[102.84537,4.3645],[102.84565,4.3645],[102.84565,4.36423],[102.84537,4.36423],[102.84537,4.36395],[102.84482,4.36395],[102.84482,4.36339],[102.84454,4.36339],[102.84454,4.36144],[102.84427,4.36144],[102.84427,4.36061],[102.84399,4.36061],[102.84399,4.35894],[102.84372,4.35894],[102.84372,4.35866],[102.84344,4.35866],[102.84344,4.3581],[102.84316,4.3581],[102.84316,4.35782],[102.84289,4.35782],[102.84289,4.35727],[102.84261,4.35727],[102.84261,4.35504],[102.84233,4.35504],[102.84233,4.35476],[102.84261,4.35476],[102.84261,4.35421],[102.84233,4.35421],[102.84233,4.35393],[102.84178,4.35393],[102.84178,4.35365],[102.8415,4.35365],[102.8415,4.35337],[102.84123,4.35337],[102.84123,4.35281],[102.84067,4.35281],[102.84067,4.35226],[102.83956,4.35225],[102.83957,4.3517],[102.83901,4.3517],[102.83901,4.35142],[102.83763,4.35142],[102.83763,4.35114],[102.83707,4.35114],[102.83707,4.35086],[102.83652,4.35086],[102.83652,4.35058],[102.83596,4.35058],[102.83596,4.3503],[102.83541,4.3503],[102.83541,4.35002],[102.83402,4.35002],[102.83402,4.34947],[102.83375,4.34947],[102.83375,4.34919],[102.83291,4.34919],[102.83291,4.34947],[102.83236,4.34946],[102.83236,4.34974],[102.83208,4.34974],[102.83208,4.34919],[102.83125,4.34918],[102.83125,4.34946],[102.8307,4.34946],[102.8307,4.34918],[102.83042,4.34918],[102.83042,4.34946],[102.83014,4.34946],[102.83014,4.34974],[102.82876,4.34974],[102.82876,4.34946],[102.82903,4.34946],[102.82904,4.34807],[102.82931,4.34807],[102.82931,4.34751],[102.82959,4.34751],[102.82959,4.34696],[102.82987,4.34696],[102.82987,4.3464],[102.82959,4.3464],[102.82959,4.34445],[102.82987,4.34445],[102.82987,4.34362],[102.83015,4.34362],[102.83015,4.34223],[102.82987,4.34223],[102.82987,4.34195],[102.8296,4.34195],[102.8296,4.34167],[102.82987,4.34167],[102.82987,4.34111],[102.83015,4.34111],[102.83015,4.34084],[102.82987,4.34084],[102.82988,4.33944],[102.8296,4.33944],[102.8296,4.33889],[102.82988,4.33889],[102.82988,4.33805],[102.82932,4.33805],[102.82932,4.3375],[102.82905,4.3375],[102.82905,4.33722],[102.82766,4.33722],[102.82766,4.33694],[102.826,4.33694],[102.826,4.33721],[102.82517,4.33721],[102.82517,4.33693],[102.82489,4.33693],[102.82489,4.33666],[102.82434,4.33666],[102.82434,4.33638],[102.82378,4.33638],[102.82378,4.3361],[102.82323,4.3361],[102.82323,4.33582],[102.8224,4.33582],[102.8224,4.3361],[102.82073,4.3361],[102.82073,4.33526],[102.82101,4.33526],[102.82101,4.33303],[102.82129,4.33303],[102.82129,4.3322],[102.82101,4.3322],[102.82101,4.33192],[102.82018,4.33192],[102.82018,4.33164],[102.81991,4.33164],[102.81991,4.33136],[102.81963,4.33136],[102.81963,4.33109],[102.81935,4.33109],[102.81935,4.33081],[102.81824,4.33081],[102.81824,4.33053],[102.81797,4.33053],[102.81797,4.33025],[102.81741,4.33025],[102.81741,4.32886],[102.81769,4.32886],[102.81769,4.32802],[102.81741,4.32802],[102.81742,4.32663],[102.81714,4.32663],[102.81714,4.32635],[102.81686,4.32635],[102.81686,4.3258],[102.81659,4.32579],[102.81659,4.32468],[102.81631,4.32468],[102.81631,4.32413],[102.81603,4.32412],[102.81576,4.32412],[102.81576,4.32385],[102.81492,4.32385],[102.81492,4.32412],[102.81465,4.32412],[102.81465,4.32385],[102.81409,4.32384],[102.81409,4.32357],[102.81354,4.32357],[102.81354,4.32384],[102.81271,4.32384],[102.81271,4.32412],[102.81188,4.32412],[102.81187,4.3244],[102.81132,4.3244],[102.81132,4.32468],[102.81049,4.32468],[102.81049,4.32495],[102.80993,4.32495],[102.80993,4.32467],[102.80966,4.32467],[102.80966,4.3244],[102.80938,4.3244],[102.80938,4.32356],[102.80883,4.32356],[102.80883,4.32328],[102.80855,4.32328],[102.80855,4.32273],[102.80827,4.32272],[102.80827,4.32189],[102.80855,4.32189],[102.80855,4.32106],[102.80883,4.32106],[102.80883,4.32078],[102.80911,4.32078],[102.80911,4.32022],[102.80883,4.32022],[102.80883,4.31744],[102.80856,4.31744],[102.80856,4.31716],[102.80828,4.31716],[102.80828,4.31688],[102.808,4.31688],[102.808,4.31632],[102.80773,4.31632],[102.80773,4.31605],[102.80745,4.31605],[102.80745,4.31493],[102.8069,4.31493],[102.8069,4.31465],[102.80662,4.31465],[102.80662,4.31382],[102.80717,4.31382],[102.80718,4.31271],[102.8069,4.31271],[102.8069,4.31243],[102.80718,4.31243],[102.80718,4.3102],[102.80746,4.3102],[102.80746,4.30992],[102.80829,4.30992],[102.80829,4.30965],[102.80884,4.30965],[102.80884,4.30937],[102.80912,4.30937],[102.80912,4.30909],[102.80967,4.30909],[102.80967,4.30881],[102.80995,4.30881],[102.80995,4.30826],[102.80968,4.30826],[102.80968,4.30798],[102.81189,4.30798],[102.81189,4.30659],[102.81217,4.30659],[102.81217,4.30603],[102.81356,4.30604],[102.81356,4.30576],[102.81411,4.30576],[102.81412,4.30353],[102.81439,4.30353],[102.81439,4.30325],[102.81495,4.30325],[102.81495,4.30298],[102.81523,4.30298],[102.81523,4.30242],[102.8155,4.30242],[102.8155,4.30186],[102.81606,4.30186],[102.81606,4.30131],[102.81634,4.30131],[102.81634,4.30047],[102.81661,4.30047],[102.81661,4.3002],[102.818,4.3002],[102.818,4.29992],[102.81828,4.29992],[102.81828,4.29881],[102.81828,4.29853],[102.81772,4.29853],[102.81772,4.29825],[102.81745,4.29825],[102.81745,4.29797],[102.81689,4.29797],[102.81689,4.29713],[102.81634,4.29713],[102.81634,4.29658],[102.81579,4.29658],[102.81579,4.2963],[102.81551,4.2963],[102.81551,4.29574],[102.81523,4.29574],[102.81523,4.29546],[102.81496,4.29546],[102.81496,4.29518],[102.81479,4.29518],[102.81468,4.29518],[102.81468,4.29491],[102.81496,4.29491],[102.81496,4.29463],[102.81468,4.29463],[102.81468,4.29435],[102.81357,4.29435],[102.81357,4.29379],[102.81385,4.29379],[102.81385,4.2924],[102.81357,4.2924],[102.81357,4.29212],[102.8133,4.29212],[102.8133,4.29184],[102.81282,4.29184],[102.81284,4.29157],[102.81298,4.29017],[102.81302,4.28976],[102.81302,4.28966],[102.81301,4.28962],[102.81263,4.28823],[102.81256,4.28795],[102.81247,4.28764],[102.81233,4.28713],[102.81236,4.28711],[102.815,4.28563],[102.81561,4.28517],[102.81609,4.28479],[102.81708,4.28489],[102.81784,4.28497],[102.82099,4.28548],[102.82288,4.28599],[102.82514,4.28659],[102.8278,4.28657],[102.82811,4.28602],[102.82877,4.28486],[102.8291,4.2844],[102.82962,4.2837],[102.83081,4.28269],[102.83162,4.28218],[102.8317,4.28212],[102.83243,4.28166],[102.83258,4.28157],[102.83271,4.28149],[102.83304,4.28128],[102.8349,4.28011],[102.8346,4.27907],[102.83447,4.27862],[102.83402,4.27701],[102.83404,4.27608],[102.83405,4.27569],[102.8324,4.27185],[102.83348,4.2712],[102.83499,4.27044],[102.83543,4.27022],[102.83691,4.26922],[102.83937,4.26636],[102.84,4.26562],[102.8428,4.26271],[102.84537,4.26063],[102.85,4.25704],[102.85036,4.25676],[102.85048,4.25671],[102.85147,4.25627],[102.85152,4.25625],[102.85159,4.25622],[102.85198,4.25604],[102.85335,4.25544],[102.85395,4.25517],[102.85408,4.25511],[102.8546,4.25488],[102.85462,4.25487],[102.85464,4.25486],[102.85523,4.2546],[102.85532,4.25456],[102.8555,4.25448],[102.85602,4.25413],[102.86114,4.2507],[102.86136,4.25069],[102.86297,4.25062],[102.86464,4.25032],[102.86883,4.24762],[102.86921,4.24763],[102.86934,4.24764],[102.86935,4.24764],[102.87029,4.24767],[102.87121,4.24861],[102.87138,4.24878],[102.87211,4.24931],[102.87314,4.25007],[102.87511,4.25144],[102.87716,4.25272],[102.88002,4.25525],[102.88223,4.25711],[102.88301,4.25766],[102.88582,4.25964],[102.88568,4.25964],[102.88568,4.25992],[102.88484,4.25992],[102.88484,4.2602],[102.88401,4.2602],[102.88401,4.26048],[102.88373,4.26048],[102.88373,4.26075],[102.88346,4.26075],[102.88346,4.26103],[102.88318,4.26103],[102.88318,4.26131],[102.8829,4.26131],[102.8829,4.26215],[102.88318,4.26215],[102.88318,4.26326],[102.88345,4.26326],[102.88345,4.26354],[102.88373,4.26354],[102.88373,4.26382],[102.88401,4.26382],[102.88401,4.26409],[102.88429,4.26409],[102.88428,4.26521],[102.88456,4.26521],[102.88456,4.26604],[102.88428,4.26604],[102.88428,4.26632],[102.88401,4.26632],[102.88401,4.2666],[102.88345,4.2666],[102.88345,4.26688],[102.88317,4.26688],[102.88317,4.26715],[102.88345,4.26715],[102.88345,4.26799],[102.88373,4.26799],[102.88373,4.26827],[102.88345,4.26827],[102.88345,4.26882],[102.88317,4.26882],[102.88317,4.26938],[102.88289,4.26938],[102.88289,4.27021],[102.88317,4.27021],[102.88317,4.27105],[102.88289,4.27105],[102.88289,4.27161],[102.88261,4.27161],[102.88261,4.27188],[102.88289,4.27188],[102.88289,4.27272],[102.88234,4.27272],[102.88234,4.273],[102.88206,4.273],[102.88206,4.27327],[102.8815,4.27327],[102.8815,4.273],[102.88095,4.273],[102.88095,4.27244],[102.88012,4.27244],[102.88012,4.27272],[102.87984,4.27272],[102.87984,4.27355],[102.87956,4.27355],[102.87956,4.27411],[102.87984,4.27411],[102.87984,4.27439],[102.87956,4.27439],[102.87956,4.27522],[102.87984,4.27522],[102.87984,4.2755],[102.87956,4.2755],[102.87956,4.27661],[102.87984,4.27661],[102.87984,4.27689],[102.88011,4.27689],[102.88011,4.27745],[102.87984,4.27745],[102.87984,4.278],[102.87956,4.278],[102.87956,4.27884],[102.87984,4.27884],[102.87983,4.27912],[102.88011,4.27912],[102.88011,4.27995],[102.88039,4.27995],[102.88039,4.28023],[102.88067,4.28023],[102.88066,4.28134],[102.88039,4.28134],[102.88039,4.28162],[102.88066,4.28162],[102.88066,4.28273],[102.88094,4.28273],[102.88094,4.28329],[102.88122,4.28329],[102.88122,4.28357],[102.88149,4.28357],[102.88149,4.28524],[102.88038,4.28524],[102.88038,4.28552],[102.87955,4.28552],[102.87955,4.28579],[102.87789,4.28579],[102.87789,4.28551],[102.87678,4.28551],[102.87678,4.28607],[102.87706,4.28607],[102.87706,4.28663],[102.8765,4.28663],[102.8765,4.2869],[102.87622,4.2869],[102.87622,4.28774],[102.87567,4.28774],[102.87567,4.28885],[102.87539,4.28885],[102.87539,4.28968],[102.87483,4.28968],[102.87483,4.28996],[102.87428,4.28996],[102.87428,4.28968],[102.874,4.28968],[102.874,4.28941],[102.87317,4.2894],[102.87317,4.28913],[102.87289,4.28913],[102.87289,4.28968],[102.87262,4.28968],[102.87262,4.29024],[102.87206,4.29024],[102.87206,4.29079],[102.87178,4.29079],[102.87178,4.29191],[102.87151,4.29191],[102.87151,4.29219],[102.87123,4.29218],[102.87123,4.29246],[102.87067,4.29246],[102.87067,4.29302],[102.87012,4.29302],[102.87012,4.29274],[102.86984,4.29274],[102.86984,4.29302],[102.86818,4.29302],[102.86818,4.29329],[102.86762,4.29329],[102.86762,4.29357],[102.86735,4.29357],[102.86735,4.29413],[102.86762,4.29413],[102.86762,4.29524],[102.86734,4.29524],[102.86734,4.29552],[102.86679,4.29552],[102.86679,4.29608],[102.86651,4.29608],[102.86651,4.29663],[102.86623,4.29663],[102.86623,4.29691],[102.86568,4.29691],[102.86568,4.29719],[102.8654,4.29719],[102.8654,4.29886],[102.86512,4.29886],[102.86512,4.29941],[102.86485,4.29941],[102.86485,4.29913],[102.86457,4.29913],[102.86457,4.29941],[102.86429,4.29941],[102.86429,4.29969],[102.86401,4.29969],[102.86401,4.29997],[102.86374,4.29997],[102.86374,4.30052],[102.86401,4.30053],[102.86401,4.30136],[102.86373,4.30136],[102.86373,4.30164],[102.86346,4.30164],[102.86346,4.30192],[102.86373,4.30192],[102.86373,4.30219],[102.86401,4.30219],[102.86401,4.30247],[102.86429,4.30247],[102.86429,4.30275],[102.86512,4.30275],[102.8654,4.30275],[102.8654,4.30387],[102.86512,4.30387],[102.86512,4.30414],[102.86484,4.30414],[102.86484,4.30442],[102.86401,4.30442],[102.86401,4.3047],[102.86345,4.3047],[102.86345,4.30498],[102.86318,4.30498],[102.86318,4.30581],[102.86262,4.30581],[102.86262,4.30609],[102.86262,4.30665],[102.86373,4.30665],[102.86373,4.3072],[102.86401,4.3072],[102.864,4.30832],[102.86317,4.30832],[102.86317,4.30859],[102.8629,4.30859],[102.86328,4.30888],[102.86413,4.30992],[102.86456,4.31056],[102.86485,4.31119],[102.86493,4.31145],[102.86502,4.31158],[102.86519,4.31174],[102.86539,4.31179],[102.86574,4.31181],[102.86603,4.31172],[102.86639,4.31161],[102.86681,4.31142],[102.86717,4.31124],[102.86741,4.31099],[102.86759,4.31049],[102.86765,4.31009],[102.86773,4.30984],[102.86784,4.30964],[102.86799,4.3095],[102.86828,4.30942],[102.86857,4.30943],[102.86883,4.3095],[102.86902,4.30971],[102.86913,4.31005],[102.86931,4.31063],[102.8699,4.31096],[102.87035,4.31122],[102.87054,4.31152],[102.87066,4.31196],[102.87067,4.31235],[102.87054,4.31268],[102.8703,4.31285],[102.87001,4.31294],[102.86983,4.31316],[102.86983,4.31348],[102.86992,4.31379],[102.86992,4.31402],[102.86979,4.31489],[102.86962,4.3165],[102.86959,4.317],[102.86968,4.31736],[102.86976,4.31751],[102.86987,4.31759],[102.87011,4.31764],[102.87031,4.3178],[102.87053,4.31812],[102.87073,4.31844],[102.87072,4.31892],[102.87066,4.31932],[102.87046,4.31956],[102.87004,4.31982],[102.8693,4.32006],[102.86886,4.32022],[102.8687,4.32035],[102.8687,4.32056],[102.86876,4.32095],[102.86886,4.32126],[102.8691,4.32157],[102.86978,4.32179],[102.87074,4.3221],[102.87142,4.32286],[102.87253,4.32407],[102.87331,4.32534],[102.87376,4.32614],[102.8743,4.32672],[102.87465,4.32694],[102.87503,4.32691],[102.87539,4.32668],[102.87564,4.32651],[102.87597,4.32656],[102.87606,4.32682],[102.87618,4.32721],[102.87658,4.3275],[102.87703,4.3278],[102.8771,4.32809],[102.87712,4.32831],[102.87702,4.3286],[102.87692,4.32888],[102.87705,4.32932],[102.87721,4.32972],[102.87806,4.33141],[102.87858,4.33217],[102.87872,4.33271],[102.87879,4.33326],[102.87869,4.33361],[102.87852,4.33404],[102.87838,4.33421],[102.87841,4.3344],[102.87851,4.33452],[102.87867,4.33453],[102.87892,4.33446],[102.87959,4.33456],[102.88014,4.33496],[102.88046,4.33523],[102.88057,4.33543],[102.88075,4.3356],[102.88099,4.33573],[102.88113,4.33578],[102.88144,4.33588],[102.88202,4.33605],[102.88271,4.33662],[102.88334,4.33723],[102.88389,4.33784],[102.88465,4.33845],[102.88493,4.33901],[102.88489,4.33965],[102.88469,4.34026],[102.88451,4.34063],[102.88452,4.341],[102.88465,4.34115],[102.88542,4.34139],[102.88579,4.34152],[102.88593,4.34178],[102.88596,4.34217],[102.88583,4.34314],[102.88535,4.34388],[102.88497,4.34464],[102.88484,4.34518],[102.88481,4.34545],[102.88481,4.34563],[102.88485,4.34577],[102.88493,4.34581],[102.88514,4.3458],[102.88537,4.34557],[102.88565,4.34515],[102.88593,4.34504],[102.88656,4.34472],[102.88705,4.3444],[102.88725,4.3444],[102.88745,4.34448],[102.88816,4.34461],[102.88892,4.34477],[102.88927,4.34498],[102.88971,4.34534],[102.88989,4.3457],[102.89,4.34632],[102.89043,4.34764],[102.89064,4.34822],[102.89076,4.34863],[102.891,4.34891],[102.89145,4.349],[102.89186,4.349],[102.89261,4.34883],[102.89305,4.34861],[102.89311,4.34836],[102.89319,4.34816],[102.89346,4.34777],[102.89372,4.34748],[102.89404,4.34716],[102.89428,4.34702],[102.89454,4.34704],[102.89476,4.34715],[102.89502,4.34754],[102.89545,4.34779],[102.89599,4.3479],[102.89665,4.3479],[102.89707,4.3479],[102.89749,4.34801],[102.89772,4.34841],[102.89785,4.34914],[102.89817,4.34979],[102.89855,4.35015],[102.89929,4.35066],[102.89964,4.35071],[102.89995,4.35055],[102.90038,4.35011],[102.90057,4.34954],[102.90078,4.34926],[102.90098,4.34917],[102.90141,4.34934],[102.9016,4.34954],[102.90144,4.34976],[102.90135,4.3499],[102.90131,4.35012],[102.90135,4.35043],[102.90161,4.35099],[102.9022,4.35151],[102.9029,4.35177],[102.90311,4.35192],[102.9034,4.35221],[102.90348,4.35242],[102.9034,4.35262],[102.90325,4.35275],[102.9027,4.35297],[102.90231,4.35299],[102.90179,4.35282],[102.90136,4.35258],[102.90112,4.35254],[102.90072,4.35264],[102.90026,4.35303],[102.90024,4.35332],[102.90038,4.35353],[102.90063,4.3537],[102.90092,4.35363],[102.90125,4.35364],[102.9016,4.35368],[102.902,4.35391],[102.90242,4.35429],[102.90281,4.35459],[102.90316,4.35476],[102.90365,4.35481],[102.90408,4.35494],[102.90437,4.35523],[102.90437,4.35554],[102.90422,4.35582],[102.904,4.35599],[102.90381,4.35614],[102.90373,4.35635],[102.90377,4.35657],[102.9039,4.3567],[102.90414,4.35686],[102.90456,4.357],[102.90496,4.3574],[102.90512,4.3577],[102.90514,4.35802],[102.90503,4.35826],[102.90485,4.35846],[102.90463,4.35855],[102.90431,4.35852],[102.90393,4.35853],[102.90364,4.35861],[102.90339,4.35882],[102.90333,4.35906],[102.90339,4.35934],[102.9037,4.35975],[102.90419,4.36042],[102.90434,4.36087],[102.9047,4.36151],[102.90442,4.3615],[102.90442,4.36178],[102.90414,4.36178],[102.90414,4.36206],[102.90331,4.36206],[102.90303,4.36206],[102.90303,4.36178],[102.90276,4.36178],[102.90276,4.3615],[102.90248,4.3615],[102.90248,4.36122],[102.90137,4.36122],[102.90137,4.36095],[102.9011,4.36095],[102.90109,4.36122],[102.90054,4.36122],[102.90026,4.36122],[102.90026,4.36094],[102.89999,4.36094],[102.89999,4.35927],[102.89971,4.35927],[102.89971,4.359],[102.89943,4.359],[102.89943,4.35872],[102.89916,4.35872],[102.89916,4.35844],[102.8986,4.35844],[102.8986,4.35816],[102.89833,4.35816],[102.89833,4.35788],[102.89805,4.35788],[102.89805,4.35732],[102.89777,4.35732],[102.89777,4.35705],[102.8975,4.35705],[102.8975,4.35677],[102.89722,4.35677],[102.89722,4.35649],[102.89694,4.35649],[102.89694,4.35593],[102.89639,4.35593],[102.89639,4.35538],[102.89611,4.35538],[102.89611,4.3551],[102.89528,4.3551],[102.89528,4.35482],[102.895,4.35482],[102.895,4.35454],[102.89473,4.35454],[102.89473,4.35398],[102.89445,4.35398],[102.89445,4.35343],[102.89417,4.35343],[102.89417,4.35315],[102.8939,4.35315],[102.8939,4.35259],[102.89362,4.35259],[102.89362,4.35231],[102.89279,4.35231],[102.89279,4.35203],[102.89168,4.35203],[102.89168,4.35175],[102.89085,4.35175],[102.89085,4.35147],[102.89057,4.35147],[102.89057,4.35092],[102.88863,4.35092],[102.88863,4.35064],[102.8878,4.35064],[102.8878,4.35147],[102.88724,4.35147],[102.88724,4.35175],[102.88669,4.35175],[102.88669,4.3523],[102.88613,4.3523],[102.88613,4.35258],[102.88586,4.35258],[102.88586,4.35286],[102.88558,4.35286],[102.88558,4.35314],[102.8853,4.35314],[102.8853,4.35397],[102.88281,4.35397],[102.88281,4.35369],[102.88253,4.35369],[102.88253,4.35341],[102.88225,4.35341],[102.88225,4.35313],[102.88059,4.35313],[102.88059,4.35341],[102.88031,4.35341],[102.88031,4.35369],[102.88003,4.35369],[102.88003,4.35397],[102.87948,4.35397],[102.87948,4.35369],[102.87893,4.35369],[102.87893,4.35397],[102.87809,4.35397],[102.87809,4.35452],[102.87754,4.35452],[102.87754,4.3548],[102.87726,4.3548],[102.87726,4.35508],[102.87643,4.35508],[102.87643,4.35535],[102.87588,4.35535],[102.87587,4.35563],[102.87504,4.35563],[102.87504,4.35591],[102.87449,4.35591],[102.87449,4.35619],[102.87255,4.35619],[102.87255,4.35702],[102.87227,4.35702],[102.87227,4.3573],[102.87144,4.3573],[102.87144,4.35758],[102.87088,4.35758],[102.87088,4.35785],[102.87005,4.35785],[102.87005,4.35757],[102.8695,4.35757],[102.8695,4.35813],[102.86866,4.35813],[102.86866,4.35841],[102.86894,4.35841],[102.86894,4.35896],[102.86922,4.35896],[102.86922,4.35924],[102.8695,4.35924],[102.8695,4.35952],[102.86922,4.35952],[102.86922,4.3598],[102.86866,4.3598],[102.86866,4.36036],[102.86839,4.36036],[102.86838,4.36175],[102.86811,4.36175],[102.86811,4.36202],[102.86783,4.36202],[102.86783,4.36314],[102.86783,4.36342],[102.86727,4.36341],[102.86727,4.36397],[102.86616,4.36397],[102.86616,4.36425],[102.86589,4.36425],[102.86589,4.36397],[102.86533,4.36397],[102.86533,4.36425],[102.86505,4.36425],[102.86505,4.36453],[102.86339,4.36452],[102.86339,4.36397],[102.86284,4.36397],[102.86284,4.36369],[102.86256,4.36369],[102.86256,4.36341],[102.86173,4.36341],[102.86173,4.36369],[102.86145,4.36369],[102.86145,4.36452],[102.86173,4.36452],[102.86173,4.36508],[102.86145,4.36508],[102.86145,4.36563],[102.86173,4.36563],[102.86173,4.36619],[102.86117,4.36619],[102.86117,4.36647],[102.86062,4.36647],[102.86062,4.36619],[102.85923,4.36619],[102.85923,4.36591],[102.85868,4.36591],[102.85868,4.36563],[102.85785,4.36563],[102.85785,4.36591],[102.85757,4.36591],[102.85757,4.36563],[102.85674,4.36563],[102.85674,4.36507],[102.85618,4.36507],[102.85618,4.36479],[102.85591,4.36479],[102.85591,4.36452],[102.85563,4.36452],[102.85563,4.36424],[102.8548,4.36424],[102.8548,4.36396],[102.85452,4.36396],[102.85452,4.36368],[102.85341,4.36368],[102.85341,4.36396],[102.85314,4.36396],[102.85313,4.36479],[102.85286,4.36479],[102.85286,4.36507],[102.85258,4.36507],[102.85258,4.36535],[102.8523,4.36535],[102.8523,4.36507],[102.85119,4.36507],[102.85119,4.36562],[102.85064,4.36562],[102.85064,4.36618],[102.85008,4.36618],[102.85008,4.36646],[102.84981,4.36646],[102.84981,4.36674],[102.84953,4.36673],[102.84953,4.36701]]]},"properties":{"FID":2,"Sector":"BKT. RENGAS","SectorID":"Sec3","source_layer":"Sector"}},{"type":"Feature","id":3,"geometry":{"type":"Polygon","coordinates":[[[102.72163,4.44824],[102.72114,4.44941],[102.71992,4.45],[102.71638,4.45078],[102.71516,4.45123],[102.7134,4.45188],[102.71011,4.45197],[102.70552,4.45196],[102.70337,4.45093],[102.7009,4.44908],[102.69935,4.44792],[102.69799,4.44669],[102.69637,4.44643],[102.69653,4.44546],[102.6969,4.44323],[102.69827,4.44386],[102.70031,4.44481],[102.70233,4.44575],[102.70438,4.44669],[102.70643,4.44764],[102.70653,4.44713],[102.70718,4.44496],[102.70764,4.44275],[102.7081,4.44054],[102.70855,4.43832],[102.70901,4.43611],[102.70742,4.43591],[102.70518,4.43564],[102.70294,4.43536],[102.70071,4.43509],[102.69847,4.43481],[102.69624,4.43454],[102.69421,4.43429],[102.694,4.43426],[102.69176,4.43399],[102.68953,4.43371],[102.68729,4.43344],[102.68506,4.43316],[102.68282,4.43289],[102.68059,4.43261],[102.68036,4.43094],[102.68006,4.42872],[102.68005,4.4287],[102.67975,4.42646],[102.67944,4.42423],[102.67914,4.42199],[102.68113,4.42118],[102.68322,4.42033],[102.68531,4.41948],[102.6874,4.41863],[102.68688,4.41788],[102.68628,4.41718],[102.68569,4.4165],[102.6851,4.41581],[102.6845,4.41512],[102.6839,4.41443],[102.68331,4.41374],[102.68272,4.41306],[102.68213,4.41238],[102.68154,4.41169],[102.68094,4.41101],[102.68035,4.41032],[102.68105,4.40997],[102.68045,4.40929],[102.67985,4.40861],[102.67925,4.40793],[102.67865,4.40725],[102.67805,4.40657],[102.67744,4.40589],[102.67684,4.40521],[102.67671,4.40379],[102.67628,4.40346],[102.67596,4.4028],[102.67634,4.40185],[102.6763,4.40064],[102.6763,4.40064],[102.67538,4.40111],[102.67337,4.40213],[102.67135,4.40314],[102.66934,4.40416],[102.66919,4.40595],[102.66899,4.4082],[102.6688,4.41045],[102.6686,4.41271],[102.66841,4.41496],[102.66821,4.41721],[102.66874,4.41842],[102.66952,4.42054],[102.66954,4.42301],[102.66806,4.42522],[102.6662,4.42654],[102.66436,4.42785],[102.66252,4.42915],[102.66076,4.42748],[102.66045,4.42648],[102.65977,4.42433],[102.65856,4.42365],[102.65757,4.42207],[102.6558,4.42032],[102.6559,4.41783],[102.65675,4.41694],[102.65762,4.41603],[102.65875,4.41544],[102.65952,4.41329],[102.65995,4.41265],[102.66121,4.41078],[102.66129,4.4099],[102.66148,4.40765],[102.66168,4.4054],[102.66187,4.40314],[102.66207,4.40089],[102.66227,4.39864],[102.66085,4.39764],[102.65901,4.39635],[102.65716,4.39505],[102.65828,4.39436],[102.66021,4.39319],[102.66213,4.39202],[102.66342,4.39166],[102.66559,4.39106],[102.66694,4.3911],[102.6692,4.39117],[102.67145,4.39124],[102.6737,4.3913],[102.67588,4.39048],[102.67799,4.38969],[102.6801,4.3889],[102.68221,4.3881],[102.68432,4.38731],[102.68643,4.38652],[102.68619,4.38591],[102.68535,4.38382],[102.68452,4.38172],[102.68368,4.37962],[102.68285,4.37752],[102.68201,4.37542],[102.68118,4.37332],[102.68034,4.37122],[102.67951,4.36912],[102.6787,4.36912],[102.67645,4.36915],[102.6742,4.36919],[102.67195,4.36923],[102.6716,4.36842],[102.67072,4.36634],[102.66984,4.36426],[102.66896,4.36218],[102.66808,4.3601],[102.6672,4.35802],[102.66632,4.35593],[102.66544,4.35385],[102.66456,4.35177],[102.66368,4.34969],[102.6628,4.34761],[102.66192,4.34553],[102.6615,4.34453],[102.66216,4.34453],[102.66216,4.34425],[102.66244,4.34425],[102.66244,4.34397],[102.66272,4.34397],[102.66272,4.34258],[102.66299,4.34258],[102.663,4.34231],[102.66327,4.34231],[102.66327,4.34203],[102.6641,4.34203],[102.6641,4.34231],[102.66549,4.34231],[102.66549,4.34259],[102.66577,4.34259],[102.66577,4.34342],[102.66604,4.34342],[102.66604,4.3437],[102.66632,4.3437],[102.66632,4.34398],[102.6666,4.34398],[102.6666,4.34426],[102.66687,4.34426],[102.66687,4.34398],[102.66798,4.34398],[102.66798,4.34426],[102.66881,4.34426],[102.66881,4.34454],[102.66937,4.34454],[102.66937,4.34426],[102.66909,4.34426],[102.66909,4.34398],[102.66937,4.34398],[102.66937,4.3437],[102.66909,4.3437],[102.66909,4.34287],[102.66937,4.34287],[102.66937,4.34148],[102.66882,4.34148],[102.66882,4.3412],[102.66854,4.3412],[102.66854,4.34064],[102.66882,4.34064],[102.66882,4.33981],[102.6691,4.33981],[102.6691,4.33953],[102.66965,4.33953],[102.66965,4.33925],[102.67021,4.33925],[102.67021,4.3387],[102.67159,4.3387],[102.67159,4.33842],[102.67187,4.33842],[102.67187,4.33814],[102.6727,4.33814],[102.6727,4.33787],[102.67298,4.33787],[102.67298,4.33759],[102.67326,4.33759],[102.67326,4.33703],[102.67381,4.33703],[102.67381,4.33675],[102.67437,4.33675],[102.67437,4.33648],[102.67465,4.33648],[102.67465,4.3362],[102.67492,4.3362],[102.67492,4.33648],[102.6752,4.33648],[102.6752,4.33676],[102.67548,4.33676],[102.67548,4.33703],[102.67603,4.33704],[102.67603,4.33731],[102.67631,4.33731],[102.67631,4.33676],[102.67659,4.33676],[102.67659,4.33592],[102.67686,4.33592],[102.67686,4.33564],[102.67714,4.33565],[102.67714,4.33509],[102.67742,4.33509],[102.67742,4.33481],[102.6777,4.33481],[102.6777,4.33453],[102.67797,4.33453],[102.67797,4.33426],[102.67936,4.33426],[102.67936,4.33398],[102.68047,4.33398],[102.68047,4.33342],[102.68103,4.33342],[102.68103,4.33315],[102.6813,4.33315],[102.6813,4.33287],[102.68158,4.33287],[102.68158,4.33259],[102.68213,4.33259],[102.68213,4.33287],[102.68241,4.33287],[102.68241,4.33315],[102.68297,4.33315],[102.68297,4.33343],[102.6874,4.33343],[102.68768,4.33343],[102.68768,4.33288],[102.68906,4.33288],[102.68907,4.3326],[102.6899,4.3326],[102.6899,4.33288],[102.69073,4.33288],[102.69073,4.33316],[102.69184,4.33316],[102.69184,4.33288],[102.69239,4.33288],[102.69239,4.33316],[102.69267,4.33316],[102.69267,4.33288],[102.6935,4.33288],[102.6935,4.33316],[102.69405,4.33316],[102.69405,4.33344],[102.69489,4.33344],[102.69488,4.33372],[102.69516,4.33372],[102.69516,4.33344],[102.69544,4.33344],[102.69544,4.33289],[102.69572,4.33289],[102.69572,4.33261],[102.69627,4.33261],[102.69627,4.33233],[102.69655,4.33233],[102.69655,4.33205],[102.69683,4.33205],[102.69683,4.33177],[102.69821,4.33178],[102.69821,4.3315],[102.69849,4.3315],[102.69849,4.33178],[102.69988,4.33178],[102.69988,4.3315],[102.70043,4.3315],[102.70043,4.32955],[102.70071,4.32955],[102.70071,4.32928],[102.7021,4.32928],[102.7021,4.329],[102.70265,4.329],[102.70265,4.32872],[102.70293,4.32872],[102.70293,4.32844],[102.70321,4.32844],[102.70321,4.32817],[102.70349,4.32817],[102.70349,4.32789],[102.70376,4.32789],[102.70376,4.32705],[102.7057,4.32706],[102.7057,4.32678],[102.70626,4.32678],[102.70626,4.3265],[102.70654,4.3265],[102.70654,4.32622],[102.7082,4.32622],[102.7082,4.32567],[102.70848,4.32567],[102.70848,4.32511],[102.70959,4.32511],[102.70959,4.32539],[102.71042,4.32539],[102.71042,4.32567],[102.7107,4.32567],[102.7107,4.32595],[102.71153,4.32595],[102.71153,4.32567],[102.7118,4.32567],[102.7118,4.32595],[102.71208,4.32595],[102.71208,4.32651],[102.71236,4.32651],[102.71236,4.32623],[102.71264,4.32623],[102.71263,4.32651],[102.71374,4.32651],[102.71349,4.3272],[102.71359,4.32746],[102.714,4.32756],[102.71483,4.3281],[102.71497,4.32899],[102.71489,4.32979],[102.71446,4.33031],[102.71427,4.3306],[102.71402,4.33059],[102.71351,4.33031],[102.71281,4.32968],[102.7125,4.32932],[102.71195,4.32894],[102.71132,4.32886],[102.71089,4.32939],[102.71037,4.32999],[102.71031,4.33044],[102.71049,4.33098],[102.71064,4.33123],[102.7108,4.33132],[102.71099,4.33129],[102.71117,4.33108],[102.7114,4.33098],[102.7117,4.33098],[102.71202,4.33135],[102.71244,4.33228],[102.71245,4.33262],[102.71237,4.33301],[102.71225,4.33343],[102.71237,4.3336],[102.71263,4.33364],[102.71294,4.33376],[102.71324,4.33409],[102.7133,4.33468],[102.71314,4.33522],[102.71302,4.33574],[102.7131,4.33627],[102.71348,4.33665],[102.71381,4.33703],[102.71417,4.33718],[102.71458,4.33742],[102.71474,4.33781],[102.71487,4.33903],[102.71512,4.33949],[102.71554,4.33971],[102.71591,4.34028],[102.71629,4.34093],[102.71615,4.34151],[102.71589,4.34197],[102.71599,4.34252],[102.71618,4.34271],[102.71641,4.34271],[102.71671,4.34236],[102.71685,4.34198],[102.71722,4.34193],[102.7182,4.34209],[102.71877,4.34211],[102.71927,4.34236],[102.71969,4.34286],[102.71992,4.34394],[102.71975,4.3445],[102.71951,4.34516],[102.7197,4.34543],[102.72008,4.34553],[102.72068,4.34519],[102.72136,4.34476],[102.72228,4.34435],[102.7228,4.34449],[102.7236,4.34482],[102.72404,4.34555],[102.72443,4.34599],[102.72464,4.34653],[102.72439,4.34704],[102.72409,4.34748],[102.72412,4.34811],[102.7245,4.34885],[102.72518,4.35038],[102.72523,4.35056],[102.72538,4.35065],[102.72568,4.35064],[102.7259,4.35069],[102.72613,4.351],[102.72638,4.35169],[102.72632,4.35224],[102.72608,4.35263],[102.72597,4.35299],[102.72606,4.35315],[102.72637,4.35328],[102.72725,4.35327],[102.72772,4.35353],[102.72797,4.35376],[102.72821,4.35398],[102.72825,4.3544],[102.7279,4.35512],[102.72771,4.35551],[102.72761,4.35561],[102.72738,4.35571],[102.727,4.35577],[102.72678,4.35589],[102.72664,4.35617],[102.72667,4.35647],[102.72683,4.35689],[102.72703,4.35724],[102.72753,4.3574],[102.72793,4.35753],[102.72867,4.3576],[102.72912,4.35769],[102.72949,4.35784],[102.72967,4.35805],[102.72976,4.35832],[102.72989,4.35863],[102.73025,4.35889],[102.73059,4.35896],[102.73104,4.35911],[102.73145,4.3594],[102.73164,4.35985],[102.73158,4.36052],[102.73147,4.36113],[102.73141,4.36164],[102.73135,4.36194],[102.73141,4.36216],[102.73158,4.36222],[102.73186,4.36215],[102.73231,4.36208],[102.73264,4.36205],[102.73293,4.36219],[102.73309,4.36241],[102.73328,4.36312],[102.73363,4.36353],[102.73401,4.36392],[102.73421,4.36408],[102.73441,4.36428],[102.73448,4.36447],[102.73457,4.36471],[102.73467,4.36492],[102.73492,4.36502],[102.73516,4.36501],[102.73539,4.36486],[102.73554,4.36457],[102.73559,4.36439],[102.73573,4.36424],[102.73591,4.36415],[102.7362,4.36402],[102.73679,4.36363],[102.73729,4.363],[102.7375,4.36271],[102.73778,4.36249],[102.73823,4.36238],[102.73849,4.36239],[102.73888,4.36265],[102.73908,4.36283],[102.73965,4.36293],[102.74017,4.36306],[102.74044,4.36337],[102.74063,4.36381],[102.74065,4.36458],[102.74065,4.3652],[102.74087,4.36595],[102.7412,4.36666],[102.74127,4.36716],[102.74122,4.36736],[102.74106,4.36763],[102.74092,4.36787],[102.7409,4.36834],[102.74078,4.36869],[102.74047,4.36891],[102.73974,4.36945],[102.73952,4.36974],[102.73943,4.37018],[102.73947,4.37076],[102.73936,4.37098],[102.73913,4.37133],[102.73886,4.37189],[102.73869,4.37239],[102.73866,4.37278],[102.73865,4.37321],[102.73854,4.37369],[102.7383,4.3742],[102.73793,4.37459],[102.73758,4.37514],[102.73754,4.3754],[102.73752,4.37575],[102.73739,4.37597],[102.73659,4.3764],[102.7359,4.3768],[102.73547,4.37712],[102.73527,4.37727],[102.73515,4.37742],[102.73513,4.37755],[102.73527,4.37769],[102.73553,4.37773],[102.7361,4.37767],[102.73654,4.37767],[102.73687,4.37785],[102.737,4.37812],[102.73722,4.37856],[102.73737,4.37891],[102.73753,4.37904],[102.73781,4.37889],[102.73805,4.37854],[102.73823,4.37794],[102.73843,4.37741],[102.73859,4.37714],[102.73872,4.37706],[102.73898,4.37709],[102.73913,4.37732],[102.73912,4.37754],[102.73914,4.37763],[102.73929,4.37773],[102.73949,4.37781],[102.73964,4.37812],[102.73986,4.37845],[102.73989,4.37881],[102.73993,4.37922],[102.73996,4.37948],[102.74004,4.37967],[102.74035,4.37977],[102.74068,4.37955],[102.74119,4.37918],[102.74156,4.37915],[102.74173,4.37934],[102.74187,4.37938],[102.74218,4.37931],[102.74249,4.37945],[102.74265,4.37973],[102.74298,4.38073],[102.74326,4.38128],[102.74338,4.38169],[102.74345,4.38207],[102.74346,4.38242],[102.74327,4.38252],[102.74285,4.38267],[102.74235,4.3828],[102.74193,4.383],[102.74143,4.38349],[102.74118,4.38395],[102.74102,4.38416],[102.7409,4.38426],[102.74071,4.38429],[102.74041,4.38429],[102.73956,4.38414],[102.73802,4.3839],[102.73738,4.3837],[102.73705,4.38368],[102.73681,4.38373],[102.73667,4.38384],[102.73657,4.38409],[102.73673,4.38427],[102.73691,4.38432],[102.7372,4.38445],[102.73751,4.38486],[102.73773,4.38534],[102.73782,4.38591],[102.73773,4.38626],[102.73763,4.38653],[102.73752,4.38666],[102.73709,4.38672],[102.73694,4.38661],[102.73687,4.38626],[102.73688,4.38602],[102.73674,4.38568],[102.73664,4.38538],[102.73635,4.3852],[102.73613,4.38521],[102.73593,4.38534],[102.73577,4.38559],[102.73581,4.38595],[102.73613,4.38653],[102.73629,4.38736],[102.7365,4.38786],[102.73683,4.38821],[102.73745,4.38841],[102.73769,4.38869],[102.7377,4.38895],[102.73749,4.3893],[102.73703,4.38965],[102.73679,4.38987],[102.73661,4.39011],[102.73634,4.391],[102.73595,4.39173],[102.73581,4.39204],[102.73595,4.39234],[102.73619,4.39246],[102.73644,4.3925],[102.73683,4.39247],[102.7378,4.39222],[102.73827,4.39205],[102.73864,4.3921],[102.73883,4.3922],[102.73911,4.39246],[102.73923,4.39302],[102.73923,4.39354],[102.7391,4.3939],[102.73863,4.39545],[102.73843,4.39615],[102.7385,4.39667],[102.73854,4.39707],[102.73846,4.39755],[102.73857,4.39804],[102.73913,4.39846],[102.73966,4.39857],[102.73999,4.39868],[102.73999,4.39889],[102.73999,4.39917],[102.73999,4.4],[102.73971,4.4],[102.73971,4.40028],[102.73945,4.40028],[102.73876,4.4016],[102.73833,4.40173],[102.73784,4.40124],[102.73745,4.40053],[102.73694,4.40034],[102.73642,4.40044],[102.73598,4.40066],[102.7356,4.40198],[102.73557,4.40264],[102.73538,4.40294],[102.73494,4.40294],[102.73472,4.40247],[102.73415,4.40206],[102.73379,4.40222],[102.73363,4.40272],[102.73374,4.40307],[102.73434,4.40357],[102.73496,4.40455],[102.73535,4.40535],[102.73507,4.40581],[102.73469,4.40598],[102.73357,4.40603],[102.73302,4.4062],[102.73272,4.40669],[102.7328,4.4071],[102.73362,4.40746],[102.73461,4.40781],[102.73469,4.40831],[102.73452,4.40916],[102.73387,4.41064],[102.73384,4.41138],[102.73408,4.41225],[102.73487,4.41346],[102.7352,4.4139],[102.73564,4.41395],[102.73618,4.41316],[102.73668,4.4122],[102.73703,4.41193],[102.7376,4.41198],[102.73771,4.41297],[102.73814,4.41648],[102.73795,4.41686],[102.73754,4.41692],[102.73672,4.41675],[102.73462,4.41631],[102.7335,4.41581],[102.73288,4.41565],[102.73249,4.41598],[102.73206,4.41699],[102.73225,4.41776],[102.73331,4.41795],[102.73421,4.41784],[102.73525,4.41801],[102.73574,4.41828],[102.73609,4.41894],[102.73615,4.4213],[102.73584,4.42239],[102.7347,4.42283],[102.73328,4.42283],[102.73191,4.42239],[102.73041,4.42176],[102.72943,4.42058],[102.72888,4.42058],[102.72888,4.42169],[102.7286,4.42169],[102.7286,4.42197],[102.72832,4.42197],[102.72832,4.42225],[102.72832,4.42253],[102.72896,4.42331],[102.7288,4.42378],[102.72842,4.42436],[102.72836,4.42484],[102.72846,4.42542],[102.72873,4.42572],[102.72916,4.4259],[102.73097,4.42623],[102.73136,4.42649],[102.73162,4.42677],[102.73176,4.4274],[102.73169,4.428],[102.73181,4.42836],[102.73203,4.4286],[102.73236,4.42871],[102.73301,4.42869],[102.73361,4.42886],[102.73398,4.42907],[102.7342,4.42937],[102.73417,4.42984],[102.73396,4.43017],[102.73365,4.4304],[102.73324,4.43048],[102.73297,4.4306],[102.73248,4.43104],[102.73231,4.43156],[102.73182,4.43237],[102.73179,4.43286],[102.73187,4.43337],[102.73215,4.43345],[102.73257,4.43337],[102.73321,4.43332],[102.73384,4.43351],[102.73453,4.434],[102.73509,4.43477],[102.73553,4.43521],[102.73575,4.43576],[102.73554,4.43612],[102.73545,4.43636],[102.7354,4.4368],[102.73558,4.43729],[102.73572,4.4375],[102.73574,4.4377],[102.73569,4.43798],[102.73558,4.4382],[102.73542,4.43847],[102.73547,4.43886],[102.73606,4.43923],[102.73634,4.43923],[102.73634,4.43951],[102.73662,4.43951],[102.73662,4.43923],[102.73689,4.43923],[102.73689,4.44068],[102.736,4.44272],[102.73513,4.44375],[102.73356,4.4449],[102.73205,4.44519],[102.72944,4.4446],[102.72634,4.4434],[102.72461,4.44325],[102.72328,4.44342],[102.72293,4.44346],[102.72231,4.44354],[102.721,4.44427],[102.72085,4.4453],[102.72124,4.44667],[102.72163,4.44824]]]},"properties":{"FID":3,"Sector":"BT. KEBAN","SectorID":"Sec4","source_layer":"Sector"}},{"type":"Feature","id":4,"geometry":{"type":"Polygon","coordinates":[[[102.84107,4.50335],[102.83746,4.50334],[102.83746,4.50307],[102.83719,4.50307],[102.83719,4.50279],[102.83691,4.50279],[102.83691,4.50223],[102.83663,4.50223],[102.83663,4.50167],[102.83608,4.50167],[102.83608,4.50112],[102.8358,4.50112],[102.8358,4.50028],[102.83553,4.50028],[102.83553,4.5],[102.83414,4.5],[102.83414,4.49917],[102.83331,4.49917],[102.83331,4.49889],[102.83275,4.49889],[102.83276,4.49833],[102.83303,4.49833],[102.83303,4.4975],[102.83276,4.4975],[102.83276,4.49722],[102.8322,4.49722],[102.8322,4.49666],[102.83054,4.49666],[102.83054,4.49638],[102.82971,4.49638],[102.82971,4.49666],[102.82943,4.49666],[102.82943,4.49721],[102.82915,4.49721],[102.82915,4.49749],[102.82887,4.49749],[102.82887,4.49777],[102.8286,4.49777],[102.8286,4.49805],[102.82804,4.49805],[102.82804,4.49833],[102.82749,4.49833],[102.82749,4.4986],[102.82721,4.4986],[102.82721,4.49805],[102.82693,4.49805],[102.82693,4.49777],[102.8261,4.49777],[102.8261,4.49805],[102.82527,4.49805],[102.82527,4.4986],[102.82471,4.4986],[102.82471,4.49832],[102.82361,4.49832],[102.82361,4.4986],[102.8225,4.4986],[102.8225,4.49804],[102.82083,4.49804],[102.82083,4.49776],[102.82,4.49776],[102.82,4.49804],[102.81972,4.49804],[102.81972,4.49832],[102.81889,4.49832],[102.81889,4.49776],[102.81834,4.49776],[102.81834,4.4972],[102.81806,4.4972],[102.81806,4.49665],[102.81779,4.49665],[102.81779,4.49581],[102.81751,4.49581],[102.81751,4.49553],[102.81668,4.49553],[102.81668,4.49498],[102.8164,4.49497],[102.8164,4.4947],[102.81668,4.4947],[102.81668,4.49442],[102.8164,4.49442],[102.8164,4.49386],[102.81612,4.49386],[102.81613,4.49358],[102.81585,4.49358],[102.81585,4.4933],[102.81557,4.4933],[102.81557,4.49275],[102.81335,4.49275],[102.81335,4.49219],[102.81224,4.49219],[102.81224,4.49247],[102.81169,4.49247],[102.81169,4.49274],[102.81114,4.49274],[102.81113,4.4933],[102.8103,4.4933],[102.8103,4.49302],[102.80947,4.49302],[102.80947,4.4933],[102.80919,4.4933],[102.80919,4.49302],[102.80864,4.49302],[102.80864,4.4933],[102.80836,4.4933],[102.80801,4.49292],[102.80707,4.49216],[102.80641,4.49165],[102.80643,4.49131],[102.80681,4.49086],[102.80764,4.49038],[102.80847,4.48993],[102.80903,4.4897],[102.80949,4.48957],[102.80986,4.48914],[102.80971,4.48878],[102.80932,4.48772],[102.80932,4.48726],[102.80938,4.4869],[102.80974,4.48662],[102.81023,4.48658],[102.81077,4.48649],[102.81094,4.48609],[102.81072,4.48578],[102.81034,4.4856],[102.81023,4.4851],[102.81032,4.48461],[102.81066,4.48431],[102.8111,4.48435],[102.81151,4.48478],[102.81212,4.48507],[102.81225,4.48473],[102.81219,4.48431],[102.81223,4.48402],[102.81244,4.48365],[102.81291,4.48365],[102.81338,4.48355],[102.81387,4.48346],[102.81508,4.48259],[102.81535,4.48217],[102.8152,4.48124],[102.81467,4.48005],[102.81475,4.47924],[102.81505,4.47869],[102.81524,4.47829],[102.81497,4.47804],[102.81409,4.4774],[102.81271,4.47685],[102.81245,4.47597],[102.81277,4.47529],[102.81324,4.47526],[102.81422,4.47556],[102.81477,4.4755],[102.81498,4.47512],[102.81492,4.47456],[102.8152,4.47422],[102.81586,4.47401],[102.81685,4.47373],[102.81777,4.47346],[102.81813,4.4732],[102.81847,4.47246],[102.81917,4.47181],[102.82008,4.47166],[102.82036,4.47146],[102.82042,4.47108],[102.8204,4.47062],[102.82015,4.46966],[102.82004,4.46907],[102.82004,4.4686],[102.82065,4.46822],[102.82144,4.46754],[102.82172,4.46687],[102.82186,4.46621],[102.82171,4.46583],[102.82118,4.46553],[102.82099,4.46538],[102.82095,4.46503],[102.8214,4.46486],[102.82216,4.465],[102.82312,4.46511],[102.82369,4.46496],[102.82397,4.46411],[102.82401,4.46366],[102.8235,4.46343],[102.82295,4.46316],[102.8226,4.46286],[102.82254,4.46254],[102.82258,4.46204],[102.82265,4.46163],[102.82258,4.46127],[102.82228,4.46119],[102.8219,4.46132],[102.82105,4.46161],[102.82058,4.46149],[102.82029,4.46125],[102.82022,4.46072],[102.82028,4.46037],[102.82062,4.46001],[102.82122,4.45975],[102.82209,4.45918],[102.82281,4.45816],[102.82317,4.4571],[102.82374,4.45627],[102.82374,4.45538],[102.82393,4.45471],[102.82451,4.4543],[102.82517,4.45392],[102.8254,4.45328],[102.82532,4.45241],[102.82532,4.45235],[102.82532,4.45213],[102.82517,4.45144],[102.82455,4.45117],[102.82366,4.45111],[102.82306,4.45108],[102.82239,4.45133],[102.82188,4.45137],[102.82128,4.45123],[102.82022,4.45049],[102.81938,4.45011],[102.81889,4.4498],[102.81836,4.44915],[102.81766,4.44821],[102.81681,4.44789],[102.81555,4.448],[102.815,4.44803],[102.81489,4.44808],[102.81419,4.44845],[102.81358,4.4487],[102.81312,4.44867],[102.8123,4.44834],[102.81049,4.44791],[102.80951,4.44777],[102.80922,4.44778],[102.80896,4.44764],[102.80864,4.44739],[102.80813,4.44749],[102.80794,4.44764],[102.80786,4.44784],[102.80794,4.44827],[102.80809,4.44889],[102.80806,4.44929],[102.80801,4.44963],[102.80774,4.44988],[102.80753,4.44987],[102.80738,4.4498],[102.80731,4.44971],[102.80724,4.44962],[102.80716,4.44939],[102.80697,4.44881],[102.80674,4.44824],[102.8065,4.44787],[102.80635,4.44777],[102.80603,4.44781],[102.80585,4.44779],[102.80566,4.44762],[102.80527,4.44696],[102.80479,4.44656],[102.80453,4.44658],[102.80404,4.44691],[102.80333,4.44708],[102.80259,4.4471],[102.80239,4.4471],[102.80277,4.44654],[102.80289,4.44629],[102.8031,4.44583],[102.80308,4.44532],[102.80315,4.44462],[102.8034,4.4433],[102.80353,4.44244],[102.8037,4.44203],[102.80397,4.44168],[102.804,4.44149],[102.80389,4.44116],[102.80341,4.44007],[102.80276,4.43913],[102.80254,4.43851],[102.80238,4.43753],[102.80228,4.43693],[102.80229,4.43639],[102.80247,4.4358],[102.80281,4.43526],[102.80323,4.43474],[102.80366,4.43426],[102.80409,4.43395],[102.80459,4.43373],[102.80507,4.4336],[102.80569,4.43354],[102.80616,4.43354],[102.80648,4.43334],[102.80704,4.4329],[102.80779,4.43214],[102.80807,4.43187],[102.80816,4.4314],[102.80812,4.43095],[102.80796,4.43069],[102.80757,4.43056],[102.80698,4.43042],[102.80671,4.43024],[102.80659,4.4299],[102.80653,4.42953],[102.80657,4.42916],[102.80676,4.4286],[102.80713,4.4279],[102.8076,4.42707],[102.80818,4.42607],[102.80896,4.42571],[102.80933,4.42548],[102.81044,4.42526],[102.81119,4.42523],[102.81154,4.42553],[102.81178,4.42593],[102.81249,4.42596],[102.81316,4.42566],[102.81461,4.42504],[102.81653,4.4244],[102.81715,4.42405],[102.81747,4.42324],[102.81773,4.42211],[102.81881,4.42144],[102.81981,4.42156],[102.82191,4.42191],[102.82403,4.42173],[102.82503,4.42161],[102.82673,4.42064],[102.82831,4.41908],[102.82911,4.41837],[102.83028,4.41831],[102.83244,4.41831],[102.83333,4.41845],[102.83408,4.41879],[102.83457,4.41937],[102.83574,4.42085],[102.83668,4.42144],[102.83726,4.42182],[102.83835,4.4222],[102.83925,4.42234],[102.83972,4.42224],[102.84001,4.42194],[102.8401,4.42157],[102.84004,4.42098],[102.83999,4.42038],[102.84001,4.41944],[102.83994,4.41881],[102.83971,4.41737],[102.83973,4.41677],[102.83978,4.4163],[102.84053,4.41603],[102.84125,4.41593],[102.84193,4.41593],[102.84227,4.41593],[102.84296,4.41598],[102.84352,4.41629],[102.84406,4.41645],[102.84438,4.41702],[102.84503,4.41788],[102.84545,4.41849],[102.84602,4.41853],[102.84651,4.4183],[102.84684,4.41768],[102.84707,4.41697],[102.84718,4.416],[102.84715,4.41554],[102.84702,4.41517],[102.84711,4.41486],[102.8479,4.41447],[102.84856,4.41452],[102.84925,4.41485],[102.84983,4.4152],[102.85072,4.41595],[102.85107,4.41642],[102.85133,4.41684],[102.85188,4.41721],[102.85222,4.41743],[102.85244,4.41743],[102.85273,4.41729],[102.85315,4.41671],[102.85364,4.41549],[102.85407,4.41531],[102.85467,4.41548],[102.85532,4.41578],[102.85564,4.41611],[102.85592,4.41641],[102.85639,4.41653],[102.8568,4.41684],[102.85713,4.4171],[102.8576,4.41783],[102.85795,4.41826],[102.85818,4.41855],[102.85866,4.41894],[102.85901,4.41916],[102.85952,4.41928],[102.85992,4.41923],[102.86018,4.41907],[102.86056,4.41878],[102.86056,4.41989],[102.85973,4.41989],[102.85973,4.42017],[102.85841,4.42017],[102.85807,4.42017],[102.85807,4.42128],[102.85779,4.42128],[102.85779,4.42184],[102.85696,4.42184],[102.85696,4.42156],[102.85668,4.42156],[102.85668,4.42128],[102.85612,4.42128],[102.85612,4.421],[102.85529,4.421],[102.85529,4.42128],[102.85502,4.42128],[102.85502,4.42156],[102.85474,4.42156],[102.85474,4.42237],[102.85474,4.42239],[102.85446,4.42239],[102.85446,4.42267],[102.85418,4.42267],[102.85418,4.42295],[102.85335,4.42295],[102.85335,4.42322],[102.85307,4.42322],[102.85307,4.42406],[102.85335,4.42406],[102.85335,4.42489],[102.85307,4.42489],[102.85307,4.42517],[102.85252,4.42517],[102.85252,4.42601],[102.85224,4.42601],[102.85224,4.42656],[102.85196,4.42656],[102.85196,4.42684],[102.85085,4.42684],[102.85085,4.42712],[102.8503,4.42712],[102.8503,4.42684],[102.85002,4.42684],[102.85002,4.42656],[102.84974,4.42656],[102.84974,4.42684],[102.84947,4.42684],[102.84946,4.42712],[102.84919,4.42712],[102.84919,4.42739],[102.84863,4.42739],[102.84863,4.42767],[102.84836,4.42767],[102.84835,4.42823],[102.84808,4.42823],[102.84808,4.42878],[102.84725,4.42878],[102.84724,4.42934],[102.84697,4.42934],[102.84697,4.42962],[102.8478,4.42962],[102.8478,4.4299],[102.84808,4.4299],[102.84808,4.43018],[102.84891,4.43018],[102.84891,4.43045],[102.84946,4.43046],[102.84946,4.43073],[102.85029,4.43073],[102.85029,4.43046],[102.85057,4.43046],[102.85057,4.43018],[102.85112,4.43018],[102.85112,4.43046],[102.8514,4.43046],[102.8514,4.43074],[102.85168,4.43074],[102.85168,4.43101],[102.85279,4.43102],[102.85279,4.43074],[102.85307,4.43074],[102.85306,4.43102],[102.85334,4.43102],[102.85334,4.43074],[102.85362,4.43074],[102.85362,4.43102],[102.85473,4.43102],[102.85473,4.4313],[102.85556,4.4313],[102.85556,4.43157],[102.85611,4.43158],[102.85611,4.43185],[102.85671,4.43185],[102.85722,4.43185],[102.85722,4.43158],[102.85805,4.43158],[102.85805,4.4313],[102.85833,4.4313],[102.85833,4.43102],[102.85889,4.43102],[102.85889,4.43074],[102.85916,4.43074],[102.85916,4.43047],[102.85944,4.43047],[102.85944,4.43074],[102.86,4.43074],[102.86,4.43047],[102.86027,4.43047],[102.86027,4.43075],[102.86055,4.43075],[102.86055,4.4313],[102.86083,4.4313],[102.86083,4.43158],[102.8611,4.43158],[102.8611,4.43297],[102.86083,4.43297],[102.86082,4.43353],[102.86166,4.43353],[102.86166,4.43325],[102.86193,4.43325],[102.86193,4.43297],[102.86221,4.43297],[102.86221,4.43325],[102.86249,4.43325],[102.86249,4.43353],[102.86277,4.43353],[102.86276,4.43409],[102.86304,4.43409],[102.86304,4.43437],[102.86332,4.43437],[102.86332,4.43464],[102.86304,4.43464],[102.86304,4.4352],[102.8636,4.4352],[102.86359,4.43548],[102.86387,4.43548],[102.86387,4.43576],[102.8647,4.43576],[102.8647,4.43604],[102.86553,4.43604],[102.86553,4.43687],[102.86526,4.43687],[102.86526,4.43743],[102.86498,4.43743],[102.86498,4.43771],[102.86442,4.43771],[102.86442,4.43798],[102.86415,4.43798],[102.86415,4.43854],[102.8647,4.43854],[102.8647,4.43882],[102.86498,4.43882],[102.86498,4.43993],[102.86442,4.43993],[102.86442,4.44021],[102.86414,4.44021],[102.86414,4.44077],[102.86442,4.44077],[102.86442,4.44104],[102.86414,4.44104],[102.86414,4.44244],[102.86386,4.44244],[102.86386,4.44271],[102.86359,4.44271],[102.86359,4.44299],[102.86331,4.44299],[102.86331,4.44327],[102.86248,4.44327],[102.86248,4.44577],[102.86109,4.44577],[102.86109,4.44633],[102.86137,4.44633],[102.86136,4.448],[102.86109,4.448],[102.86109,4.44828],[102.86025,4.44827],[102.86025,4.44883],[102.85998,4.44883],[102.85998,4.44939],[102.8597,4.44939],[102.8597,4.44967],[102.85998,4.44967],[102.85998,4.44994],[102.86025,4.44994],[102.86025,4.45022],[102.86053,4.45022],[102.86053,4.4505],[102.86081,4.4505],[102.86081,4.45078],[102.86136,4.45078],[102.86136,4.45106],[102.86164,4.45106],[102.86164,4.45273],[102.86108,4.45273],[102.86108,4.45384],[102.86136,4.45384],[102.86136,4.4544],[102.86163,4.4544],[102.86163,4.45468],[102.86219,4.45468],[102.86219,4.45496],[102.86247,4.45496],[102.86246,4.45662],[102.86274,4.45663],[102.86274,4.45774],[102.86302,4.45774],[102.86302,4.45802],[102.86329,4.45802],[102.86329,4.45857],[102.86357,4.45857],[102.86357,4.45969],[102.86385,4.45969],[102.86385,4.46052],[102.86357,4.46052],[102.86357,4.4608],[102.86385,4.4608],[102.86385,4.46136],[102.86412,4.46136],[102.86412,4.46164],[102.8644,4.46164],[102.8644,4.46191],[102.86579,4.46192],[102.86579,4.46219],[102.86606,4.46219],[102.86606,4.46247],[102.86662,4.46247],[102.86662,4.46275],[102.86717,4.46275],[102.86717,4.46303],[102.86745,4.46303],[102.86745,4.46331],[102.86772,4.46331],[102.86772,4.46359],[102.86828,4.46359],[102.86828,4.46387],[102.86856,4.46387],[102.86856,4.46414],[102.86883,4.46414],[102.86883,4.46442],[102.86911,4.46442],[102.86911,4.46498],[102.86966,4.46498],[102.86966,4.46526],[102.86994,4.46526],[102.86994,4.46554],[102.87022,4.46554],[102.87022,4.46582],[102.87049,4.46582],[102.87049,4.46609],[102.87077,4.46609],[102.87077,4.46637],[102.87243,4.46637],[102.87243,4.46665],[102.8741,4.46665],[102.8741,4.46693],[102.87437,4.46693],[102.87437,4.46832],[102.87465,4.46832],[102.87465,4.46863],[102.87444,4.46881],[102.87402,4.46959],[102.87421,4.47122],[102.87445,4.47214],[102.87451,4.47235],[102.87485,4.47333],[102.87495,4.47363],[102.87504,4.47392],[102.87514,4.47482],[102.87529,4.4762],[102.87548,4.4766],[102.87569,4.4771],[102.8759,4.47787],[102.87601,4.47855],[102.87601,4.47892],[102.87605,4.4794],[102.87618,4.47989],[102.87651,4.48087],[102.87668,4.48162],[102.87664,4.4821],[102.87631,4.48244],[102.8758,4.48273],[102.87526,4.48301],[102.87454,4.48319],[102.87427,4.4832],[102.8736,4.48332],[102.87292,4.48362],[102.87227,4.48382],[102.87175,4.48391],[102.87156,4.48401],[102.87148,4.48426],[102.87147,4.4847],[102.87135,4.48506],[102.87099,4.4854],[102.87051,4.48565],[102.87003,4.48596],[102.86946,4.48621],[102.86887,4.48661],[102.86847,4.48695],[102.86795,4.48703],[102.86732,4.48699],[102.86667,4.48685],[102.86608,4.48691],[102.86538,4.4871],[102.86492,4.48727],[102.86446,4.48762],[102.86423,4.48808],[102.86419,4.48817],[102.86393,4.48865],[102.86366,4.48909],[102.86324,4.48922],[102.86261,4.48959],[102.86227,4.49008],[102.86188,4.49075],[102.86148,4.49133],[102.86104,4.49204],[102.86037,4.4923],[102.85992,4.49249],[102.85942,4.49272],[102.85908,4.49305],[102.85873,4.49349],[102.85831,4.49391],[102.85793,4.4941],[102.85763,4.49439],[102.85728,4.49475],[102.85686,4.495],[102.85637,4.49506],[102.856,4.49506],[102.85572,4.49486],[102.85568,4.49485],[102.85543,4.49456],[102.85509,4.4941],[102.85471,4.49358],[102.85419,4.49291],[102.85391,4.49281],[102.85368,4.49297],[102.85267,4.49362],[102.85213,4.4935],[102.85161,4.49356],[102.8516,4.49356],[102.85146,4.49367],[102.85156,4.4952],[102.85175,4.49599],[102.85179,4.49658],[102.85163,4.49689],[102.85156,4.49704],[102.85098,4.4975],[102.84969,4.49786],[102.84869,4.49784],[102.84841,4.49786],[102.84804,4.4979],[102.84784,4.49803],[102.84773,4.49819],[102.84745,4.49857],[102.84741,4.4992],[102.84738,4.49978],[102.84732,4.50014],[102.84736,4.5006],[102.84734,4.50083],[102.84692,4.50144],[102.84644,4.50242],[102.84643,4.50258],[102.8419,4.50251],[102.8419,4.50307],[102.84107,4.50307],[102.84107,4.50335]]]},"properties":{"FID":4,"Sector":"G. AAIS","SectorID":"Sec5","source_layer":"Sector"}},{"type":"Feature","id":5,"geometry":{"type":"Polygon","coordinates":[[[102.90629,4.42968],[102.90519,4.42968],[102.90518,4.42996],[102.90491,4.42996],[102.90491,4.42968],[102.90463,4.42968],[102.90463,4.4294],[102.90408,4.4294],[102.90408,4.42829],[102.9038,4.42829],[102.9038,4.42773],[102.90352,4.42773],[102.90352,4.42745],[102.9038,4.42745],[102.9038,4.42717],[102.90408,4.42717],[102.90408,4.42606],[102.90436,4.42606],[102.90436,4.42467],[102.90464,4.42467],[102.90464,4.42383],[102.90575,4.42383],[102.90575,4.42356],[102.90602,4.42356],[102.90602,4.423],[102.9063,4.423],[102.9063,4.42272],[102.90602,4.42272],[102.90602,4.42161],[102.90603,4.42133],[102.9063,4.42133],[102.9063,4.42105],[102.90658,4.42105],[102.90658,4.42078],[102.90556,4.42098],[102.90496,4.4213],[102.90397,4.42197],[102.90335,4.42212],[102.90296,4.42195],[102.90283,4.42155],[102.90266,4.42103],[102.90219,4.42068],[102.90132,4.42063],[102.90006,4.42065],[102.89934,4.42035],[102.89874,4.41933],[102.89799,4.41838],[102.89777,4.41758],[102.89787,4.41713],[102.89826,4.41665],[102.89893,4.41625],[102.89938,4.41583],[102.89965,4.4152],[102.89966,4.41492],[102.8991,4.41492],[102.8991,4.41465],[102.89882,4.41465],[102.89882,4.41437],[102.89827,4.41437],[102.89827,4.41409],[102.89772,4.41409],[102.89772,4.41437],[102.89716,4.41437],[102.89716,4.41409],[102.89688,4.41409],[102.89607,4.41405],[102.89547,4.41395],[102.89488,4.414],[102.89446,4.41444],[102.89438,4.41489],[102.89411,4.41534],[102.89364,4.41551],[102.89284,4.4154],[102.89234,4.4153],[102.89169,4.41542],[102.89128,4.41521],[102.89085,4.41441],[102.88989,4.41331],[102.88872,4.41271],[102.8882,4.41275],[102.88782,4.41291],[102.88743,4.41328],[102.88707,4.4138],[102.88644,4.41425],[102.88639,4.41394],[102.88604,4.41335],[102.88552,4.41268],[102.88453,4.41176],[102.88423,4.41145],[102.88423,4.41112],[102.88443,4.41073],[102.88519,4.41034],[102.88583,4.41032],[102.8867,4.4105],[102.8875,4.41084],[102.88808,4.41106],[102.88853,4.41108],[102.88879,4.41088],[102.88881,4.4106],[102.88869,4.41011],[102.88818,4.40984],[102.88778,4.4098],[102.88733,4.40964],[102.88719,4.40936],[102.88715,4.40892],[102.88739,4.40839],[102.88825,4.40781],[102.8887,4.40718],[102.88894,4.40657],[102.88889,4.4058],[102.88856,4.40517],[102.88872,4.40436],[102.88878,4.40401],[102.88892,4.40373],[102.88961,4.403],[102.89005,4.40262],[102.89056,4.40211],[102.89083,4.40129],[102.89082,4.40072],[102.89073,4.40014],[102.89036,4.39989],[102.89009,4.39994],[102.88931,4.40082],[102.88765,4.40211],[102.88682,4.40298],[102.8863,4.4033],[102.88599,4.4033],[102.88572,4.40308],[102.88533,4.40247],[102.88522,4.40198],[102.88528,4.40135],[102.88571,4.40077],[102.88671,4.39996],[102.887,4.39957],[102.88738,4.39905],[102.88739,4.39868],[102.88714,4.39845],[102.88672,4.39837],[102.88579,4.39872],[102.88504,4.39936],[102.88473,4.39944],[102.88451,4.39943],[102.88423,4.39923],[102.88392,4.39882],[102.88387,4.39834],[102.88438,4.39765],[102.88446,4.39732],[102.88446,4.39694],[102.88433,4.39668],[102.88378,4.39654],[102.8834,4.39654],[102.88303,4.39654],[102.88262,4.39626],[102.88256,4.3958],[102.88267,4.39558],[102.88294,4.39519],[102.88368,4.39453],[102.88378,4.3941],[102.88375,4.39386],[102.88358,4.39366],[102.88308,4.39335],[102.88263,4.39314],[102.88214,4.39291],[102.88166,4.39305],[102.88127,4.39335],[102.88059,4.39377],[102.88003,4.39371],[102.87966,4.3935],[102.8792,4.39302],[102.87915,4.39267],[102.87959,4.39213],[102.88006,4.39174],[102.88056,4.39171],[102.88095,4.39174],[102.88119,4.39148],[102.88145,4.3907],[102.8813,4.38987],[102.88116,4.38921],[102.88131,4.38871],[102.8816,4.38854],[102.88203,4.38844],[102.88298,4.38845],[102.88369,4.3884],[102.88439,4.38817],[102.88458,4.38788],[102.88466,4.38726],[102.88462,4.38679],[102.88465,4.38645],[102.88489,4.38618],[102.88539,4.38612],[102.88592,4.38602],[102.88662,4.38606],[102.8872,4.38607],[102.88743,4.38587],[102.88755,4.38539],[102.88743,4.38494],[102.88679,4.38443],[102.88649,4.38411],[102.88655,4.38375],[102.88693,4.38337],[102.88752,4.38293],[102.88808,4.38259],[102.88827,4.38213],[102.8884,4.38165],[102.888,4.38132],[102.88739,4.3811],[102.88702,4.38079],[102.8868,4.37921],[102.88706,4.37805],[102.88716,4.3774],[102.88681,4.37694],[102.88593,4.37684],[102.88557,4.37686],[102.885,4.37664],[102.88474,4.37613],[102.88522,4.37522],[102.88565,4.37497],[102.88656,4.37477],[102.88736,4.37535],[102.88753,4.37579],[102.88779,4.37627],[102.88793,4.37653],[102.88818,4.37676],[102.88837,4.3768],[102.88869,4.3767],[102.88888,4.37596],[102.88911,4.37525],[102.88906,4.3742],[102.88871,4.37284],[102.88861,4.37158],[102.88903,4.37107],[102.88981,4.37107],[102.89051,4.37188],[102.89085,4.37217],[102.89144,4.37221],[102.89223,4.37192],[102.89314,4.37176],[102.89339,4.37134],[102.89367,4.37077],[102.89464,4.36974],[102.89515,4.36924],[102.89571,4.36898],[102.89619,4.36902],[102.89645,4.36915],[102.89663,4.36943],[102.89699,4.36998],[102.89817,4.3712],[102.8989,4.37165],[102.8992,4.37194],[102.89962,4.37214],[102.90025,4.37222],[102.90025,4.37254],[102.90035,4.37259],[102.90065,4.37269],[102.90092,4.37266],[102.90118,4.37256],[102.90143,4.37247],[102.90147,4.37245],[102.90167,4.37243],[102.90196,4.37249],[102.90229,4.37255],[102.90249,4.37254],[102.90259,4.3725],[102.90272,4.37239],[102.90294,4.37223],[102.90309,4.37201],[102.90339,4.37152],[102.90346,4.37129],[102.90442,4.36939],[102.90626,4.36706],[102.90689,4.3663],[102.9074,4.36613],[102.908,4.36603],[102.90868,4.36574],[102.90912,4.36516],[102.90915,4.36461],[102.90912,4.36429],[102.90924,4.36405],[102.90968,4.36397],[102.91013,4.36398],[102.91046,4.36373],[102.91043,4.36339],[102.90994,4.3631],[102.90952,4.36285],[102.90939,4.36275],[102.90932,4.3624],[102.90949,4.36214],[102.9095,4.36188],[102.90945,4.36143],[102.90955,4.36092],[102.9094,4.36005],[102.90955,4.35923],[102.90987,4.35878],[102.91015,4.35799],[102.91078,4.35635],[102.91224,4.35543],[102.91331,4.35451],[102.9138,4.35424],[102.91403,4.35371],[102.9146,4.35312],[102.91554,4.35252],[102.91569,4.35215],[102.91549,4.35178],[102.91499,4.3514],[102.91455,4.35115],[102.91477,4.35061],[102.91544,4.35013],[102.91633,4.34964],[102.91683,4.34864],[102.91733,4.34822],[102.91745,4.3478],[102.91705,4.3476],[102.91661,4.34745],[102.91587,4.34728],[102.91574,4.34675],[102.91654,4.34631],[102.91716,4.34576],[102.91768,4.34509],[102.91805,4.34489],[102.91869,4.34489],[102.91981,4.34477],[102.92053,4.3445],[102.921,4.34387],[102.92429,4.3436],[102.92662,4.34321],[102.92661,4.34344],[102.92661,4.344],[102.92717,4.344],[102.92717,4.34428],[102.92745,4.34428],[102.92745,4.34483],[102.928,4.34483],[102.928,4.34539],[102.92772,4.34539],[102.92772,4.34567],[102.928,4.34567],[102.928,4.34595],[102.92828,4.34595],[102.92827,4.34678],[102.92855,4.34678],[102.92855,4.34734],[102.92883,4.34734],[102.92883,4.34762],[102.92911,4.34762],[102.92911,4.34789],[102.92938,4.3479],[102.92938,4.35012],[102.93021,4.35012],[102.93021,4.3504],[102.93049,4.3504],[102.93049,4.35096],[102.93077,4.35096],[102.93077,4.35124],[102.93187,4.35124],[102.93187,4.35151],[102.93215,4.35152],[102.93215,4.35291],[102.9327,4.35291],[102.9327,4.35263],[102.93326,4.35263],[102.93326,4.35291],[102.93354,4.35291],[102.93354,4.35319],[102.93381,4.35319],[102.93381,4.35346],[102.93409,4.35346],[102.93409,4.35374],[102.93437,4.35374],[102.93437,4.3543],[102.9352,4.3543],[102.9352,4.35458],[102.93547,4.35458],[102.93548,4.35374],[102.93575,4.35374],[102.93575,4.35402],[102.93686,4.35402],[102.93686,4.35458],[102.93769,4.35458],[102.93769,4.35402],[102.93908,4.35403],[102.93908,4.3543],[102.93936,4.3543],[102.93936,4.35486],[102.93963,4.35486],[102.93963,4.35514],[102.94102,4.35514],[102.94102,4.35486],[102.9424,4.35486],[102.9424,4.35459],[102.94268,4.35459],[102.94268,4.35486],[102.94296,4.35486],[102.94296,4.35737],[102.94351,4.35737],[102.94351,4.35765],[102.94434,4.35765],[102.94434,4.35793],[102.9449,4.35793],[102.9449,4.35821],[102.94517,4.35821],[102.94517,4.35848],[102.94545,4.35848],[102.94545,4.35821],[102.94628,4.35821],[102.94628,4.35849],[102.94656,4.35849],[102.94656,4.35821],[102.94711,4.35821],[102.94711,4.35765],[102.94739,4.35765],[102.94739,4.35737],[102.94795,4.35737],[102.94795,4.35765],[102.94822,4.35765],[102.94822,4.35793],[102.9485,4.35793],[102.9485,4.35821],[102.94878,4.35821],[102.94878,4.35877],[102.94905,4.35877],[102.94905,4.3596],[102.94933,4.3596],[102.94933,4.35988],[102.94961,4.35988],[102.94961,4.36016],[102.94933,4.36016],[102.94933,4.36044],[102.94905,4.36044],[102.94905,4.36071],[102.94933,4.36071],[102.94933,4.36099],[102.94961,4.36099],[102.94961,4.36127],[102.94988,4.36127],[102.94988,4.36135],[102.94988,4.36155],[102.94988,4.36183],[102.95016,4.36183],[102.95016,4.36238],[102.94988,4.36238],[102.94988,4.36266],[102.95071,4.36266],[102.95071,4.36322],[102.95182,4.36322],[102.95182,4.3635],[102.9521,4.3635],[102.9521,4.36378],[102.95265,4.36378],[102.95265,4.36461],[102.95293,4.36461],[102.95293,4.36545],[102.95321,4.36545],[102.9532,4.36573],[102.95348,4.36573],[102.95348,4.36656],[102.95376,4.36656],[102.95376,4.36684],[102.95431,4.36684],[102.95431,4.3674],[102.95459,4.3674],[102.95459,4.36768],[102.95514,4.36768],[102.95514,4.36851],[102.95487,4.36851],[102.95487,4.36879],[102.95459,4.36879],[102.95459,4.36907],[102.95431,4.36907],[102.95431,4.36934],[102.95376,4.36934],[102.95376,4.37018],[102.95348,4.37018],[102.95348,4.37074],[102.95375,4.37074],[102.95375,4.37129],[102.95403,4.37129],[102.95403,4.37157],[102.95431,4.37157],[102.95431,4.37185],[102.95459,4.37185],[102.95458,4.37213],[102.95569,4.37213],[102.95569,4.37324],[102.95597,4.37324],[102.95597,4.37435],[102.95569,4.37435],[102.95569,4.37463],[102.95597,4.37463],[102.95597,4.37547],[102.95625,4.37547],[102.95624,4.37686],[102.95569,4.37686],[102.95569,4.37714],[102.95541,4.37714],[102.95541,4.37769],[102.95597,4.37769],[102.95597,4.37825],[102.95624,4.37825],[102.95624,4.37964],[102.95541,4.37964],[102.95541,4.38075],[102.95569,4.38075],[102.95568,4.38212],[102.95568,4.38215],[102.95541,4.38215],[102.95541,4.38298],[102.95513,4.38298],[102.95513,4.38354],[102.95347,4.38353],[102.95347,4.38381],[102.95319,4.38381],[102.95319,4.38409],[102.95291,4.38409],[102.95291,4.3852],[102.95263,4.3852],[102.95263,4.38548],[102.95235,4.38548],[102.95235,4.38659],[102.95208,4.38659],[102.95208,4.38715],[102.9518,4.38715],[102.9518,4.38854],[102.95207,4.38854],[102.95207,4.3891],[102.9518,4.3891],[102.9518,4.38938],[102.95124,4.38938],[102.95124,4.38993],[102.95152,4.38993],[102.95152,4.39021],[102.95124,4.39021],[102.95124,4.39049],[102.95096,4.39049],[102.95096,4.39105],[102.95069,4.39104],[102.95069,4.39132],[102.9493,4.39132],[102.9493,4.39188],[102.94902,4.39188],[102.94902,4.39243],[102.94874,4.39243],[102.94874,4.39299],[102.94847,4.39299],[102.94847,4.39327],[102.94819,4.39327],[102.94819,4.3941],[102.94791,4.3941],[102.94791,4.39466],[102.94791,4.39522],[102.94819,4.39522],[102.94819,4.39549],[102.94846,4.39549],[102.94846,4.39577],[102.94902,4.39577],[102.94902,4.39605],[102.94874,4.39605],[102.94874,4.39661],[102.94819,4.39661],[102.94819,4.39716],[102.94846,4.39716],[102.94846,4.39744],[102.94874,4.39744],[102.94874,4.39772],[102.94957,4.39772],[102.94957,4.398],[102.94985,4.398],[102.94985,4.39884],[102.95096,4.39884],[102.95096,4.39856],[102.95123,4.39856],[102.95123,4.39828],[102.95151,4.39828],[102.95151,4.398],[102.95207,4.398],[102.95207,4.39772],[102.95262,4.39772],[102.95262,4.39828],[102.95428,4.39828],[102.95428,4.39912],[102.95511,4.39912],[102.95511,4.39995],[102.95539,4.39995],[102.95539,4.40023],[102.95567,4.40023],[102.95567,4.40051],[102.9565,4.40051],[102.9565,4.40135],[102.95678,4.40135],[102.95677,4.4019],[102.95733,4.4019],[102.95733,4.40246],[102.95761,4.40246],[102.9576,4.40524],[102.95788,4.40524],[102.95788,4.40552],[102.95816,4.40552],[102.95816,4.40775],[102.95843,4.40775],[102.95843,4.40858],[102.95871,4.40858],[102.95871,4.4097],[102.95899,4.4097],[102.95898,4.41025],[102.95926,4.41025],[102.95926,4.41053],[102.95954,4.41053],[102.95954,4.41064],[102.95954,4.41081],[102.95982,4.41081],[102.95982,4.41109],[102.95982,4.41137],[102.95943,4.41126],[102.95908,4.41113],[102.95864,4.41081],[102.95803,4.41066],[102.95769,4.41076],[102.95738,4.41107],[102.95717,4.41144],[102.95717,4.41169],[102.95736,4.41202],[102.95767,4.41226],[102.95801,4.4127],[102.95839,4.41302],[102.95853,4.41323],[102.9583,4.41357],[102.95789,4.41425],[102.95759,4.4147],[102.95709,4.41474],[102.95616,4.41476],[102.95451,4.41452],[102.95409,4.41428],[102.95344,4.41428],[102.9529,4.4145],[102.95279,4.4148],[102.95257,4.41532],[102.95174,4.41588],[102.95061,4.41678],[102.94907,4.41766],[102.94743,4.41845],[102.94633,4.41881],[102.94591,4.41917],[102.9456,4.41981],[102.94523,4.42024],[102.9448,4.42093],[102.94448,4.42133],[102.94403,4.4216],[102.94362,4.42181],[102.94338,4.42231],[102.94312,4.42269],[102.94288,4.42283],[102.94247,4.4227],[102.94189,4.42253],[102.94158,4.42251],[102.94144,4.42266],[102.9414,4.42284],[102.94143,4.4231],[102.94139,4.42353],[102.94125,4.4239],[102.94105,4.42418],[102.94096,4.42447],[102.94076,4.42491],[102.94051,4.42522],[102.94023,4.42551],[102.94005,4.42595],[102.94002,4.42648],[102.93994,4.42694],[102.93962,4.42716],[102.9394,4.42718],[102.93922,4.42713],[102.93881,4.42691],[102.93846,4.42671],[102.93782,4.42635],[102.93743,4.42635],[102.93724,4.4265],[102.93704,4.42693],[102.93707,4.42724],[102.93711,4.42744],[102.93718,4.42765],[102.93723,4.42791],[102.93713,4.4283],[102.93697,4.42869],[102.93685,4.42894],[102.93674,4.42906],[102.93648,4.42912],[102.93631,4.42905],[102.93622,4.42895],[102.93619,4.42876],[102.93607,4.42853],[102.93586,4.42831],[102.93547,4.42808],[102.9352,4.42789],[102.93432,4.427],[102.93391,4.42681],[102.93358,4.42679],[102.93298,4.42705],[102.93228,4.4275],[102.93158,4.42768],[102.93091,4.42805],[102.93036,4.42809],[102.93005,4.42804],[102.92953,4.4278],[102.92912,4.42782],[102.92871,4.42803],[102.92821,4.42821],[102.92735,4.4284],[102.92604,4.42839],[102.92555,4.42825],[102.92507,4.42842],[102.92479,4.42844],[102.92431,4.42818],[102.92405,4.42784],[102.92358,4.42711],[102.92321,4.427],[102.92264,4.42672],[102.92211,4.42632],[102.92161,4.42608],[102.92111,4.42601],[102.92071,4.42608],[102.92017,4.42623],[102.9194,4.42647],[102.91886,4.42669],[102.91855,4.4269],[102.91827,4.42698],[102.91809,4.42693],[102.91792,4.42674],[102.91779,4.42653],[102.91755,4.42641],[102.91743,4.42644],[102.91731,4.42661],[102.91714,4.42676],[102.91689,4.42678],[102.91672,4.42667],[102.91662,4.42644],[102.91658,4.42624],[102.91644,4.42606],[102.91622,4.426],[102.91591,4.42595],[102.91523,4.42592],[102.91457,4.42582],[102.91365,4.42589],[102.91295,4.42596],[102.91267,4.42607],[102.91267,4.42551],[102.9124,4.42551],[102.9124,4.42523],[102.91212,4.42523],[102.91212,4.42495],[102.91157,4.42495],[102.91129,4.42495],[102.91129,4.42523],[102.91101,4.42523],[102.91101,4.42551],[102.91073,4.42551],[102.91073,4.42579],[102.91046,4.42579],[102.91046,4.42607],[102.91018,4.42607],[102.91018,4.42634],[102.90879,4.42634],[102.90879,4.42662],[102.90851,4.42662],[102.90851,4.42745],[102.90879,4.42746],[102.90879,4.42801],[102.90907,4.42801],[102.90907,4.42857],[102.90824,4.42857],[102.90824,4.42885],[102.90713,4.42884],[102.90713,4.42912],[102.90685,4.42912],[102.90685,4.4294],[102.90629,4.4294],[102.90629,4.42968]]]},"properties":{"FID":5,"Sector":"G. BESAR","SectorID":"Sec6","source_layer":"Sector"}},{"type":"Feature","id":6,"geometry":{"type":"Polygon","coordinates":[[[102.64771,4.25361],[102.64611,4.25386],[102.64451,4.25412],[102.64394,4.25422],[102.64265,4.25682],[102.64193,4.25931],[102.64118,4.2612],[102.64028,4.26256],[102.64021,4.26266],[102.64019,4.26269],[102.63937,4.26306],[102.63864,4.26265],[102.6382,4.2624],[102.63754,4.26154],[102.63676,4.26026],[102.63643,4.25989],[102.63481,4.25801],[102.63419,4.25757],[102.63381,4.25537],[102.63316,4.25367],[102.63301,4.25349],[102.63244,4.25286],[102.63185,4.25244],[102.63156,4.25252],[102.6315,4.25248],[102.63076,4.25211],[102.63038,4.252],[102.62952,4.25192],[102.62922,4.25178],[102.62893,4.25148],[102.6288,4.25125],[102.62882,4.25106],[102.62882,4.25092],[102.62876,4.25033],[102.62868,4.24977],[102.62882,4.24935],[102.62889,4.24908],[102.62882,4.24878],[102.62855,4.24845],[102.62842,4.24824],[102.62842,4.24784],[102.62863,4.24698],[102.62869,4.24635],[102.62878,4.24591],[102.62877,4.24585],[102.62875,4.24579],[102.6285,4.24547],[102.62823,4.24524],[102.62789,4.24514],[102.62701,4.24508],[102.62669,4.24489],[102.62665,4.24481],[102.62652,4.2446],[102.62652,4.24456],[102.62635,4.24383],[102.62627,4.24267],[102.62629,4.24205],[102.62629,4.24179],[102.62622,4.24171],[102.62614,4.24161],[102.62582,4.2414],[102.62542,4.24127],[102.62498,4.24117],[102.62475,4.24094],[102.62452,4.24025],[102.62401,4.23885],[102.6238,4.23849],[102.62361,4.23814],[102.62359,4.23795],[102.62376,4.2373],[102.62393,4.23644],[102.62392,4.23602],[102.6238,4.23554],[102.6239,4.23504],[102.62409,4.23479],[102.62417,4.23472],[102.62438,4.23441],[102.62451,4.23393],[102.62457,4.2333],[102.62491,4.23257],[102.62487,4.232],[102.62461,4.23118],[102.62463,4.23093],[102.62463,4.23081],[102.62455,4.23028],[102.62434,4.22963],[102.62442,4.22897],[102.62505,4.22848],[102.62583,4.22833],[102.62623,4.22836],[102.627,4.2284],[102.62721,4.22835],[102.62774,4.22812],[102.62824,4.22772],[102.6286,4.22718],[102.62889,4.22695],[102.62866,4.22676],[102.62818,4.2263],[102.62814,4.22626],[102.62812,4.22618],[102.62801,4.22578],[102.62813,4.2249],[102.62809,4.22423],[102.62809,4.22383],[102.62828,4.22348],[102.6287,4.22318],[102.62883,4.22301],[102.62906,4.22264],[102.6292,4.2218],[102.62907,4.22128],[102.62876,4.22084],[102.62825,4.2204],[102.62748,4.22017],[102.62701,4.21992],[102.62674,4.21961],[102.6267,4.21958],[102.62657,4.21923],[102.62627,4.21887],[102.62594,4.21866],[102.6251,4.21843],[102.62478,4.21818],[102.62466,4.21789],[102.62467,4.21728],[102.62457,4.21708],[102.62457,4.21707],[102.62476,4.21649],[102.62476,4.21636],[102.62476,4.21624],[102.62455,4.21599],[102.62431,4.21588],[102.62352,4.21588],[102.62314,4.2158],[102.62274,4.21557],[102.62246,4.21524],[102.62225,4.21444],[102.62219,4.21432],[102.62213,4.21415],[102.62189,4.21348],[102.62172,4.21268],[102.62172,4.2126],[102.6217,4.21256],[102.62166,4.21239],[102.62147,4.21206],[102.6209,4.21157],[102.62034,4.21122],[102.61972,4.21091],[102.61924,4.21061],[102.6189,4.21026],[102.61882,4.21013],[102.61871,4.20984],[102.61861,4.20934],[102.61867,4.20886],[102.61882,4.20863],[102.6189,4.20854],[102.61896,4.20844],[102.61962,4.20848],[102.61993,4.20842],[102.62008,4.20825],[102.62027,4.20775],[102.62062,4.20697],[102.62102,4.20615],[102.62146,4.20542],[102.62154,4.20521],[102.62032,4.20444],[102.62005,4.20427],[102.60886,4.19723],[102.60875,4.19715],[102.60919,4.19652],[102.60959,4.19596],[102.61011,4.19508],[102.61049,4.1943],[102.61087,4.19352],[102.61129,4.19256],[102.61059,4.19198],[102.61057,4.19197],[102.6099,4.19141],[102.60905,4.19076],[102.60857,4.19018],[102.60786,4.18968],[102.60708,4.18918],[102.60623,4.18857],[102.60573,4.18817],[102.60525,4.18778],[102.60463,4.18728],[102.60398,4.18675],[102.60386,4.18633],[102.6039,4.18577],[102.6039,4.18529],[102.6039,4.18525],[102.60398,4.18489],[102.60411,4.1846],[102.60411,4.18456],[102.60438,4.18395],[102.60457,4.18353],[102.60507,4.18267],[102.6054,4.18212],[102.60557,4.1816],[102.60568,4.18116],[102.6057,4.18066],[102.60551,4.17997],[102.60519,4.17972],[102.60488,4.17957],[102.60439,4.1794],[102.60395,4.1792],[102.60353,4.17901],[102.60319,4.17861],[102.60315,4.17832],[102.60327,4.17752],[102.60355,4.17679],[102.60382,4.17629],[102.60416,4.17572],[102.60451,4.17511],[102.60474,4.17476],[102.60499,4.17425],[102.60524,4.1734],[102.60533,4.17287],[102.60537,4.17235],[102.6053,4.17174],[102.60501,4.17122],[102.60448,4.17017],[102.60427,4.16946],[102.60404,4.16873],[102.60385,4.16787],[102.60383,4.16729],[102.60402,4.16657],[102.60431,4.16588],[102.60468,4.16507],[102.60538,4.16395],[102.60586,4.16284],[102.60592,4.16238],[102.60615,4.16226],[102.60678,4.16196],[102.60722,4.16167],[102.60735,4.16157],[102.6076,4.16146],[102.60798,4.16136],[102.6088,4.16135],[102.60968,4.16127],[102.61015,4.161],[102.61054,4.16045],[102.61061,4.16003],[102.61067,4.15915],[102.61071,4.15834],[102.61088,4.15786],[102.61146,4.15723],[102.61193,4.15662],[102.61239,4.15587],[102.61281,4.15517],[102.61314,4.15454],[102.61316,4.1545],[102.61319,4.15444],[102.61346,4.1539],[102.61379,4.15306],[102.61409,4.15226],[102.6143,4.1514],[102.6144,4.1505],[102.61444,4.14996],[102.61458,4.14906],[102.61482,4.14855],[102.61501,4.14824],[102.61564,4.14772],[102.61591,4.14749],[102.61599,4.14742],[102.6166,4.14679],[102.61692,4.14629],[102.61738,4.14556],[102.61784,4.14483],[102.61819,4.14441],[102.61868,4.14386],[102.61922,4.14319],[102.61964,4.14285],[102.62034,4.14239],[102.62072,4.14222],[102.62145,4.14201],[102.62175,4.14185],[102.62212,4.14153],[102.62219,4.14139],[102.62235,4.14107],[102.6224,4.1408],[102.62239,4.14005],[102.62248,4.13931],[102.62266,4.13898],[102.62315,4.13862],[102.62355,4.13845],[102.62399,4.13839],[102.62489,4.13835],[102.62512,4.13832],[102.62584,4.13782],[102.62618,4.13769],[102.62649,4.13769],[102.62695,4.13784],[102.62773,4.13824],[102.6283,4.13826],[102.62876,4.13811],[102.62956,4.13777],[102.63004,4.13763],[102.63019,4.13758],[102.63044,4.13748],[102.6308,4.13706],[102.63095,4.13685],[102.63107,4.13672],[102.63132,4.13647],[102.63198,4.13591],[102.63233,4.13559],[102.63254,4.13509],[102.63263,4.13448],[102.63256,4.13362],[102.63258,4.13323],[102.63275,4.13277],[102.63298,4.13245],[102.63344,4.13212],[102.63433,4.13191],[102.63508,4.13167],[102.63552,4.13151],[102.6358,4.13136],[102.63603,4.13115],[102.6364,4.13073],[102.63693,4.12985],[102.63708,4.12943],[102.63726,4.1288],[102.6373,4.12792],[102.63749,4.1273],[102.63779,4.12702],[102.63835,4.12677],[102.6388,4.12669],[102.63945,4.12654],[102.64041,4.12645],[102.64081,4.12649],[102.64098,4.1266],[102.64124,4.12698],[102.64147,4.12773],[102.64155,4.12859],[102.64166,4.12943],[102.64189,4.13016],[102.6421,4.13053],[102.64225,4.13064],[102.64254,4.1308],[102.64288,4.13083],[102.6432,4.13085],[102.6436,4.13078],[102.64378,4.13072],[102.64416,4.13061],[102.64443,4.13048],[102.64477,4.13032],[102.64481,4.13028],[102.64482,4.13028],[102.64494,4.13019],[102.64553,4.12956],[102.64582,4.12906],[102.64584,4.12898],[102.64586,4.12894],[102.64599,4.12806],[102.64616,4.12718],[102.6463,4.12636],[102.64638,4.12555],[102.64638,4.12552],[102.64638,4.1254],[102.64634,4.12504],[102.64626,4.12416],[102.64626,4.12412],[102.64621,4.12389],[102.64617,4.12366],[102.64586,4.12284],[102.64577,4.12245],[102.64577,4.12155],[102.64592,4.12086],[102.64629,4.12017],[102.64675,4.11966],[102.64741,4.11914],[102.64776,4.11874],[102.64839,4.11798],[102.64892,4.11736],[102.64923,4.11698],[102.64955,4.11652],[102.64978,4.1161],[102.65009,4.1153],[102.65041,4.11451],[102.65041,4.11449],[102.65053,4.11428],[102.6508,4.11348],[102.65099,4.113],[102.65131,4.11237],[102.65162,4.11176],[102.65189,4.11128],[102.6525,4.1107],[102.65265,4.11055],[102.6533,4.10996],[102.65357,4.10963],[102.6537,4.10948],[102.65418,4.10908],[102.6545,4.1086],[102.65462,4.10843],[102.65496,4.10759],[102.65529,4.10696],[102.65559,4.10642],[102.65596,4.10577],[102.65605,4.1056],[102.65618,4.10529],[102.65636,4.10479],[102.65638,4.10454],[102.65653,4.10353],[102.65668,4.10307],[102.65701,4.10254],[102.65724,4.10231],[102.65737,4.10215],[102.65798,4.10152],[102.65867,4.10095],[102.65934,4.10043],[102.66001,4.09995],[102.66075,4.09946],[102.66125,4.09902],[102.66159,4.09873],[102.6621,4.09843],[102.66285,4.09812],[102.66348,4.09781],[102.66378,4.0977],[102.66417,4.09774],[102.66489,4.09826],[102.66525,4.09854],[102.6654,4.09864],[102.66609,4.09895],[102.66695,4.09901],[102.66779,4.09897],[102.66866,4.09882],[102.66948,4.09855],[102.67023,4.09815],[102.67084,4.09769],[102.67137,4.09708],[102.67197,4.09645],[102.67235,4.09618],[102.67237,4.09618],[102.67282,4.09597],[102.67363,4.09582],[102.67403,4.0958],[102.6742,4.09578],[102.67473,4.09568],[102.67511,4.09551],[102.6758,4.09502],[102.67662,4.09463],[102.67725,4.09442],[102.67799,4.09397],[102.67843,4.09368],[102.67883,4.09343],[102.67964,4.09314],[102.6804,4.09294],[102.68108,4.09292],[102.68137,4.09275],[102.68166,4.09248],[102.68225,4.09198],[102.68292,4.09156],[102.68364,4.09116],[102.6841,4.09095],[102.68488,4.09076],[102.68574,4.09064],[102.68664,4.09063],[102.68746,4.09059],[102.68778,4.09059],[102.6889,4.09078],[102.68986,4.0906],[102.69083,4.09074],[102.69133,4.09112],[102.69195,4.09113],[102.6926,4.09088],[102.69325,4.09079],[102.69431,4.09095],[102.69478,4.09088],[102.69494,4.09068],[102.69519,4.09002],[102.69552,4.08957],[102.69611,4.08949],[102.69678,4.08969],[102.69727,4.09031],[102.69801,4.09171],[102.69821,4.09302],[102.69799,4.09426],[102.69737,4.09504],[102.69676,4.09539],[102.69547,4.09528],[102.69506,4.0953],[102.69481,4.09547],[102.69483,4.09573],[102.69528,4.09608],[102.69643,4.0968],[102.69802,4.09748],[102.69892,4.09814],[102.70058,4.0993],[102.70123,4.09977],[102.70132,4.10004],[102.70131,4.10043],[102.70072,4.10108],[102.70049,4.10143],[102.70054,4.10172],[102.70078,4.10178],[102.70094,4.10178],[102.70123,4.10166],[102.7018,4.10133],[102.70221,4.10117],[102.70311,4.10125],[102.70348,4.10154],[102.7036,4.10228],[102.70393,4.1031],[102.70499,4.10419],[102.70585,4.10493],[102.7063,4.10496],[102.70647,4.10485],[102.70667,4.10446],[102.70708,4.10407],[102.70794,4.1042],[102.70896,4.10453],[102.70946,4.10516],[102.71003,4.10595],[102.71044,4.10613],[102.71074,4.10706],[102.71033,4.10833],[102.71041,4.10877],[102.71076,4.10902],[102.7111,4.10911],[102.71158,4.10931],[102.71184,4.10961],[102.71139,4.11021],[102.71109,4.11066],[102.71117,4.11138],[102.71176,4.11326],[102.71219,4.11529],[102.71208,4.11652],[102.71163,4.11739],[102.7112,4.11868],[102.71085,4.11958],[102.71081,4.12049],[102.71115,4.12127],[102.7113,4.12226],[102.71105,4.12386],[102.71134,4.12509],[102.71177,4.12536],[102.71211,4.12566],[102.71249,4.12842],[102.71252,4.12896],[102.71268,4.12929],[102.71301,4.12935],[102.71345,4.12928],[102.71411,4.1292],[102.71425,4.12934],[102.71422,4.12957],[102.71391,4.13008],[102.71312,4.13041],[102.71266,4.13084],[102.71258,4.13118],[102.71275,4.13164],[102.71251,4.13263],[102.71202,4.13369],[102.71204,4.13426],[102.71254,4.13457],[102.71315,4.13476],[102.71403,4.13467],[102.71438,4.13492],[102.71458,4.13546],[102.71434,4.13597],[102.71372,4.13629],[102.71319,4.13639],[102.71211,4.13625],[102.71136,4.13638],[102.71116,4.13653],[102.71108,4.13695],[102.71102,4.13737],[102.71079,4.13787],[102.7101,4.13867],[102.7101,4.13895],[102.71037,4.13895],[102.71037,4.13923],[102.71065,4.13923],[102.71065,4.13951],[102.71093,4.13951],[102.71093,4.13979],[102.7112,4.13979],[102.7112,4.14007],[102.71148,4.14007],[102.71148,4.14034],[102.7112,4.14034],[102.7112,4.14062],[102.71093,4.14062],[102.71093,4.14034],[102.71065,4.14034],[102.71065,4.14062],[102.71037,4.14062],[102.71037,4.14034],[102.71009,4.14034],[102.71009,4.14062],[102.70982,4.14062],[102.70982,4.14173],[102.70982,4.14201],[102.70982,4.14229],[102.70981,4.14396],[102.71009,4.14396],[102.71009,4.14424],[102.70981,4.14424],[102.70981,4.14452],[102.71037,4.14452],[102.71037,4.1448],[102.71064,4.1448],[102.71064,4.14507],[102.71092,4.14507],[102.71092,4.14647],[102.71064,4.14647],[102.71064,4.14814],[102.71036,4.14814],[102.71036,4.14953],[102.71064,4.14953],[102.71064,4.15008],[102.71036,4.15008],[102.71036,4.15175],[102.71063,4.15175],[102.71063,4.15203],[102.71036,4.15203],[102.71036,4.15231],[102.70925,4.15231],[102.70925,4.15203],[102.70814,4.15203],[102.70814,4.15175],[102.70731,4.15175],[102.70731,4.15119],[102.70703,4.15119],[102.70703,4.15091],[102.70676,4.15091],[102.70676,4.15063],[102.7062,4.15063],[102.7062,4.15091],[102.70509,4.15091],[102.70509,4.15119],[102.70426,4.15119],[102.70426,4.15147],[102.70398,4.15147],[102.70398,4.15174],[102.70371,4.15174],[102.70371,4.15202],[102.70343,4.15202],[102.70343,4.1523],[102.70315,4.1523],[102.70315,4.15258],[102.70149,4.15258],[102.70149,4.1523],[102.70093,4.1523],[102.70093,4.15258],[102.70066,4.15257],[102.70066,4.15285],[102.70038,4.15285],[102.70038,4.15313],[102.7001,4.15313],[102.7001,4.15341],[102.70038,4.15341],[102.70038,4.15369],[102.7001,4.15369],[102.7001,4.15397],[102.70038,4.15397],[102.70038,4.15424],[102.70065,4.15424],[102.70065,4.15619],[102.70037,4.15619],[102.70037,4.15647],[102.70093,4.15647],[102.70093,4.15703],[102.70148,4.15703],[102.70148,4.15758],[102.7012,4.15758],[102.7012,4.15786],[102.70093,4.15786],[102.70093,4.1587],[102.70065,4.1587],[102.70065,4.15981],[102.70037,4.15981],[102.70037,4.16037],[102.70009,4.16037],[102.70009,4.16064],[102.69981,4.16064],[102.69981,4.1612],[102.69926,4.1612],[102.69926,4.16148],[102.69898,4.16148],[102.69898,4.16231],[102.69926,4.16231],[102.69926,4.16315],[102.69953,4.16315],[102.69953,4.1637],[102.69926,4.1637],[102.69926,4.16398],[102.69898,4.16398],[102.69898,4.16454],[102.69926,4.16454],[102.69926,4.1651],[102.69953,4.1651],[102.69953,4.16537],[102.70009,4.16537],[102.70009,4.16565],[102.70036,4.16565],[102.70036,4.16649],[102.69981,4.16649],[102.69981,4.16677],[102.69953,4.16677],[102.69953,4.16704],[102.6987,4.16704],[102.6987,4.16732],[102.69898,4.16732],[102.69897,4.1676],[102.6987,4.1676],[102.6987,4.16843],[102.69814,4.16843],[102.69814,4.16871],[102.69786,4.16871],[102.69786,4.16899],[102.69731,4.16899],[102.69731,4.1701],[102.69703,4.1701],[102.69703,4.17428],[102.69647,4.17427],[102.69647,4.17455],[102.69619,4.17455],[102.69619,4.17567],[102.69607,4.17567],[102.69592,4.17567],[102.69592,4.17594],[102.69564,4.17594],[102.69564,4.1765],[102.69591,4.1765],[102.69591,4.17761],[102.69619,4.17761],[102.69619,4.179],[102.69647,4.17901],[102.69647,4.17956],[102.69591,4.17956],[102.69591,4.17984],[102.69563,4.17984],[102.69563,4.18067],[102.69508,4.18067],[102.69508,4.18123],[102.6948,4.18123],[102.6948,4.18234],[102.69452,4.18234],[102.69452,4.18262],[102.69397,4.18262],[102.69397,4.1829],[102.69286,4.1829],[102.69286,4.18262],[102.6923,4.18262],[102.69231,4.1815],[102.6912,4.1815],[102.6912,4.18122],[102.69092,4.18122],[102.69092,4.18095],[102.68953,4.18094],[102.68954,4.18039],[102.68898,4.18039],[102.68898,4.17983],[102.6887,4.17983],[102.68871,4.17927],[102.68815,4.17927],[102.68815,4.17899],[102.68787,4.17899],[102.68787,4.17983],[102.6876,4.17983],[102.68759,4.1815],[102.68732,4.1815],[102.68732,4.18261],[102.68704,4.18261],[102.68704,4.18289],[102.68621,4.18289],[102.68621,4.18233],[102.68538,4.18233],[102.68538,4.18261],[102.68482,4.18261],[102.68482,4.18316],[102.68371,4.18316],[102.68371,4.18288],[102.68316,4.18288],[102.68316,4.18261],[102.68054,4.1826],[102.68039,4.1826],[102.68039,4.18232],[102.68011,4.18232],[102.68011,4.18205],[102.67983,4.18204],[102.67983,4.18177],[102.679,4.18177],[102.679,4.18204],[102.67872,4.18204],[102.67872,4.18232],[102.67845,4.18232],[102.67845,4.1826],[102.67761,4.1826],[102.67761,4.18288],[102.67734,4.18288],[102.67734,4.18315],[102.67651,4.18315],[102.67651,4.18343],[102.67595,4.18343],[102.67595,4.18371],[102.67512,4.18371],[102.67512,4.18399],[102.67429,4.18399],[102.67429,4.18426],[102.67401,4.18426],[102.67401,4.18399],[102.67373,4.18398],[102.67373,4.18426],[102.67346,4.18426],[102.67346,4.18398],[102.67235,4.18398],[102.67235,4.1837],[102.67124,4.1837],[102.67124,4.18398],[102.67096,4.18398],[102.67096,4.1837],[102.67041,4.1837],[102.67041,4.18287],[102.66985,4.18287],[102.66985,4.18231],[102.67013,4.18231],[102.67013,4.18148],[102.66986,4.18148],[102.66986,4.1812],[102.67013,4.1812],[102.67013,4.18092],[102.67041,4.18092],[102.67041,4.18036],[102.67013,4.18036],[102.67013,4.18008],[102.66986,4.18008],[102.66986,4.18036],[102.66903,4.18036],[102.66903,4.18008],[102.66819,4.18008],[102.6682,4.1798],[102.66792,4.1798],[102.66792,4.18008],[102.66709,4.18008],[102.66709,4.18036],[102.66598,4.18036],[102.66598,4.18091],[102.6657,4.18091],[102.6657,4.18119],[102.66514,4.18119],[102.66514,4.18203],[102.66487,4.18203],[102.66487,4.1823],[102.66459,4.1823],[102.66459,4.18369],[102.66431,4.18369],[102.66431,4.18397],[102.66459,4.18397],[102.66459,4.18481],[102.66431,4.18481],[102.66431,4.18509],[102.66403,4.18509],[102.66403,4.18564],[102.66375,4.18564],[102.66375,4.18592],[102.66348,4.18592],[102.66347,4.18648],[102.6632,4.18648],[102.6632,4.18703],[102.66292,4.18703],[102.66292,4.18759],[102.6632,4.18759],[102.66319,4.1887],[102.66292,4.1887],[102.66292,4.18898],[102.66236,4.18898],[102.66236,4.19037],[102.66264,4.19037],[102.66264,4.19065],[102.66319,4.19065],[102.66319,4.19093],[102.66375,4.19093],[102.66374,4.19204],[102.66402,4.19204],[102.66402,4.19315],[102.66374,4.19315],[102.66374,4.19399],[102.66346,4.19399],[102.66346,4.19594],[102.66319,4.19594],[102.66318,4.19677],[102.66291,4.19677],[102.66291,4.19733],[102.66318,4.19733],[102.66318,4.19788],[102.66346,4.19788],[102.66346,4.19872],[102.66318,4.19872],[102.66318,4.199],[102.66263,4.199],[102.66263,4.19928],[102.66235,4.19927],[102.66235,4.20067],[102.66207,4.20067],[102.66207,4.20122],[102.66179,4.20122],[102.66179,4.20178],[102.66151,4.20178],[102.66151,4.20261],[102.66124,4.20261],[102.66124,4.20317],[102.66151,4.20317],[102.66151,4.20345],[102.6604,4.204],[102.6604,4.20428],[102.65957,4.20428],[102.65957,4.20456],[102.65902,4.20456],[102.65902,4.20484],[102.65708,4.20483],[102.65708,4.20455],[102.65569,4.20455],[102.65569,4.20483],[102.65569,4.20511],[102.65597,4.20511],[102.65597,4.20539],[102.65624,4.20539],[102.65624,4.20567],[102.6568,4.20567],[102.6568,4.20595],[102.65707,4.20595],[102.65707,4.20622],[102.65735,4.20622],[102.65735,4.2065],[102.65763,4.2065],[102.65763,4.20678],[102.65735,4.20678],[102.65735,4.20789],[102.65707,4.20789],[102.65707,4.20956],[102.65735,4.20956],[102.65735,4.20984],[102.65762,4.20984],[102.65762,4.21068],[102.65735,4.21068],[102.65734,4.21151],[102.65762,4.21151],[102.65762,4.21179],[102.65734,4.21179],[102.65734,4.21207],[102.65707,4.21207],[102.65707,4.21318],[102.65679,4.21318],[102.65679,4.21346],[102.65706,4.21346],[102.65706,4.21485],[102.65734,4.21485],[102.65734,4.21513],[102.65762,4.21513],[102.65762,4.21569],[102.65789,4.21569],[102.65789,4.21597],[102.65762,4.21596],[102.65762,4.21624],[102.65734,4.21624],[102.65734,4.21652],[102.65706,4.21652],[102.65706,4.2168],[102.65678,4.2168],[102.65678,4.21708],[102.65623,4.21708],[102.65623,4.21735],[102.65595,4.21735],[102.65595,4.21791],[102.65623,4.21791],[102.65623,4.21847],[102.65706,4.21847],[102.65706,4.21875],[102.65733,4.21875],[102.65733,4.21903],[102.65678,4.21902],[102.65678,4.2193],[102.6565,4.2193],[102.6565,4.22042],[102.65678,4.22042],[102.65678,4.22069],[102.65706,4.22069],[102.65705,4.22097],[102.65733,4.22097],[102.65733,4.22181],[102.65761,4.22181],[102.65761,4.22209],[102.65788,4.22209],[102.65788,4.22237],[102.65816,4.22237],[102.65816,4.2232],[102.65871,4.2232],[102.65871,4.22348],[102.65927,4.22348],[102.65927,4.22376],[102.65955,4.22376],[102.65954,4.22432],[102.65927,4.22431],[102.65927,4.22459],[102.65899,4.22459],[102.65899,4.22543],[102.65927,4.22543],[102.65927,4.22626],[102.65871,4.22626],[102.65871,4.22738],[102.65732,4.22737],[102.65732,4.22765],[102.65705,4.22765],[102.65705,4.22793],[102.65677,4.22793],[102.65677,4.22821],[102.65649,4.22821],[102.65649,4.22876],[102.65594,4.22876],[102.65593,4.22988],[102.65621,4.22988],[102.65621,4.23015],[102.65704,4.23016],[102.65704,4.23043],[102.65787,4.23044],[102.65787,4.23016],[102.65898,4.23016],[102.65898,4.23155],[102.65926,4.23155],[102.65926,4.23266],[102.65953,4.23266],[102.65953,4.23294],[102.66009,4.23294],[102.66009,4.2335],[102.65981,4.2335],[102.65981,4.23378],[102.65953,4.23378],[102.65953,4.23489],[102.65898,4.23489],[102.65898,4.23572],[102.6587,4.23572],[102.6587,4.236],[102.65842,4.236],[102.65842,4.23656],[102.6587,4.23656],[102.6587,4.23711],[102.65842,4.23711],[102.65842,4.23739],[102.65814,4.23739],[102.65814,4.23851],[102.65842,4.23851],[102.65842,4.23906],[102.65814,4.23906],[102.65814,4.23962],[102.65786,4.23962],[102.65786,4.2399],[102.65758,4.2399],[102.65758,4.24073],[102.65786,4.24073],[102.65786,4.24212],[102.65758,4.24212],[102.65758,4.2424],[102.6573,4.2424],[102.6573,4.24268],[102.65703,4.24268],[102.65702,4.2449],[102.6573,4.2449],[102.6573,4.24546],[102.65785,4.24546],[102.65785,4.24574],[102.65869,4.24574],[102.65868,4.24825],[102.6584,4.24825],[102.6584,4.24936],[102.65813,4.24936],[102.65813,4.24964],[102.65785,4.24964],[102.65785,4.25047],[102.65757,4.25047],[102.65757,4.25075],[102.65785,4.25075],[102.65785,4.25103],[102.65812,4.25103],[102.65812,4.25131],[102.6584,4.25131],[102.6584,4.25214],[102.65812,4.25214],[102.65812,4.25298],[102.65784,4.25297],[102.65784,4.25335],[102.6578,4.25338],[102.65533,4.25515],[102.65511,4.25335],[102.65289,4.25274],[102.65029,4.25202],[102.64771,4.25361]]]},"properties":{"FID":6,"Sector":"G. LARIS","SectorID":"Sec7","source_layer":"Sector"}},{"type":"Feature","id":7,"geometry":{"type":"Polygon","coordinates":[[[102.90147,4.37245],[102.90143,4.37247],[102.90118,4.37256],[102.90092,4.37266],[102.90065,4.37269],[102.90035,4.37259],[102.90025,4.37254],[102.90025,4.37222],[102.89962,4.37214],[102.8992,4.37194],[102.8989,4.37165],[102.89993,4.37156],[102.90025,4.37124],[102.90087,4.37075],[102.90125,4.37039],[102.90127,4.37007],[102.90101,4.36983],[102.90063,4.36947],[102.9006,4.36918],[102.90079,4.36855],[102.90091,4.36643],[102.90098,4.36532],[102.90102,4.36498],[102.90122,4.36472],[102.90145,4.36459],[102.90188,4.36443],[102.90244,4.36419],[102.9026,4.36393],[102.90263,4.36339],[102.90257,4.36278],[102.90256,4.36242],[102.90275,4.36217],[102.90303,4.36206],[102.90331,4.36206],[102.90414,4.36206],[102.90414,4.36178],[102.90442,4.36178],[102.90442,4.3615],[102.9047,4.36151],[102.90434,4.36087],[102.90419,4.36042],[102.9037,4.35975],[102.90339,4.35934],[102.90333,4.35906],[102.90339,4.35882],[102.90364,4.35861],[102.90393,4.35853],[102.90431,4.35852],[102.90463,4.35855],[102.90485,4.35846],[102.90503,4.35826],[102.90514,4.35802],[102.90512,4.3577],[102.90496,4.3574],[102.90456,4.357],[102.90414,4.35686],[102.9039,4.3567],[102.90377,4.35657],[102.90373,4.35635],[102.90381,4.35614],[102.904,4.35599],[102.90422,4.35582],[102.90437,4.35554],[102.90437,4.35523],[102.90408,4.35494],[102.90365,4.35481],[102.90316,4.35476],[102.90281,4.35459],[102.90242,4.35429],[102.902,4.35391],[102.9016,4.35368],[102.90125,4.35364],[102.90092,4.35363],[102.90063,4.3537],[102.90038,4.35353],[102.90024,4.35332],[102.90026,4.35303],[102.90072,4.35264],[102.90112,4.35254],[102.90136,4.35258],[102.90179,4.35282],[102.90231,4.35299],[102.9027,4.35297],[102.90325,4.35275],[102.9034,4.35262],[102.90348,4.35242],[102.9034,4.35221],[102.90311,4.35192],[102.9029,4.35177],[102.9022,4.35151],[102.90161,4.35099],[102.90135,4.35043],[102.90131,4.35012],[102.90135,4.3499],[102.90144,4.34976],[102.9016,4.34954],[102.90141,4.34934],[102.90098,4.34917],[102.90078,4.34926],[102.90057,4.34954],[102.90038,4.35011],[102.89995,4.35055],[102.89964,4.35071],[102.89929,4.35066],[102.89855,4.35015],[102.89817,4.34979],[102.89785,4.34914],[102.89772,4.34841],[102.89749,4.34801],[102.89707,4.3479],[102.89665,4.3479],[102.89599,4.3479],[102.89545,4.34779],[102.89502,4.34754],[102.89476,4.34715],[102.89454,4.34704],[102.89428,4.34702],[102.89404,4.34716],[102.89372,4.34748],[102.89346,4.34777],[102.89319,4.34816],[102.89311,4.34836],[102.89305,4.34861],[102.89261,4.34883],[102.89186,4.349],[102.89145,4.349],[102.891,4.34891],[102.89076,4.34863],[102.89064,4.34822],[102.89043,4.34764],[102.89,4.34632],[102.88989,4.3457],[102.88971,4.34534],[102.88927,4.34498],[102.88892,4.34477],[102.88816,4.34461],[102.88745,4.34448],[102.88725,4.3444],[102.88705,4.3444],[102.88656,4.34472],[102.88593,4.34504],[102.88565,4.34515],[102.88537,4.34557],[102.88514,4.3458],[102.88493,4.34581],[102.88485,4.34577],[102.88481,4.34563],[102.88481,4.34545],[102.88484,4.34518],[102.88497,4.34464],[102.88535,4.34388],[102.88583,4.34314],[102.88596,4.34217],[102.88593,4.34178],[102.88579,4.34152],[102.88542,4.34139],[102.88465,4.34115],[102.88452,4.341],[102.88451,4.34063],[102.88469,4.34026],[102.88489,4.33965],[102.88493,4.33901],[102.88465,4.33845],[102.88389,4.33784],[102.88334,4.33723],[102.88271,4.33662],[102.88202,4.33605],[102.88144,4.33588],[102.88113,4.33578],[102.88099,4.33573],[102.88075,4.3356],[102.88057,4.33543],[102.88046,4.33523],[102.88014,4.33496],[102.87959,4.33456],[102.87892,4.33446],[102.87867,4.33453],[102.87851,4.33452],[102.87841,4.3344],[102.87838,4.33421],[102.87852,4.33404],[102.87869,4.33361],[102.87879,4.33326],[102.87872,4.33271],[102.87858,4.33217],[102.87806,4.33141],[102.87721,4.32972],[102.87705,4.32932],[102.87692,4.32888],[102.87702,4.3286],[102.87712,4.32831],[102.8771,4.32809],[102.87703,4.3278],[102.87658,4.3275],[102.87618,4.32721],[102.87606,4.32682],[102.87597,4.32656],[102.87564,4.32651],[102.87539,4.32668],[102.87503,4.32691],[102.87465,4.32694],[102.8743,4.32672],[102.87376,4.32614],[102.87331,4.32534],[102.87253,4.32407],[102.87142,4.32286],[102.87074,4.3221],[102.86978,4.32179],[102.8691,4.32157],[102.86886,4.32126],[102.86876,4.32095],[102.8687,4.32056],[102.8687,4.32035],[102.86886,4.32022],[102.8693,4.32006],[102.87004,4.31982],[102.87046,4.31956],[102.87066,4.31932],[102.87072,4.31892],[102.87073,4.31844],[102.87053,4.31812],[102.87031,4.3178],[102.87011,4.31764],[102.86987,4.31759],[102.86976,4.31751],[102.86968,4.31736],[102.86959,4.317],[102.86962,4.3165],[102.86979,4.31489],[102.86992,4.31402],[102.86992,4.31379],[102.86983,4.31348],[102.86983,4.31316],[102.87001,4.31294],[102.8703,4.31285],[102.87054,4.31268],[102.87067,4.31235],[102.87066,4.31196],[102.87054,4.31152],[102.87035,4.31122],[102.8699,4.31096],[102.86931,4.31063],[102.86913,4.31005],[102.86902,4.30971],[102.86883,4.3095],[102.86857,4.30943],[102.86828,4.30942],[102.86799,4.3095],[102.86784,4.30964],[102.86773,4.30984],[102.86765,4.31009],[102.86759,4.31049],[102.86741,4.31099],[102.86717,4.31124],[102.86681,4.31142],[102.86639,4.31161],[102.86603,4.31172],[102.86574,4.31181],[102.86539,4.31179],[102.86519,4.31174],[102.86502,4.31158],[102.86493,4.31145],[102.86485,4.31119],[102.86456,4.31056],[102.86413,4.30992],[102.86328,4.30888],[102.8629,4.30859],[102.86317,4.30859],[102.86317,4.30832],[102.864,4.30832],[102.86401,4.3072],[102.86373,4.3072],[102.86373,4.30665],[102.86262,4.30665],[102.86262,4.30609],[102.86262,4.30581],[102.86318,4.30581],[102.86318,4.30498],[102.86345,4.30498],[102.86345,4.3047],[102.86401,4.3047],[102.86401,4.30442],[102.86484,4.30442],[102.86484,4.30414],[102.86512,4.30414],[102.86512,4.30387],[102.8654,4.30387],[102.8654,4.30275],[102.86512,4.30275],[102.86429,4.30275],[102.86429,4.30247],[102.86401,4.30247],[102.86401,4.30219],[102.86373,4.30219],[102.86373,4.30192],[102.86346,4.30192],[102.86346,4.30164],[102.86373,4.30164],[102.86373,4.30136],[102.86401,4.30136],[102.86401,4.30053],[102.86374,4.30052],[102.86374,4.29997],[102.86401,4.29997],[102.86401,4.29969],[102.86429,4.29969],[102.86429,4.29941],[102.86457,4.29941],[102.86457,4.29913],[102.86485,4.29913],[102.86485,4.29941],[102.86512,4.29941],[102.86512,4.29886],[102.8654,4.29886],[102.8654,4.29719],[102.86568,4.29719],[102.86568,4.29691],[102.86623,4.29691],[102.86623,4.29663],[102.86651,4.29663],[102.86651,4.29608],[102.86679,4.29608],[102.86679,4.29552],[102.86734,4.29552],[102.86734,4.29524],[102.86762,4.29524],[102.86762,4.29413],[102.86735,4.29413],[102.86735,4.29357],[102.86762,4.29357],[102.86762,4.29329],[102.86818,4.29329],[102.86818,4.29302],[102.86984,4.29302],[102.86984,4.29274],[102.87012,4.29274],[102.87012,4.29302],[102.87067,4.29302],[102.87067,4.29246],[102.87123,4.29246],[102.87123,4.29218],[102.87151,4.29219],[102.87151,4.29191],[102.87178,4.29191],[102.87178,4.29079],[102.87206,4.29079],[102.87206,4.29024],[102.87262,4.29024],[102.87262,4.28968],[102.87289,4.28968],[102.87289,4.28913],[102.87317,4.28913],[102.87317,4.2894],[102.874,4.28941],[102.874,4.28968],[102.87428,4.28968],[102.87428,4.28996],[102.87483,4.28996],[102.87483,4.28968],[102.87539,4.28968],[102.87539,4.28885],[102.87567,4.28885],[102.87567,4.28774],[102.87622,4.28774],[102.87622,4.2869],[102.8765,4.2869],[102.8765,4.28663],[102.87706,4.28663],[102.87706,4.28607],[102.87678,4.28607],[102.87678,4.28551],[102.87789,4.28551],[102.87789,4.28579],[102.87955,4.28579],[102.87955,4.28552],[102.88038,4.28552],[102.88038,4.28524],[102.88149,4.28524],[102.88149,4.28357],[102.88122,4.28357],[102.88122,4.28329],[102.88094,4.28329],[102.88094,4.28273],[102.88066,4.28273],[102.88066,4.28162],[102.88039,4.28162],[102.88039,4.28134],[102.88066,4.28134],[102.88067,4.28023],[102.88039,4.28023],[102.88039,4.27995],[102.88011,4.27995],[102.88011,4.27912],[102.87983,4.27912],[102.87984,4.27884],[102.87956,4.27884],[102.87956,4.278],[102.87984,4.278],[102.87984,4.27745],[102.88011,4.27745],[102.88011,4.27689],[102.87984,4.27689],[102.87984,4.27661],[102.87956,4.27661],[102.87956,4.2755],[102.87984,4.2755],[102.87984,4.27522],[102.87956,4.27522],[102.87956,4.27439],[102.87984,4.27439],[102.87984,4.27411],[102.87956,4.27411],[102.87956,4.27355],[102.87984,4.27355],[102.87984,4.27272],[102.88012,4.27272],[102.88012,4.27244],[102.88095,4.27244],[102.88095,4.273],[102.8815,4.273],[102.8815,4.27327],[102.88206,4.27327],[102.88206,4.273],[102.88234,4.273],[102.88234,4.27272],[102.88289,4.27272],[102.88289,4.27188],[102.88261,4.27188],[102.88261,4.27161],[102.88289,4.27161],[102.88289,4.27105],[102.88317,4.27105],[102.88317,4.27021],[102.88289,4.27021],[102.88289,4.26938],[102.88317,4.26938],[102.88317,4.26882],[102.88345,4.26882],[102.88345,4.26827],[102.88373,4.26827],[102.88373,4.26799],[102.88345,4.26799],[102.88345,4.26715],[102.88317,4.26715],[102.88317,4.26688],[102.88345,4.26688],[102.88345,4.2666],[102.88401,4.2666],[102.88401,4.26632],[102.88428,4.26632],[102.88428,4.26604],[102.88456,4.26604],[102.88456,4.26521],[102.88428,4.26521],[102.88429,4.26409],[102.88401,4.26409],[102.88401,4.26382],[102.88373,4.26382],[102.88373,4.26354],[102.88345,4.26354],[102.88345,4.26326],[102.88318,4.26326],[102.88318,4.26215],[102.8829,4.26215],[102.8829,4.26131],[102.88318,4.26131],[102.88318,4.26103],[102.88346,4.26103],[102.88346,4.26075],[102.88373,4.26075],[102.88373,4.26048],[102.88401,4.26048],[102.88401,4.2602],[102.88484,4.2602],[102.88484,4.25992],[102.88568,4.25992],[102.88568,4.25964],[102.88582,4.25964],[102.88603,4.2598],[102.88722,4.25933],[102.88965,4.25757],[102.89129,4.25637],[102.8927,4.25646],[102.89657,4.25668],[102.89994,4.25938],[102.90038,4.25944],[102.90139,4.25961],[102.90526,4.25914],[102.90545,4.25923],[102.90864,4.26086],[102.91178,4.2616],[102.91854,4.2604],[102.91998,4.2604],[102.92118,4.26503],[102.92312,4.26724],[102.9248,4.26821],[102.92699,4.27285],[102.92844,4.27601],[102.92939,4.2763],[102.9309,4.27674],[102.93297,4.28034],[102.93326,4.28072],[102.93343,4.28116],[102.93354,4.28159],[102.93381,4.28189],[102.93453,4.28272],[102.93476,4.28329],[102.93508,4.28433],[102.93515,4.28446],[102.93524,4.28463],[102.93541,4.28486],[102.93594,4.28551],[102.93596,4.28553],[102.93638,4.2859],[102.93672,4.28618],[102.93762,4.28676],[102.93821,4.28722],[102.93926,4.28814],[102.93956,4.28825],[102.94002,4.28829],[102.94038,4.2881],[102.94143,4.28747],[102.94235,4.28715],[102.94372,4.2859],[102.94409,4.28556],[102.94435,4.28539],[102.94506,4.28478],[102.94544,4.28476],[102.9463,4.28476],[102.948,4.28455],[102.94824,4.28447],[102.94866,4.28432],[102.94903,4.28438],[102.94946,4.28472],[102.94988,4.28497],[102.95065,4.28536],[102.95107,4.28568],[102.95187,4.28647],[102.95188,4.28649],[102.95257,4.28729],[102.95259,4.28731],[102.95337,4.288],[102.95341,4.28802],[102.95381,4.28856],[102.95404,4.28896],[102.95421,4.28957],[102.95451,4.29039],[102.95512,4.29181],[102.95529,4.29235],[102.95585,4.29304],[102.95624,4.29373],[102.95655,4.29459],[102.95674,4.29606],[102.95664,4.29673],[102.95657,4.29717],[102.9566,4.29779],[102.95674,4.29827],[102.95754,4.2997],[102.95782,4.30039],[102.95792,4.30135],[102.95782,4.30315],[102.95757,4.30376],[102.95751,4.30435],[102.95757,4.30501],[102.95776,4.30807],[102.95778,4.30839],[102.95823,4.31],[102.95861,4.31175],[102.95886,4.3128],[102.9593,4.31581],[102.95941,4.31659],[102.95971,4.31726],[102.95988,4.31766],[102.95994,4.31851],[102.95998,4.31942],[102.96013,4.31963],[102.96015,4.31965],[102.96148,4.32084],[102.96263,4.3218],[102.96265,4.32182],[102.96364,4.32293],[102.96364,4.32295],[102.96371,4.32303],[102.96392,4.32322],[102.96394,4.32324],[102.96402,4.32331],[102.96503,4.32446],[102.96587,4.32527],[102.9659,4.32531],[102.96609,4.32561],[102.96611,4.32565],[102.96619,4.32581],[102.96678,4.32688],[102.96699,4.32728],[102.96707,4.32764],[102.96731,4.32805],[102.96769,4.32839],[102.96777,4.32845],[102.96785,4.32849],[102.96909,4.32935],[102.96966,4.32968],[102.9697,4.3297],[102.97076,4.33029],[102.97181,4.33041],[102.97246,4.33064],[102.97288,4.33089],[102.97374,4.33142],[102.97379,4.33146],[102.97383,4.3315],[102.97452,4.33205],[102.97549,4.33257],[102.97549,4.33259],[102.97576,4.33292],[102.97591,4.3332],[102.97599,4.33372],[102.976,4.33416],[102.97602,4.33433],[102.97541,4.3343],[102.97513,4.3343],[102.97513,4.33458],[102.97458,4.33458],[102.97458,4.33542],[102.9743,4.33542],[102.9743,4.33569],[102.97236,4.33569],[102.97236,4.33653],[102.97208,4.33653],[102.97208,4.33708],[102.97153,4.33708],[102.97153,4.33681],[102.97125,4.33681],[102.97125,4.33653],[102.9707,4.33653],[102.9707,4.33597],[102.97014,4.33597],[102.97014,4.33569],[102.96986,4.33569],[102.96987,4.33513],[102.96931,4.33513],[102.96931,4.33541],[102.96709,4.33541],[102.96709,4.33513],[102.96682,4.33513],[102.96682,4.33541],[102.96598,4.33541],[102.96598,4.33513],[102.96543,4.33513],[102.96543,4.33569],[102.96515,4.33569],[102.96515,4.33708],[102.96487,4.33708],[102.96487,4.33736],[102.96432,4.33736],[102.96432,4.33763],[102.96404,4.33763],[102.96404,4.33819],[102.96376,4.33819],[102.96376,4.33847],[102.96349,4.33847],[102.96349,4.33819],[102.96293,4.33819],[102.96293,4.33875],[102.9621,4.33874],[102.9621,4.33958],[102.96182,4.33958],[102.96182,4.34014],[102.96154,4.34013],[102.96154,4.34125],[102.96044,4.34125],[102.96043,4.34153],[102.95988,4.34152],[102.95988,4.3418],[102.9596,4.3418],[102.9596,4.34208],[102.95933,4.34208],[102.95933,4.34236],[102.95849,4.34236],[102.95849,4.34264],[102.95822,4.34264],[102.95821,4.34403],[102.95738,4.34403],[102.95738,4.3443],[102.956,4.3443],[102.956,4.34458],[102.95572,4.34458],[102.95572,4.34486],[102.95489,4.34486],[102.95489,4.34514],[102.95461,4.34514],[102.95461,4.34569],[102.95406,4.34569],[102.95406,4.34597],[102.9535,4.34597],[102.9535,4.34625],[102.95322,4.34625],[102.95322,4.34653],[102.95267,4.34653],[102.95267,4.34736],[102.95239,4.34736],[102.95239,4.34792],[102.95184,4.34792],[102.95183,4.34931],[102.95211,4.34931],[102.95211,4.35042],[102.95239,4.35042],[102.95239,4.3507],[102.95211,4.3507],[102.95211,4.35098],[102.951,4.35098],[102.951,4.35209],[102.95128,4.35209],[102.95128,4.35237],[102.95155,4.35237],[102.95155,4.35265],[102.95183,4.35265],[102.95183,4.35348],[102.95211,4.35348],[102.95211,4.35376],[102.95238,4.35376],[102.95238,4.3546],[102.95183,4.35459],[102.95183,4.35515],[102.95155,4.35515],[102.95155,4.35543],[102.95183,4.35543],[102.95183,4.35626],[102.95211,4.35626],[102.9521,4.35654],[102.95266,4.35654],[102.95266,4.35821],[102.95293,4.35821],[102.95293,4.35849],[102.95321,4.35849],[102.95321,4.35877],[102.95377,4.35877],[102.95377,4.35905],[102.95349,4.35905],[102.95349,4.35988],[102.95321,4.35988],[102.95321,4.36016],[102.9521,4.36016],[102.9521,4.36044],[102.95182,4.36044],[102.95182,4.36072],[102.95127,4.36072],[102.95127,4.36099],[102.95044,4.36099],[102.95044,4.36127],[102.95016,4.36127],[102.95016,4.36155],[102.94988,4.36155],[102.94988,4.36135],[102.94988,4.36127],[102.94961,4.36127],[102.94961,4.36099],[102.94933,4.36099],[102.94933,4.36071],[102.94905,4.36071],[102.94905,4.36044],[102.94933,4.36044],[102.94933,4.36016],[102.94961,4.36016],[102.94961,4.35988],[102.94933,4.35988],[102.94933,4.3596],[102.94905,4.3596],[102.94905,4.35877],[102.94878,4.35877],[102.94878,4.35821],[102.9485,4.35821],[102.9485,4.35793],[102.94822,4.35793],[102.94822,4.35765],[102.94795,4.35765],[102.94795,4.35737],[102.94739,4.35737],[102.94739,4.35765],[102.94711,4.35765],[102.94711,4.35821],[102.94656,4.35821],[102.94656,4.35849],[102.94628,4.35849],[102.94628,4.35821],[102.94545,4.35821],[102.94545,4.35848],[102.94517,4.35848],[102.94517,4.35821],[102.9449,4.35821],[102.9449,4.35793],[102.94434,4.35793],[102.94434,4.35765],[102.94351,4.35765],[102.94351,4.35737],[102.94296,4.35737],[102.94296,4.35486],[102.94268,4.35486],[102.94268,4.35459],[102.9424,4.35459],[102.9424,4.35486],[102.94102,4.35486],[102.94102,4.35514],[102.93963,4.35514],[102.93963,4.35486],[102.93936,4.35486],[102.93936,4.3543],[102.93908,4.3543],[102.93908,4.35403],[102.93769,4.35402],[102.93769,4.35458],[102.93686,4.35458],[102.93686,4.35402],[102.93575,4.35402],[102.93575,4.35374],[102.93548,4.35374],[102.93547,4.35458],[102.9352,4.35458],[102.9352,4.3543],[102.93437,4.3543],[102.93437,4.35374],[102.93409,4.35374],[102.93409,4.35346],[102.93381,4.35346],[102.93381,4.35319],[102.93354,4.35319],[102.93354,4.35291],[102.93326,4.35291],[102.93326,4.35263],[102.9327,4.35263],[102.9327,4.35291],[102.93215,4.35291],[102.93215,4.35152],[102.93187,4.35151],[102.93187,4.35124],[102.93077,4.35124],[102.93077,4.35096],[102.93049,4.35096],[102.93049,4.3504],[102.93021,4.3504],[102.93021,4.35012],[102.92938,4.35012],[102.92938,4.3479],[102.92911,4.34789],[102.92911,4.34762],[102.92883,4.34762],[102.92883,4.34734],[102.92855,4.34734],[102.92855,4.34678],[102.92827,4.34678],[102.92828,4.34595],[102.928,4.34595],[102.928,4.34567],[102.92772,4.34567],[102.92772,4.34539],[102.928,4.34539],[102.928,4.34483],[102.92745,4.34483],[102.92745,4.34428],[102.92717,4.34428],[102.92717,4.344],[102.92661,4.344],[102.92661,4.34344],[102.92662,4.34321],[102.92429,4.3436],[102.921,4.34387],[102.92053,4.3445],[102.91981,4.34477],[102.91869,4.34489],[102.91805,4.34489],[102.91768,4.34509],[102.91716,4.34576],[102.91654,4.34631],[102.91574,4.34675],[102.91587,4.34728],[102.91661,4.34745],[102.91705,4.3476],[102.91745,4.3478],[102.91733,4.34822],[102.91683,4.34864],[102.91633,4.34964],[102.91544,4.35013],[102.91477,4.35061],[102.91455,4.35115],[102.91499,4.3514],[102.91549,4.35178],[102.91569,4.35215],[102.91554,4.35252],[102.9146,4.35312],[102.91403,4.35371],[102.9138,4.35424],[102.91331,4.35451],[102.91224,4.35543],[102.91078,4.35635],[102.91015,4.35799],[102.90987,4.35878],[102.90955,4.35923],[102.9094,4.36005],[102.90955,4.36092],[102.90945,4.36143],[102.9095,4.36188],[102.90949,4.36214],[102.90932,4.3624],[102.90939,4.36275],[102.90952,4.36285],[102.90994,4.3631],[102.91043,4.36339],[102.91046,4.36373],[102.91013,4.36398],[102.90968,4.36397],[102.90924,4.36405],[102.90912,4.36429],[102.90915,4.36461],[102.90912,4.36516],[102.90868,4.36574],[102.908,4.36603],[102.9074,4.36613],[102.90689,4.3663],[102.90626,4.36706],[102.90442,4.36939],[102.90346,4.37129],[102.90339,4.37152],[102.90309,4.37201],[102.90294,4.37223],[102.90272,4.37239],[102.90259,4.3725],[102.90249,4.37254],[102.90229,4.37255],[102.90196,4.37249],[102.90167,4.37243],[102.90147,4.37245]]]},"properties":{"FID":7,"Sector":"G. PALAS","SectorID":"Sec8","source_layer":"Sector"}},{"type":"Feature","id":8,"geometry":{"type":"Polygon","coordinates":[[[102.80818,4.42607],[102.8076,4.42707],[102.80733,4.42679],[102.80705,4.42679],[102.80705,4.42651],[102.80705,4.42596],[102.80733,4.42596],[102.80733,4.4254],[102.8076,4.4254],[102.80761,4.42457],[102.80788,4.42457],[102.80788,4.42373],[102.80761,4.42373],[102.80761,4.42345],[102.80733,4.42345],[102.80733,4.42318],[102.80761,4.42318],[102.80761,4.4229],[102.80899,4.4229],[102.80899,4.42234],[102.80927,4.42234],[102.80927,4.42179],[102.80899,4.42179],[102.809,4.42095],[102.80927,4.42095],[102.80927,4.42067],[102.80955,4.42067],[102.80955,4.42012],[102.80983,4.42012],[102.80983,4.41873],[102.81011,4.41873],[102.81011,4.41773],[102.81011,4.41733],[102.80955,4.41733],[102.80955,4.41706],[102.80928,4.41706],[102.80928,4.4165],[102.80956,4.4165],[102.80956,4.41594],[102.80983,4.41594],[102.80983,4.41539],[102.81011,4.41539],[102.81011,4.41372],[102.81094,4.41372],[102.81095,4.41177],[102.81067,4.41177],[102.81067,4.41149],[102.81039,4.41149],[102.81039,4.41121],[102.81012,4.41121],[102.81012,4.41093],[102.80984,4.41093],[102.80984,4.41038],[102.81012,4.41038],[102.81012,4.40982],[102.80984,4.40982],[102.80984,4.40927],[102.81012,4.40927],[102.81012,4.40899],[102.8104,4.40899],[102.8104,4.40815],[102.81067,4.40815],[102.81067,4.4076],[102.81095,4.4076],[102.81095,4.40732],[102.81151,4.40732],[102.81151,4.40704],[102.81178,4.40704],[102.81178,4.40676],[102.81206,4.40676],[102.81206,4.40537],[102.81234,4.40537],[102.81234,4.40509],[102.81262,4.40509],[102.81262,4.40454],[102.8129,4.40454],[102.8129,4.40426],[102.81373,4.40426],[102.81373,4.40398],[102.814,4.40398],[102.814,4.4037],[102.81428,4.4037],[102.81428,4.40315],[102.81484,4.40315],[102.81484,4.40343],[102.81511,4.40343],[102.81511,4.40371],[102.81539,4.40371],[102.81539,4.40343],[102.81567,4.40343],[102.81567,4.40287],[102.81678,4.40287],[102.81678,4.40259],[102.81761,4.4026],[102.81761,4.40232],[102.81844,4.40232],[102.81844,4.40093],[102.81872,4.40093],[102.81872,4.40009],[102.819,4.40009],[102.819,4.39981],[102.81928,4.39981],[102.81928,4.39954],[102.819,4.39954],[102.819,4.39926],[102.82094,4.39926],[102.82094,4.3987],[102.82122,4.3987],[102.82122,4.39843],[102.8215,4.39843],[102.8215,4.39815],[102.82205,4.39815],[102.82205,4.39787],[102.82233,4.39787],[102.82233,4.39759],[102.82316,4.39759],[102.82316,4.39731],[102.82427,4.39732],[102.82427,4.39704],[102.82455,4.39704],[102.82455,4.39732],[102.82566,4.39732],[102.82566,4.39704],[102.82593,4.39704],[102.82593,4.39676],[102.82621,4.39676],[102.82621,4.39648],[102.82649,4.39648],[102.82649,4.39676],[102.82704,4.39676],[102.82704,4.39704],[102.8276,4.39704],[102.8276,4.3976],[102.82815,4.3976],[102.82815,4.39815],[102.82843,4.39816],[102.82843,4.39788],[102.8287,4.39788],[102.8287,4.3976],[102.82926,4.3976],[102.82926,4.39732],[102.82954,4.39732],[102.82954,4.39621],[102.83009,4.39621],[102.83009,4.39593],[102.83037,4.39593],[102.83037,4.39565],[102.8312,4.39565],[102.8312,4.39538],[102.83176,4.39538],[102.83176,4.3951],[102.83176,4.39426],[102.8312,4.39426],[102.8312,4.39343],[102.83093,4.39343],[102.83093,4.39287],[102.83037,4.39287],[102.83037,4.39231],[102.8301,4.39231],[102.8301,4.3912],[102.82954,4.3912],[102.82954,4.39092],[102.82927,4.39092],[102.82927,4.39064],[102.82954,4.39064],[102.82954,4.38981],[102.82982,4.38981],[102.82982,4.38842],[102.82955,4.38842],[102.82955,4.38786],[102.82982,4.38786],[102.82983,4.38647],[102.83038,4.38647],[102.83038,4.38619],[102.83066,4.38619],[102.83066,4.38564],[102.83094,4.38564],[102.83094,4.38508],[102.83038,4.38508],[102.83038,4.38452],[102.8301,4.38452],[102.83011,4.38397],[102.82955,4.38397],[102.82955,4.38285],[102.82927,4.38285],[102.82928,4.3823],[102.829,4.3823],[102.829,4.38202],[102.82844,4.38202],[102.82844,4.38118],[102.82872,4.38118],[102.82872,4.3809],[102.829,4.3809],[102.829,4.38063],[102.82928,4.38063],[102.82928,4.37951],[102.82956,4.37951],[102.82956,4.37923],[102.82983,4.37924],[102.82983,4.37868],[102.83011,4.37868],[102.83011,4.3784],[102.83039,4.3784],[102.83039,4.37784],[102.8315,4.37785],[102.8315,4.37729],[102.83178,4.37729],[102.83178,4.37701],[102.83233,4.37701],[102.83233,4.37673],[102.83316,4.37673],[102.83316,4.37618],[102.83344,4.37618],[102.83344,4.3759],[102.83372,4.3759],[102.83372,4.37534],[102.83344,4.37534],[102.83344,4.37451],[102.83372,4.37451],[102.83372,4.37395],[102.834,4.37395],[102.834,4.37284],[102.83428,4.37284],[102.83428,4.37256],[102.83455,4.37256],[102.83455,4.37228],[102.83483,4.37228],[102.83483,4.37145],[102.83511,4.37145],[102.83511,4.37089],[102.83539,4.37089],[102.83539,4.37006],[102.83594,4.37006],[102.83594,4.36978],[102.8365,4.36978],[102.8365,4.37006],[102.83677,4.37006],[102.83677,4.36978],[102.83705,4.36978],[102.83705,4.37006],[102.83733,4.37006],[102.83733,4.36978],[102.83788,4.36978],[102.83788,4.36951],[102.83816,4.36951],[102.83816,4.36867],[102.83844,4.36867],[102.83844,4.36839],[102.83872,4.36839],[102.83872,4.36811],[102.8401,4.36812],[102.8401,4.36839],[102.84038,4.36839],[102.84038,4.36812],[102.84093,4.36812],[102.84093,4.36784],[102.84121,4.36784],[102.84121,4.36728],[102.84149,4.36728],[102.84149,4.36645],[102.84232,4.36645],[102.84232,4.36617],[102.8426,4.36617],[102.8426,4.36589],[102.84288,4.36589],[102.84288,4.36561],[102.84371,4.36562],[102.84371,4.36589],[102.84426,4.36589],[102.84426,4.36617],[102.84509,4.36617],[102.84509,4.3659],[102.84537,4.3659],[102.84537,4.36617],[102.8462,4.36617],[102.8462,4.3659],[102.84648,4.3659],[102.84676,4.3659],[102.84676,4.36618],[102.84731,4.36618],[102.84731,4.36645],[102.84787,4.36645],[102.84787,4.36673],[102.84925,4.36673],[102.84925,4.36701],[102.84953,4.36701],[102.84953,4.36673],[102.84981,4.36674],[102.84981,4.36646],[102.85008,4.36646],[102.85008,4.36618],[102.85064,4.36618],[102.85064,4.36562],[102.85119,4.36562],[102.85119,4.36507],[102.8523,4.36507],[102.8523,4.36535],[102.85258,4.36535],[102.85258,4.36507],[102.85286,4.36507],[102.85286,4.36479],[102.85313,4.36479],[102.85314,4.36396],[102.85341,4.36396],[102.85341,4.36368],[102.85452,4.36368],[102.85452,4.36396],[102.8548,4.36396],[102.8548,4.36424],[102.85563,4.36424],[102.85563,4.36452],[102.85591,4.36452],[102.85591,4.36479],[102.85618,4.36479],[102.85618,4.36507],[102.85674,4.36507],[102.85674,4.36563],[102.85757,4.36563],[102.85757,4.36591],[102.85785,4.36591],[102.85785,4.36563],[102.85868,4.36563],[102.85868,4.36591],[102.85923,4.36591],[102.85923,4.36619],[102.86062,4.36619],[102.86062,4.36647],[102.86117,4.36647],[102.86117,4.36619],[102.86173,4.36619],[102.86173,4.36563],[102.86145,4.36563],[102.86145,4.36508],[102.86173,4.36508],[102.86173,4.36452],[102.86145,4.36452],[102.86145,4.36369],[102.86173,4.36369],[102.86173,4.36341],[102.86256,4.36341],[102.86256,4.36369],[102.86284,4.36369],[102.86284,4.36397],[102.86339,4.36397],[102.86339,4.36452],[102.86505,4.36453],[102.86505,4.36425],[102.86533,4.36425],[102.86533,4.36397],[102.86589,4.36397],[102.86589,4.36425],[102.86616,4.36425],[102.86616,4.36397],[102.86727,4.36397],[102.86727,4.36341],[102.86783,4.36342],[102.86783,4.36314],[102.86783,4.36202],[102.86811,4.36202],[102.86811,4.36175],[102.86838,4.36175],[102.86839,4.36036],[102.86866,4.36036],[102.86866,4.3598],[102.86922,4.3598],[102.86922,4.35952],[102.8695,4.35952],[102.8695,4.35924],[102.86922,4.35924],[102.86922,4.35896],[102.86894,4.35896],[102.86894,4.35841],[102.86866,4.35841],[102.86866,4.35813],[102.8695,4.35813],[102.8695,4.35757],[102.87005,4.35757],[102.87005,4.35785],[102.87088,4.35785],[102.87088,4.35758],[102.87144,4.35758],[102.87144,4.3573],[102.87227,4.3573],[102.87227,4.35702],[102.87255,4.35702],[102.87255,4.35619],[102.87449,4.35619],[102.87449,4.35591],[102.87504,4.35591],[102.87504,4.35563],[102.87587,4.35563],[102.87588,4.35535],[102.87643,4.35535],[102.87643,4.35508],[102.87726,4.35508],[102.87726,4.3548],[102.87754,4.3548],[102.87754,4.35452],[102.87809,4.35452],[102.87809,4.35397],[102.87893,4.35397],[102.87893,4.35369],[102.87948,4.35369],[102.87948,4.35397],[102.88003,4.35397],[102.88003,4.35369],[102.88031,4.35369],[102.88031,4.35341],[102.88059,4.35341],[102.88059,4.35313],[102.88225,4.35313],[102.88225,4.35341],[102.88253,4.35341],[102.88253,4.35369],[102.88281,4.35369],[102.88281,4.35397],[102.8853,4.35397],[102.8853,4.35314],[102.88558,4.35314],[102.88558,4.35286],[102.88586,4.35286],[102.88586,4.35258],[102.88613,4.35258],[102.88613,4.3523],[102.88669,4.3523],[102.88669,4.35175],[102.88724,4.35175],[102.88724,4.35147],[102.8878,4.35147],[102.8878,4.35064],[102.88863,4.35064],[102.88863,4.35092],[102.89057,4.35092],[102.89057,4.35147],[102.89085,4.35147],[102.89085,4.35175],[102.89168,4.35175],[102.89168,4.35203],[102.89279,4.35203],[102.89279,4.35231],[102.89362,4.35231],[102.89362,4.35259],[102.8939,4.35259],[102.8939,4.35315],[102.89417,4.35315],[102.89417,4.35343],[102.89445,4.35343],[102.89445,4.35398],[102.89473,4.35398],[102.89473,4.35454],[102.895,4.35454],[102.895,4.35482],[102.89528,4.35482],[102.89528,4.3551],[102.89611,4.3551],[102.89611,4.35538],[102.89639,4.35538],[102.89639,4.35593],[102.89694,4.35593],[102.89694,4.35649],[102.89722,4.35649],[102.89722,4.35677],[102.8975,4.35677],[102.8975,4.35705],[102.89777,4.35705],[102.89777,4.35732],[102.89805,4.35732],[102.89805,4.35788],[102.89833,4.35788],[102.89833,4.35816],[102.8986,4.35816],[102.8986,4.35844],[102.89916,4.35844],[102.89916,4.35872],[102.89943,4.35872],[102.89943,4.359],[102.89971,4.359],[102.89971,4.35927],[102.89999,4.35927],[102.89999,4.36094],[102.90026,4.36094],[102.90026,4.36122],[102.90054,4.36122],[102.90109,4.36122],[102.9011,4.36095],[102.90137,4.36095],[102.90137,4.36122],[102.90248,4.36122],[102.90248,4.3615],[102.90276,4.3615],[102.90276,4.36178],[102.90303,4.36178],[102.90303,4.36206],[102.90275,4.36217],[102.90256,4.36242],[102.90257,4.36278],[102.90263,4.36339],[102.9026,4.36393],[102.90244,4.36419],[102.90188,4.36443],[102.90145,4.36459],[102.90122,4.36472],[102.90102,4.36498],[102.90098,4.36532],[102.90091,4.36643],[102.90079,4.36855],[102.9006,4.36918],[102.90063,4.36947],[102.90101,4.36983],[102.90127,4.37007],[102.90125,4.37039],[102.90087,4.37075],[102.90025,4.37124],[102.89993,4.37156],[102.8989,4.37165],[102.89817,4.3712],[102.89699,4.36998],[102.89663,4.36943],[102.89645,4.36915],[102.89619,4.36902],[102.89571,4.36898],[102.89515,4.36924],[102.89464,4.36974],[102.89367,4.37077],[102.89339,4.37134],[102.89314,4.37176],[102.89223,4.37192],[102.89144,4.37221],[102.89085,4.37217],[102.89051,4.37188],[102.88981,4.37107],[102.88903,4.37107],[102.88861,4.37158],[102.88871,4.37284],[102.88906,4.3742],[102.88911,4.37525],[102.88888,4.37596],[102.88869,4.3767],[102.88837,4.3768],[102.88818,4.37676],[102.88793,4.37653],[102.88779,4.37627],[102.88753,4.37579],[102.88736,4.37535],[102.88656,4.37477],[102.88565,4.37497],[102.88522,4.37522],[102.88474,4.37613],[102.885,4.37664],[102.88557,4.37686],[102.88593,4.37684],[102.88681,4.37694],[102.88716,4.3774],[102.88706,4.37805],[102.8868,4.37921],[102.88702,4.38079],[102.88739,4.3811],[102.888,4.38132],[102.8884,4.38165],[102.88827,4.38213],[102.88808,4.38259],[102.88752,4.38293],[102.88693,4.38337],[102.88655,4.38375],[102.88649,4.38411],[102.88679,4.38443],[102.88743,4.38494],[102.88755,4.38539],[102.88743,4.38587],[102.8872,4.38607],[102.88662,4.38606],[102.88592,4.38602],[102.88539,4.38612],[102.88489,4.38618],[102.88465,4.38645],[102.88462,4.38679],[102.88466,4.38726],[102.88458,4.38788],[102.88439,4.38817],[102.88369,4.3884],[102.88298,4.38845],[102.88203,4.38844],[102.8816,4.38854],[102.88131,4.38871],[102.88116,4.38921],[102.8813,4.38987],[102.88145,4.3907],[102.88119,4.39148],[102.88095,4.39174],[102.88056,4.39171],[102.88006,4.39174],[102.87959,4.39213],[102.87915,4.39267],[102.8792,4.39302],[102.87966,4.3935],[102.88003,4.39371],[102.88059,4.39377],[102.88127,4.39335],[102.88166,4.39305],[102.88214,4.39291],[102.88263,4.39314],[102.88308,4.39335],[102.88358,4.39366],[102.88375,4.39386],[102.88378,4.3941],[102.88368,4.39453],[102.88294,4.39519],[102.88267,4.39558],[102.88256,4.3958],[102.88262,4.39626],[102.88303,4.39654],[102.8834,4.39654],[102.88378,4.39654],[102.88433,4.39668],[102.88446,4.39694],[102.88446,4.39732],[102.88438,4.39765],[102.88387,4.39834],[102.88392,4.39882],[102.88423,4.39923],[102.88451,4.39943],[102.88473,4.39944],[102.88504,4.39936],[102.88579,4.39872],[102.88672,4.39837],[102.88714,4.39845],[102.88739,4.39868],[102.88738,4.39905],[102.887,4.39957],[102.88671,4.39996],[102.88571,4.40077],[102.88528,4.40135],[102.88522,4.40198],[102.88533,4.40247],[102.88572,4.40308],[102.88599,4.4033],[102.8863,4.4033],[102.88682,4.40298],[102.88765,4.40211],[102.88931,4.40082],[102.89009,4.39994],[102.89036,4.39989],[102.89073,4.40014],[102.89082,4.40072],[102.89083,4.40129],[102.89056,4.40211],[102.89005,4.40262],[102.88961,4.403],[102.88892,4.40373],[102.88878,4.40401],[102.88872,4.40436],[102.88856,4.40517],[102.88889,4.4058],[102.88894,4.40657],[102.8887,4.40718],[102.88825,4.40781],[102.88739,4.40839],[102.88715,4.40892],[102.88719,4.40936],[102.88733,4.40964],[102.88778,4.4098],[102.88818,4.40984],[102.88869,4.41011],[102.88881,4.4106],[102.88879,4.41088],[102.88853,4.41108],[102.88808,4.41106],[102.8875,4.41084],[102.8867,4.4105],[102.88583,4.41032],[102.88519,4.41034],[102.88443,4.41073],[102.88423,4.41112],[102.88423,4.41145],[102.88453,4.41176],[102.88552,4.41268],[102.88604,4.41335],[102.88639,4.41394],[102.88644,4.41425],[102.88607,4.41463],[102.88535,4.41544],[102.88457,4.4155],[102.88423,4.41543],[102.88395,4.41515],[102.88385,4.4143],[102.88367,4.41349],[102.8831,4.41328],[102.88232,4.41325],[102.8817,4.41348],[102.88128,4.41352],[102.8805,4.41318],[102.87993,4.41275],[102.8797,4.41189],[102.87949,4.41105],[102.87893,4.41059],[102.87829,4.41047],[102.87797,4.41057],[102.87774,4.41076],[102.87701,4.41171],[102.87585,4.41286],[102.87473,4.41374],[102.87318,4.41467],[102.87253,4.41497],[102.87167,4.41525],[102.87099,4.41511],[102.87058,4.41468],[102.86995,4.41406],[102.86936,4.41367],[102.86892,4.41414],[102.86861,4.4146],[102.86826,4.41504],[102.86778,4.41511],[102.86715,4.41497],[102.86647,4.41463],[102.86567,4.41433],[102.8647,4.41374],[102.86409,4.41344],[102.86356,4.41339],[102.86324,4.41373],[102.86269,4.41417],[102.86217,4.41447],[102.86181,4.41557],[102.86154,4.41699],[102.86137,4.41763],[102.86114,4.41836],[102.86056,4.41878],[102.86018,4.41907],[102.85992,4.41923],[102.85952,4.41928],[102.85901,4.41916],[102.85866,4.41894],[102.85818,4.41855],[102.85795,4.41826],[102.8576,4.41783],[102.85713,4.4171],[102.8568,4.41684],[102.85639,4.41653],[102.85598,4.41642],[102.85592,4.41641],[102.85564,4.41611],[102.85532,4.41578],[102.85467,4.41548],[102.85407,4.41531],[102.85364,4.41549],[102.85315,4.41671],[102.85273,4.41729],[102.85244,4.41743],[102.85222,4.41743],[102.85188,4.41721],[102.85133,4.41684],[102.85107,4.41642],[102.85072,4.41595],[102.85,4.41534],[102.84983,4.4152],[102.84925,4.41485],[102.84856,4.41452],[102.8479,4.41447],[102.84711,4.41486],[102.84702,4.41517],[102.84708,4.41534],[102.84715,4.41554],[102.84718,4.416],[102.84707,4.41697],[102.84684,4.41768],[102.84651,4.4183],[102.84602,4.41853],[102.84545,4.41849],[102.84503,4.41788],[102.84438,4.41702],[102.84406,4.41645],[102.84352,4.41629],[102.84296,4.41598],[102.84227,4.41593],[102.84193,4.41593],[102.84125,4.41593],[102.84053,4.41603],[102.83978,4.4163],[102.83973,4.41677],[102.83971,4.41737],[102.83994,4.41881],[102.84001,4.41944],[102.83999,4.42038],[102.84004,4.42098],[102.8401,4.42157],[102.84001,4.42194],[102.83972,4.42224],[102.83925,4.42234],[102.83835,4.4222],[102.83726,4.42182],[102.83668,4.42144],[102.83574,4.42085],[102.83457,4.41937],[102.83408,4.41879],[102.83333,4.41845],[102.83244,4.41831],[102.83143,4.41831],[102.83028,4.41831],[102.82911,4.41837],[102.82831,4.41908],[102.82798,4.41941],[102.82673,4.42064],[102.82503,4.42161],[102.82403,4.42173],[102.82191,4.42191],[102.82075,4.42172],[102.81981,4.42156],[102.81881,4.42144],[102.81773,4.42211],[102.81767,4.42238],[102.81747,4.42324],[102.81715,4.42405],[102.81653,4.4244],[102.81461,4.42504],[102.81316,4.42566],[102.81249,4.42596],[102.81178,4.42593],[102.81154,4.42553],[102.81119,4.42523],[102.81044,4.42526],[102.80952,4.42544],[102.80933,4.42548],[102.80896,4.42571],[102.80818,4.42607]]]},"properties":{"FID":8,"Sector":"JERAM PERAHU","SectorID":"Sec9","source_layer":"Sector"}},{"type":"Feature","id":9,"geometry":{"type":"Polygon","coordinates":[[[102.66909,4.34426],[102.66937,4.34426],[102.66937,4.34454],[102.66881,4.34454],[102.66881,4.34426],[102.66798,4.34426],[102.66798,4.34398],[102.66687,4.34398],[102.66687,4.34426],[102.6666,4.34426],[102.6666,4.34398],[102.66632,4.34398],[102.66632,4.3437],[102.66604,4.3437],[102.66604,4.34342],[102.66577,4.34342],[102.66577,4.34259],[102.66549,4.34259],[102.66549,4.34231],[102.6641,4.34231],[102.6641,4.34203],[102.66327,4.34203],[102.66327,4.34231],[102.663,4.34231],[102.66299,4.34258],[102.66272,4.34258],[102.66272,4.34397],[102.66244,4.34397],[102.66244,4.34425],[102.66216,4.34425],[102.66216,4.34453],[102.6615,4.34453],[102.66104,4.34345],[102.66102,4.34279],[102.66098,4.34053],[102.66093,4.33827],[102.66088,4.33601],[102.66083,4.33375],[102.66078,4.33149],[102.66073,4.32923],[102.66068,4.32697],[102.66063,4.32471],[102.66058,4.32245],[102.66053,4.32019],[102.66048,4.31793],[102.66043,4.31567],[102.66038,4.31341],[102.66033,4.31115],[102.66028,4.30889],[102.66023,4.30663],[102.66018,4.30437],[102.66018,4.30418],[102.66013,4.30211],[102.66008,4.29985],[102.66003,4.29759],[102.65999,4.29533],[102.65994,4.29307],[102.65989,4.29081],[102.65984,4.28855],[102.65979,4.28629],[102.65974,4.28403],[102.65969,4.28177],[102.65964,4.27951],[102.65959,4.27725],[102.66086,4.27706],[102.66308,4.27673],[102.66531,4.27639],[102.66754,4.27606],[102.66976,4.27572],[102.67198,4.27516],[102.6742,4.27483],[102.67643,4.2745],[102.67821,4.27423],[102.67811,4.27316],[102.67807,4.2727],[102.67789,4.27089],[102.67772,4.26909],[102.67755,4.26729],[102.67738,4.26549],[102.67721,4.26369],[102.67703,4.26189],[102.67686,4.26009],[102.67669,4.25829],[102.67568,4.25847],[102.6739,4.25877],[102.67213,4.25908],[102.67035,4.25939],[102.66858,4.25969],[102.6668,4.26],[102.66449,4.26025],[102.66325,4.26061],[102.66148,4.26092],[102.6597,4.26122],[102.65792,4.26153],[102.65615,4.26184],[102.65599,4.26053],[102.65577,4.25874],[102.65571,4.25826],[102.65533,4.25515],[102.6578,4.25338],[102.65784,4.25335],[102.6582,4.25311],[102.65872,4.25315],[102.6606,4.25424],[102.6609,4.25427],[102.66289,4.25644],[102.66449,4.2555],[102.66452,4.25415],[102.66453,4.25374],[102.66453,4.25374],[102.66453,4.2537],[102.66467,4.2517],[102.66895,4.24972],[102.66933,4.24974],[102.67196,4.25148],[102.67197,4.25274],[102.67468,4.25277],[102.6755,4.25323],[102.67803,4.25467],[102.67845,4.25481],[102.68136,4.25512],[102.68416,4.25698],[102.6858,4.25804],[102.68671,4.25846],[102.68758,4.25871],[102.68835,4.25864],[102.68903,4.25857],[102.6903,4.25856],[102.69142,4.25917],[102.69949,4.26335],[102.70054,4.2633],[102.70429,4.26313],[102.70523,4.26263],[102.70547,4.2625],[102.70551,4.26248],[102.70635,4.26203],[102.70716,4.26205],[102.7081,4.26236],[102.70828,4.26237],[102.70828,4.2625],[102.7105,4.2625],[102.7105,4.26306],[102.71077,4.26306],[102.71077,4.26362],[102.71105,4.26362],[102.71105,4.26417],[102.71133,4.26417],[102.71133,4.26445],[102.71105,4.26445],[102.71105,4.26557],[102.71132,4.26557],[102.71132,4.2664],[102.7116,4.2664],[102.7116,4.26696],[102.71188,4.26696],[102.71188,4.26724],[102.71215,4.26724],[102.71215,4.26835],[102.71243,4.26835],[102.71243,4.26918],[102.71271,4.26918],[102.7127,4.27085],[102.71298,4.27085],[102.71298,4.27058],[102.71437,4.27058],[102.71437,4.2703],[102.71464,4.2703],[102.71464,4.27058],[102.71492,4.27058],[102.71492,4.27086],[102.7152,4.27086],[102.7152,4.27114],[102.71548,4.27114],[102.71547,4.27169],[102.71658,4.27169],[102.71658,4.27142],[102.71714,4.27142],[102.71714,4.27114],[102.71742,4.27114],[102.71742,4.27142],[102.71797,4.27142],[102.71797,4.27197],[102.71825,4.27197],[102.71825,4.2717],[102.7188,4.2717],[102.7188,4.27142],[102.71991,4.27142],[102.71991,4.27114],[102.72019,4.27114],[102.72019,4.27086],[102.72102,4.27086],[102.72102,4.27059],[102.72185,4.27059],[102.72185,4.27031],[102.72213,4.27031],[102.72213,4.27003],[102.72296,4.27003],[102.72296,4.27087],[102.72324,4.27087],[102.72324,4.27115],[102.72351,4.27115],[102.72351,4.27198],[102.72379,4.27198],[102.72379,4.27226],[102.72407,4.27226],[102.72407,4.27254],[102.7249,4.27254],[102.7249,4.27282],[102.72517,4.27282],[102.72517,4.27393],[102.72573,4.27393],[102.72573,4.27421],[102.726,4.27421],[102.726,4.27449],[102.72628,4.27449],[102.72628,4.27477],[102.72656,4.27477],[102.72656,4.27532],[102.72683,4.27532],[102.72683,4.2756],[102.72711,4.2756],[102.72711,4.27588],[102.72739,4.27588],[102.72739,4.27644],[102.72766,4.27644],[102.72766,4.27727],[102.72545,4.27727],[102.72545,4.27755],[102.72572,4.27755],[102.72572,4.27838],[102.726,4.27838],[102.726,4.27894],[102.72628,4.27894],[102.72627,4.27978],[102.726,4.27978],[102.726,4.28005],[102.72627,4.28005],[102.72627,4.28089],[102.726,4.28089],[102.726,4.28144],[102.72627,4.28145],[102.72627,4.282],[102.7271,4.282],[102.7271,4.28228],[102.72766,4.28228],[102.72766,4.28284],[102.72793,4.28284],[102.72793,4.2834],[102.72821,4.2834],[102.72821,4.28367],[102.72849,4.28367],[102.72849,4.28562],[102.72821,4.28562],[102.72821,4.28646],[102.7282,4.28813],[102.72793,4.28813],[102.72793,4.28868],[102.72765,4.28868],[102.72765,4.28952],[102.72709,4.28952],[102.72709,4.28979],[102.72682,4.28979],[102.72682,4.29035],[102.72654,4.29035],[102.72654,4.29063],[102.72598,4.29063],[102.72598,4.29091],[102.72571,4.29091],[102.72571,4.29146],[102.72543,4.29146],[102.72543,4.29174],[102.72515,4.29174],[102.72515,4.2923],[102.72487,4.2923],[102.72487,4.29257],[102.72349,4.29257],[102.72349,4.29285],[102.72293,4.29285],[102.72293,4.29368],[102.72265,4.29368],[102.72265,4.29396],[102.7221,4.29396],[102.7221,4.29452],[102.72182,4.29452],[102.72182,4.2948],[102.72099,4.2948],[102.72099,4.29507],[102.72044,4.29507],[102.72043,4.29563],[102.72016,4.29563],[102.72016,4.29591],[102.71988,4.29591],[102.71988,4.29646],[102.72016,4.29646],[102.72016,4.29674],[102.72043,4.29674],[102.72043,4.29702],[102.72071,4.29702],[102.72071,4.2973],[102.72099,4.2973],[102.72099,4.29758],[102.72126,4.29758],[102.72126,4.29786],[102.72099,4.29786],[102.72098,4.29897],[102.72209,4.29897],[102.72209,4.30008],[102.72126,4.30008],[102.72126,4.30036],[102.72098,4.30036],[102.72098,4.3012],[102.7207,4.3012],[102.7207,4.30231],[102.72015,4.30231],[102.72015,4.30259],[102.71987,4.30259],[102.71987,4.30314],[102.71959,4.30314],[102.71959,4.30342],[102.71932,4.30342],[102.71931,4.30453],[102.71904,4.30453],[102.71904,4.30481],[102.71876,4.30481],[102.71876,4.30509],[102.71904,4.30509],[102.71904,4.3062],[102.71848,4.3062],[102.71848,4.30759],[102.71792,4.30759],[102.71792,4.30787],[102.71765,4.30787],[102.71765,4.30815],[102.71682,4.30815],[102.71681,4.30982],[102.71654,4.30982],[102.71654,4.31037],[102.71626,4.31037],[102.71626,4.31121],[102.71598,4.31121],[102.71598,4.31176],[102.71543,4.31176],[102.71542,4.31204],[102.71515,4.31204],[102.71515,4.31315],[102.71487,4.31315],[102.71487,4.31343],[102.71459,4.31343],[102.71459,4.31371],[102.71431,4.31371],[102.71431,4.31427],[102.71404,4.31427],[102.71403,4.31621],[102.7132,4.31621],[102.7132,4.31677],[102.71292,4.31677],[102.71292,4.31705],[102.7132,4.31705],[102.7132,4.31733],[102.71292,4.31732],[102.71292,4.3176],[102.71265,4.3176],[102.71265,4.31816],[102.71237,4.31816],[102.71237,4.31955],[102.71209,4.31955],[102.71209,4.32038],[102.71237,4.32039],[102.71236,4.32066],[102.71264,4.32066],[102.71264,4.32206],[102.71236,4.32205],[102.71236,4.32233],[102.71181,4.32233],[102.71181,4.32261],[102.71153,4.32261],[102.71153,4.32289],[102.71125,4.32289],[102.71125,4.32317],[102.71098,4.32317],[102.71098,4.32344],[102.7107,4.32344],[102.7107,4.32456],[102.71042,4.32456],[102.71042,4.32539],[102.70959,4.32539],[102.70959,4.32511],[102.70848,4.32511],[102.70848,4.32567],[102.7082,4.32567],[102.7082,4.32622],[102.70654,4.32622],[102.70654,4.3265],[102.70626,4.3265],[102.70626,4.32678],[102.7057,4.32678],[102.7057,4.32706],[102.70376,4.32705],[102.70376,4.32789],[102.70349,4.32789],[102.70349,4.32817],[102.70321,4.32817],[102.70321,4.32844],[102.70293,4.32844],[102.70293,4.32872],[102.70265,4.32872],[102.70265,4.329],[102.7021,4.329],[102.7021,4.32928],[102.70071,4.32928],[102.70071,4.32955],[102.70043,4.32955],[102.70043,4.3315],[102.69988,4.3315],[102.69988,4.33178],[102.69849,4.33178],[102.69849,4.3315],[102.69821,4.3315],[102.69821,4.33178],[102.69683,4.33177],[102.69683,4.33205],[102.69655,4.33205],[102.69655,4.33233],[102.69627,4.33233],[102.69627,4.33261],[102.69572,4.33261],[102.69572,4.33289],[102.69544,4.33289],[102.69544,4.33344],[102.69516,4.33344],[102.69516,4.33372],[102.69488,4.33372],[102.69489,4.33344],[102.69405,4.33344],[102.69405,4.33316],[102.6935,4.33316],[102.6935,4.33288],[102.69267,4.33288],[102.69267,4.33316],[102.69239,4.33316],[102.69239,4.33288],[102.69184,4.33288],[102.69184,4.33316],[102.69073,4.33316],[102.69073,4.33288],[102.6899,4.33288],[102.6899,4.3326],[102.68907,4.3326],[102.68906,4.33288],[102.68768,4.33288],[102.68768,4.33343],[102.6874,4.33343],[102.68297,4.33343],[102.68297,4.33315],[102.68241,4.33315],[102.68241,4.33287],[102.68213,4.33287],[102.68213,4.33259],[102.68158,4.33259],[102.68158,4.33287],[102.6813,4.33287],[102.6813,4.33315],[102.68103,4.33315],[102.68103,4.33342],[102.68047,4.33342],[102.68047,4.33398],[102.67936,4.33398],[102.67936,4.33426],[102.67797,4.33426],[102.67797,4.33453],[102.6777,4.33453],[102.6777,4.33481],[102.67742,4.33481],[102.67742,4.33509],[102.67714,4.33509],[102.67714,4.33565],[102.67686,4.33564],[102.67686,4.33592],[102.67659,4.33592],[102.67659,4.33676],[102.67631,4.33676],[102.67631,4.33731],[102.67603,4.33731],[102.67603,4.33704],[102.67548,4.33703],[102.67548,4.33676],[102.6752,4.33676],[102.6752,4.33648],[102.67492,4.33648],[102.67492,4.3362],[102.67465,4.3362],[102.67465,4.33648],[102.67437,4.33648],[102.67437,4.33675],[102.67381,4.33675],[102.67381,4.33703],[102.67326,4.33703],[102.67326,4.33759],[102.67298,4.33759],[102.67298,4.33787],[102.6727,4.33787],[102.6727,4.33814],[102.67187,4.33814],[102.67187,4.33842],[102.67159,4.33842],[102.67159,4.3387],[102.67021,4.3387],[102.67021,4.33925],[102.66965,4.33925],[102.66965,4.33953],[102.6691,4.33953],[102.6691,4.33981],[102.66882,4.33981],[102.66882,4.34064],[102.66854,4.34064],[102.66854,4.3412],[102.66882,4.3412],[102.66882,4.34148],[102.66937,4.34148],[102.66937,4.34287],[102.66909,4.34287],[102.66909,4.3437],[102.66937,4.3437],[102.66937,4.34398],[102.66909,4.34398],[102.66909,4.34426]]]},"properties":{"FID":9,"Sector":"LDG PKNP","SectorID":"Sec10","source_layer":"Sector"}},{"type":"Feature","id":10,"geometry":{"type":"Polygon","coordinates":[[[102.70993,4.49457],[102.70827,4.49457],[102.70827,4.49346],[102.708,4.49346],[102.708,4.49318],[102.70772,4.49318],[102.70772,4.4929],[102.708,4.4929],[102.708,4.49235],[102.70772,4.49235],[102.70772,4.49207],[102.70744,4.49207],[102.70744,4.49179],[102.70633,4.49179],[102.70633,4.49151],[102.70495,4.49151],[102.70495,4.49179],[102.70384,4.49178],[102.70384,4.49151],[102.70284,4.4915],[102.70292,4.48991],[102.70292,4.48989],[102.70309,4.48764],[102.70327,4.48538],[102.70335,4.48295],[102.70357,4.48087],[102.70282,4.48016],[102.70136,4.47853],[102.70121,4.47837],[102.69985,4.47669],[102.69835,4.475],[102.69808,4.4747],[102.69685,4.47331],[102.69535,4.47163],[102.69384,4.46994],[102.69234,4.46826],[102.69244,4.46766],[102.69281,4.46543],[102.69318,4.4632],[102.69356,4.4609],[102.69403,4.45877],[102.69407,4.45862],[102.69419,4.45649],[102.69467,4.45428],[102.69504,4.45205],[102.69541,4.44982],[102.69616,4.44769],[102.69637,4.44643],[102.69799,4.44669],[102.69935,4.44792],[102.7009,4.44908],[102.70337,4.45093],[102.70552,4.45196],[102.71011,4.45197],[102.7134,4.45188],[102.71516,4.45123],[102.71638,4.45078],[102.71992,4.45],[102.72114,4.44941],[102.72163,4.44824],[102.72124,4.44667],[102.72085,4.4453],[102.721,4.44427],[102.72231,4.44354],[102.72293,4.44346],[102.72328,4.44342],[102.72461,4.44325],[102.72634,4.4434],[102.72944,4.4446],[102.73205,4.44519],[102.73356,4.4449],[102.73513,4.44375],[102.736,4.44272],[102.73689,4.44068],[102.73689,4.43923],[102.73689,4.4387],[102.73689,4.4387],[102.7382,4.43812],[102.73937,4.43853],[102.74064,4.43991],[102.74181,4.44169],[102.74292,4.44234],[102.74352,4.44216],[102.74395,4.44161],[102.74374,4.44048],[102.74326,4.43967],[102.74313,4.43898],[102.74346,4.43852],[102.74434,4.4383],[102.74523,4.43852],[102.74586,4.43927],[102.74652,4.44002],[102.74741,4.44032],[102.74821,4.44034],[102.74895,4.44001],[102.75057,4.43877],[102.75216,4.43837],[102.75342,4.43827],[102.75514,4.4387],[102.75812,4.43991],[102.76003,4.4406],[102.76128,4.4418],[102.76165,4.4429],[102.76263,4.44371],[102.76346,4.44371],[102.76387,4.44361],[102.76402,4.44307],[102.76373,4.44218],[102.76352,4.44157],[102.76353,4.44099],[102.76385,4.44053],[102.76497,4.44043],[102.76712,4.44073],[102.76861,4.44065],[102.77016,4.43996],[102.77139,4.43964],[102.7728,4.43997],[102.77428,4.44133],[102.77563,4.44366],[102.77624,4.44535],[102.77679,4.44644],[102.77761,4.4471],[102.77871,4.44718],[102.77994,4.44728],[102.78152,4.44775],[102.7818,4.44792],[102.7818,4.448],[102.7818,4.44847],[102.78152,4.44846],[102.78152,4.44875],[102.78124,4.44875],[102.78124,4.44902],[102.78041,4.44902],[102.78041,4.4493],[102.78013,4.4493],[102.78013,4.44958],[102.77968,4.44958],[102.77958,4.44958],[102.77958,4.4493],[102.7793,4.4493],[102.7793,4.44902],[102.77875,4.44902],[102.77875,4.44874],[102.77764,4.44874],[102.77764,4.44846],[102.77597,4.44846],[102.77597,4.44818],[102.7757,4.44818],[102.7757,4.4479],[102.77514,4.4479],[102.77514,4.44818],[102.77431,4.44818],[102.77431,4.44846],[102.77403,4.44846],[102.77403,4.44902],[102.77376,4.44902],[102.77376,4.44929],[102.7732,4.44929],[102.7732,4.44957],[102.77265,4.44957],[102.77265,4.44901],[102.77126,4.44901],[102.77126,4.44873],[102.77071,4.44873],[102.77071,4.44846],[102.7696,4.44845],[102.7696,4.44873],[102.76904,4.44873],[102.76904,4.44901],[102.76821,4.44901],[102.76821,4.44929],[102.76793,4.44929],[102.76793,4.44956],[102.76766,4.44956],[102.76766,4.45012],[102.7671,4.45012],[102.7671,4.4504],[102.76682,4.4504],[102.76682,4.45068],[102.76627,4.45068],[102.76627,4.45095],[102.76571,4.45095],[102.76571,4.45123],[102.76433,4.45123],[102.76433,4.45151],[102.76349,4.45151],[102.76349,4.45179],[102.76294,4.45179],[102.76294,4.45206],[102.76239,4.45206],[102.76238,4.45234],[102.76155,4.45234],[102.76155,4.45206],[102.76044,4.45206],[102.76044,4.45234],[102.76017,4.45234],[102.76017,4.45262],[102.75961,4.45262],[102.75961,4.45289],[102.75906,4.45289],[102.75906,4.45401],[102.75933,4.45401],[102.75933,4.45512],[102.75905,4.45512],[102.75905,4.45568],[102.75933,4.45568],[102.75933,4.45595],[102.75905,4.45595],[102.75905,4.45651],[102.75878,4.45651],[102.75878,4.45679],[102.75822,4.45679],[102.75822,4.45707],[102.75794,4.45707],[102.75794,4.45734],[102.75767,4.45734],[102.75767,4.45762],[102.75711,4.45762],[102.75711,4.45846],[102.75683,4.45846],[102.75683,4.45873],[102.75656,4.45873],[102.75656,4.45901],[102.75628,4.45901],[102.75628,4.45929],[102.75655,4.45929],[102.75655,4.4604],[102.75628,4.4604],[102.75628,4.46068],[102.75572,4.46068],[102.75572,4.46096],[102.75433,4.46096],[102.75433,4.46124],[102.75406,4.46124],[102.75406,4.46151],[102.75378,4.46151],[102.75378,4.46207],[102.7535,4.46207],[102.7535,4.46235],[102.75295,4.46235],[102.75295,4.46263],[102.75267,4.46263],[102.75267,4.4629],[102.75239,4.4629],[102.75239,4.46318],[102.75211,4.46318],[102.75211,4.46374],[102.75239,4.46374],[102.75239,4.46402],[102.75211,4.46402],[102.75211,4.46457],[102.75184,4.46457],[102.75184,4.46485],[102.75128,4.46485],[102.75128,4.46513],[102.75045,4.46513],[102.75045,4.46541],[102.74989,4.4654],[102.74989,4.46457],[102.74851,4.46457],[102.74851,4.46485],[102.74823,4.46485],[102.74823,4.46512],[102.74768,4.46512],[102.74768,4.46457],[102.7474,4.46457],[102.7474,4.46429],[102.74657,4.46429],[102.74657,4.46457],[102.74629,4.46457],[102.74629,4.46484],[102.74601,4.46484],[102.74601,4.46512],[102.74574,4.46512],[102.74574,4.4654],[102.74546,4.4654],[102.74546,4.46568],[102.74435,4.46568],[102.74435,4.46595],[102.74407,4.46595],[102.74407,4.46623],[102.74379,4.46623],[102.74379,4.46679],[102.74407,4.46679],[102.74407,4.46735],[102.74462,4.46735],[102.74462,4.46762],[102.7449,4.46762],[102.7449,4.46818],[102.74462,4.46818],[102.74462,4.46902],[102.7449,4.46902],[102.7449,4.46929],[102.74518,4.46929],[102.74518,4.46957],[102.74545,4.46957],[102.74545,4.47041],[102.74601,4.47041],[102.74601,4.47069],[102.74628,4.47069],[102.74628,4.47236],[102.74656,4.47236],[102.74656,4.47264],[102.74684,4.47264],[102.74684,4.47291],[102.74656,4.47291],[102.74656,4.47347],[102.74628,4.47347],[102.74628,4.47403],[102.74656,4.47403],[102.74656,4.47514],[102.74683,4.47514],[102.74683,4.47542],[102.74711,4.47542],[102.74711,4.47598],[102.74739,4.47598],[102.74739,4.47625],[102.74766,4.47625],[102.74766,4.47653],[102.74849,4.47653],[102.74849,4.47709],[102.74877,4.47709],[102.74877,4.47737],[102.74905,4.47737],[102.74905,4.47765],[102.74877,4.47765],[102.74877,4.47792],[102.74905,4.47793],[102.74905,4.47848],[102.74932,4.47848],[102.74932,4.47904],[102.74905,4.47904],[102.74905,4.47987],[102.74877,4.47987],[102.74877,4.48071],[102.74794,4.48071],[102.74793,4.48098],[102.74738,4.48098],[102.74738,4.48071],[102.74683,4.48071],[102.74683,4.48043],[102.74655,4.48043],[102.74655,4.4807],[102.74572,4.4807],[102.74572,4.48043],[102.74516,4.48042],[102.74516,4.4807],[102.74294,4.4807],[102.74294,4.48098],[102.74267,4.48098],[102.74267,4.48126],[102.74239,4.48126],[102.74239,4.48153],[102.74211,4.48153],[102.74211,4.48237],[102.74183,4.48237],[102.74183,4.48265],[102.74156,4.48265],[102.74156,4.4832],[102.74128,4.4832],[102.74128,4.48348],[102.741,4.48348],[102.741,4.48376],[102.74045,4.48376],[102.74045,4.48404],[102.74017,4.48404],[102.74017,4.48431],[102.73878,4.48431],[102.73878,4.48459],[102.7385,4.48459],[102.7385,4.48487],[102.73795,4.48487],[102.73795,4.48515],[102.73573,4.48514],[102.73573,4.48542],[102.7349,4.48542],[102.7349,4.4857],[102.73462,4.4857],[102.73462,4.48542],[102.73324,4.48542],[102.73323,4.4857],[102.7324,4.4857],[102.7324,4.48625],[102.73213,4.48625],[102.73212,4.48709],[102.73157,4.48709],[102.73157,4.48737],[102.73129,4.48736],[102.73129,4.48764],[102.73046,4.48764],[102.73046,4.48792],[102.73018,4.48792],[102.73018,4.4882],[102.72686,4.48819],[102.72685,4.48903],[102.72658,4.48903],[102.72658,4.48959],[102.72602,4.48958],[102.72602,4.48986],[102.72574,4.48986],[102.72574,4.49014],[102.72547,4.49014],[102.72547,4.49042],[102.72519,4.49042],[102.72519,4.49097],[102.72491,4.49097],[102.72491,4.49125],[102.7238,4.49125],[102.7238,4.49153],[102.72297,4.49153],[102.72297,4.49181],[102.72214,4.49181],[102.72214,4.49208],[102.72131,4.49208],[102.7213,4.49236],[102.7202,4.49236],[102.7202,4.49264],[102.71881,4.49264],[102.71881,4.49292],[102.71825,4.49291],[102.71825,4.49319],[102.71798,4.49319],[102.71798,4.49347],[102.71714,4.49347],[102.71715,4.49319],[102.71631,4.49319],[102.71631,4.49347],[102.71604,4.49347],[102.71604,4.49319],[102.71493,4.49319],[102.71493,4.49291],[102.71465,4.49291],[102.71465,4.49263],[102.71326,4.49263],[102.71326,4.49235],[102.71216,4.49235],[102.71215,4.49291],[102.7116,4.49291],[102.7116,4.49318],[102.71105,4.49318],[102.71105,4.49346],[102.71077,4.49346],[102.71077,4.49402],[102.71021,4.49402],[102.71021,4.4943],[102.70993,4.4943],[102.70993,4.49457]]]},"properties":{"FID":10,"Sector":"POS AUR","SectorID":"Sec11","source_layer":"Sector"}},{"type":"Feature","id":11,"geometry":{"type":"Polygon","coordinates":[[[102.7673,4.51718],[102.76702,4.51718],[102.76702,4.51706],[102.76702,4.5169],[102.76647,4.5169],[102.76647,4.51634],[102.76619,4.51634],[102.76619,4.51607],[102.76647,4.51607],[102.76647,4.51523],[102.76619,4.51523],[102.7662,4.51467],[102.76592,4.51467],[102.76592,4.5144],[102.76564,4.5144],[102.76564,4.51356],[102.7662,4.51356],[102.7662,4.51273],[102.76592,4.51273],[102.76592,4.51217],[102.76564,4.51217],[102.76564,4.51161],[102.76537,4.51161],[102.76537,4.51106],[102.76509,4.51106],[102.76509,4.51078],[102.76454,4.51078],[102.76454,4.5105],[102.76426,4.5105],[102.76426,4.51022],[102.76343,4.51022],[102.76343,4.50994],[102.76315,4.50994],[102.76315,4.50966],[102.76287,4.50966],[102.76287,4.50938],[102.7626,4.50938],[102.7626,4.50883],[102.76204,4.50883],[102.76204,4.50855],[102.76177,4.50855],[102.76177,4.50799],[102.76149,4.50799],[102.76149,4.50743],[102.76094,4.50743],[102.76094,4.50716],[102.7601,4.50715],[102.7601,4.50688],[102.75955,4.50688],[102.75955,4.5066],[102.75927,4.5066],[102.75927,4.50632],[102.75816,4.50632],[102.75816,4.5066],[102.75761,4.5066],[102.75761,4.50687],[102.75733,4.50687],[102.75733,4.50743],[102.75678,4.50743],[102.75678,4.50771],[102.7565,4.50771],[102.7565,4.50743],[102.75594,4.50743],[102.75594,4.50826],[102.75567,4.50826],[102.75567,4.50854],[102.75511,4.50854],[102.75511,4.50882],[102.75428,4.50882],[102.75428,4.5091],[102.754,4.5091],[102.754,4.50937],[102.75262,4.50937],[102.75261,4.50965],[102.75151,4.50965],[102.75151,4.50937],[102.75095,4.50937],[102.75095,4.50965],[102.75012,4.50965],[102.75012,4.50909],[102.7504,4.50909],[102.7504,4.50881],[102.75012,4.50881],[102.75012,4.50826],[102.74984,4.50826],[102.74984,4.50798],[102.74929,4.50798],[102.74929,4.50742],[102.74901,4.50742],[102.74901,4.50659],[102.74846,4.50658],[102.74846,4.50631],[102.74791,4.50631],[102.74791,4.50575],[102.74763,4.50575],[102.74763,4.50491],[102.74708,4.50491],[102.74708,4.50464],[102.74541,4.50463],[102.74541,4.50436],[102.7443,4.50435],[102.7443,4.50408],[102.74403,4.50408],[102.74403,4.50324],[102.74347,4.50324],[102.74347,4.50296],[102.7432,4.50296],[102.7432,4.5024],[102.74264,4.5024],[102.74264,4.50213],[102.74237,4.50213],[102.74237,4.50185],[102.74181,4.50185],[102.74181,4.50157],[102.74153,4.50157],[102.74153,4.50101],[102.74209,4.50101],[102.74209,4.50018],[102.74154,4.50018],[102.74154,4.4999],[102.74181,4.4999],[102.74181,4.49906],[102.74154,4.49906],[102.74154,4.49851],[102.74181,4.49851],[102.74181,4.49879],[102.74265,4.49879],[102.74265,4.49851],[102.74292,4.49851],[102.74292,4.49879],[102.74348,4.49879],[102.74348,4.49851],[102.74431,4.49851],[102.74431,4.49823],[102.74459,4.49823],[102.74459,4.49768],[102.74487,4.49768],[102.74487,4.49629],[102.74514,4.49629],[102.74515,4.49573],[102.74542,4.49573],[102.74542,4.49545],[102.7457,4.49545],[102.7457,4.49434],[102.74598,4.49434],[102.74598,4.49323],[102.74653,4.49323],[102.74653,4.49295],[102.74875,4.49295],[102.74875,4.49267],[102.74903,4.49267],[102.74903,4.49212],[102.74931,4.49212],[102.74931,4.49156],[102.74959,4.49156],[102.74959,4.49073],[102.74986,4.49073],[102.74986,4.49045],[102.75014,4.49045],[102.75014,4.48989],[102.75042,4.48989],[102.75042,4.48961],[102.7507,4.48961],[102.7507,4.48934],[102.75097,4.48934],[102.75098,4.48822],[102.75153,4.48822],[102.75153,4.48767],[102.75209,4.48767],[102.75209,4.48711],[102.75292,4.48711],[102.75292,4.48656],[102.75347,4.48656],[102.75347,4.486],[102.75375,4.486],[102.75375,4.48572],[102.75347,4.48572],[102.75348,4.48517],[102.75292,4.48516],[102.75292,4.48544],[102.75264,4.48544],[102.75264,4.48489],[102.75181,4.48488],[102.75181,4.48433],[102.7507,4.48433],[102.7507,4.48461],[102.75043,4.4846],[102.75043,4.48433],[102.75015,4.48433],[102.75015,4.48405],[102.74987,4.48405],[102.74987,4.48349],[102.75015,4.48349],[102.75015,4.48294],[102.74987,4.48293],[102.74987,4.48182],[102.7496,4.48182],[102.7496,4.48154],[102.74932,4.48154],[102.74932,4.48126],[102.74904,4.48126],[102.74904,4.48071],[102.74877,4.48071],[102.74877,4.47987],[102.74905,4.47987],[102.74905,4.47904],[102.74932,4.47904],[102.74932,4.47848],[102.74905,4.47848],[102.74905,4.47793],[102.74877,4.47792],[102.74877,4.47765],[102.74905,4.47765],[102.74905,4.47737],[102.74877,4.47737],[102.74877,4.47709],[102.74849,4.47709],[102.74849,4.47653],[102.74766,4.47653],[102.74766,4.47625],[102.74739,4.47625],[102.74739,4.47598],[102.74711,4.47598],[102.74711,4.47542],[102.74683,4.47542],[102.74683,4.47514],[102.74656,4.47514],[102.74656,4.47403],[102.74628,4.47403],[102.74628,4.47347],[102.74656,4.47347],[102.74656,4.47291],[102.74684,4.47291],[102.74684,4.47264],[102.74656,4.47264],[102.74656,4.47236],[102.74628,4.47236],[102.74628,4.47069],[102.74601,4.47069],[102.74601,4.47041],[102.74545,4.47041],[102.74545,4.46957],[102.74518,4.46957],[102.74518,4.46929],[102.7449,4.46929],[102.7449,4.46902],[102.74462,4.46902],[102.74462,4.46818],[102.7449,4.46818],[102.7449,4.46762],[102.74462,4.46762],[102.74462,4.46735],[102.74407,4.46735],[102.74407,4.46679],[102.74379,4.46679],[102.74379,4.46623],[102.74407,4.46623],[102.74407,4.46595],[102.74435,4.46595],[102.74435,4.46568],[102.74546,4.46568],[102.74546,4.4654],[102.74574,4.4654],[102.74574,4.46512],[102.74601,4.46512],[102.74601,4.46484],[102.74629,4.46484],[102.74629,4.46457],[102.74657,4.46457],[102.74657,4.46429],[102.7474,4.46429],[102.7474,4.46457],[102.74768,4.46457],[102.74768,4.46512],[102.74823,4.46512],[102.74823,4.46485],[102.74851,4.46485],[102.74851,4.46457],[102.74989,4.46457],[102.74989,4.4654],[102.75045,4.46541],[102.75045,4.46513],[102.75128,4.46513],[102.75128,4.46485],[102.75184,4.46485],[102.75184,4.46457],[102.75211,4.46457],[102.75211,4.46402],[102.75239,4.46402],[102.75239,4.46374],[102.75211,4.46374],[102.75211,4.46318],[102.75239,4.46318],[102.75239,4.4629],[102.75267,4.4629],[102.75267,4.46263],[102.75295,4.46263],[102.75295,4.46235],[102.7535,4.46235],[102.7535,4.46207],[102.75378,4.46207],[102.75378,4.46151],[102.75406,4.46151],[102.75406,4.46124],[102.75433,4.46124],[102.75433,4.46096],[102.75572,4.46096],[102.75572,4.46068],[102.75628,4.46068],[102.75628,4.4604],[102.75655,4.4604],[102.75655,4.45929],[102.75628,4.45929],[102.75628,4.45901],[102.75656,4.45901],[102.75656,4.45873],[102.75683,4.45873],[102.75683,4.45846],[102.75711,4.45846],[102.75711,4.45762],[102.75767,4.45762],[102.75767,4.45734],[102.75794,4.45734],[102.75794,4.45707],[102.75822,4.45707],[102.75822,4.45679],[102.75878,4.45679],[102.75878,4.45651],[102.75905,4.45651],[102.75905,4.45595],[102.75933,4.45595],[102.75933,4.45568],[102.75905,4.45568],[102.75905,4.45512],[102.75933,4.45512],[102.75933,4.45401],[102.75906,4.45401],[102.75906,4.45289],[102.75961,4.45289],[102.75961,4.45262],[102.76017,4.45262],[102.76017,4.45234],[102.76044,4.45234],[102.76044,4.45206],[102.76155,4.45206],[102.76155,4.45234],[102.76238,4.45234],[102.76239,4.45206],[102.76294,4.45206],[102.76294,4.45179],[102.76349,4.45179],[102.76349,4.45151],[102.76433,4.45151],[102.76433,4.45123],[102.76571,4.45123],[102.76571,4.45095],[102.76627,4.45095],[102.76627,4.45068],[102.76682,4.45068],[102.76682,4.4504],[102.7671,4.4504],[102.7671,4.45012],[102.76766,4.45012],[102.76766,4.44956],[102.76793,4.44956],[102.76793,4.44929],[102.76821,4.44929],[102.76821,4.44901],[102.76904,4.44901],[102.76904,4.44873],[102.7696,4.44873],[102.7696,4.44845],[102.77071,4.44846],[102.77071,4.44873],[102.77126,4.44873],[102.77126,4.44901],[102.77265,4.44901],[102.77265,4.44957],[102.7732,4.44957],[102.7732,4.44929],[102.77376,4.44929],[102.77376,4.44902],[102.77403,4.44902],[102.77403,4.44846],[102.77431,4.44846],[102.77431,4.44818],[102.77514,4.44818],[102.77514,4.4479],[102.7757,4.4479],[102.7757,4.44818],[102.77597,4.44818],[102.77597,4.44846],[102.77764,4.44846],[102.77764,4.44874],[102.77875,4.44874],[102.77875,4.44902],[102.7793,4.44902],[102.7793,4.4493],[102.77958,4.4493],[102.77958,4.44958],[102.77968,4.44958],[102.78013,4.44958],[102.78013,4.4493],[102.78041,4.4493],[102.78041,4.44902],[102.78124,4.44902],[102.78124,4.44875],[102.78152,4.44875],[102.78152,4.44846],[102.7818,4.44847],[102.7818,4.448],[102.7818,4.44792],[102.78186,4.44796],[102.78284,4.44855],[102.78337,4.44875],[102.78392,4.44874],[102.78434,4.44864],[102.78498,4.44816],[102.7856,4.44741],[102.78586,4.44653],[102.78613,4.44563],[102.78683,4.44464],[102.78817,4.44341],[102.78912,4.44303],[102.78987,4.44306],[102.79064,4.44349],[102.79111,4.44374],[102.79166,4.44363],[102.79249,4.44288],[102.79348,4.44092],[102.79364,4.43996],[102.79372,4.43932],[102.79405,4.43894],[102.79471,4.43861],[102.79536,4.43861],[102.79573,4.43901],[102.79586,4.43978],[102.79578,4.44257],[102.79629,4.44533],[102.79812,4.44651],[102.80009,4.44743],[102.80157,4.44749],[102.80239,4.4471],[102.80259,4.4471],[102.80333,4.44708],[102.80404,4.44691],[102.80453,4.44658],[102.80479,4.44656],[102.80527,4.44696],[102.80566,4.44762],[102.80585,4.44779],[102.80603,4.44781],[102.80635,4.44777],[102.8065,4.44787],[102.80674,4.44824],[102.80697,4.44881],[102.80716,4.44939],[102.80724,4.44962],[102.80731,4.44971],[102.80738,4.4498],[102.80753,4.44987],[102.80774,4.44988],[102.80801,4.44963],[102.80806,4.44929],[102.80809,4.44889],[102.80794,4.44827],[102.80786,4.44784],[102.80794,4.44764],[102.80813,4.44749],[102.80864,4.44739],[102.80896,4.44764],[102.80922,4.44778],[102.80951,4.44777],[102.81049,4.44791],[102.8123,4.44834],[102.81312,4.44867],[102.81358,4.4487],[102.81419,4.44845],[102.81489,4.44808],[102.815,4.44803],[102.81555,4.448],[102.81681,4.44789],[102.81766,4.44821],[102.81836,4.44915],[102.81889,4.4498],[102.81938,4.45011],[102.82022,4.45049],[102.82128,4.45123],[102.82188,4.45137],[102.82239,4.45133],[102.82306,4.45108],[102.82366,4.45111],[102.82455,4.45117],[102.82517,4.45144],[102.82532,4.45213],[102.82532,4.45235],[102.82532,4.45241],[102.8254,4.45328],[102.82517,4.45392],[102.82451,4.4543],[102.82393,4.45471],[102.82374,4.45538],[102.82374,4.45627],[102.82317,4.4571],[102.82281,4.45816],[102.82209,4.45918],[102.82122,4.45975],[102.82062,4.46001],[102.82028,4.46037],[102.82022,4.46072],[102.82029,4.46125],[102.82058,4.46149],[102.82105,4.46161],[102.8219,4.46132],[102.82228,4.46119],[102.82258,4.46127],[102.82265,4.46163],[102.82258,4.46204],[102.82254,4.46254],[102.8226,4.46286],[102.82295,4.46316],[102.8235,4.46343],[102.82401,4.46366],[102.82397,4.46411],[102.82369,4.46496],[102.82312,4.46511],[102.82216,4.465],[102.8214,4.46486],[102.82095,4.46503],[102.82099,4.46538],[102.82118,4.46553],[102.82171,4.46583],[102.82186,4.46621],[102.82172,4.46687],[102.82144,4.46754],[102.82065,4.46822],[102.82004,4.4686],[102.82004,4.46907],[102.82015,4.46966],[102.8204,4.47062],[102.82042,4.47108],[102.82036,4.47146],[102.82008,4.47166],[102.81917,4.47181],[102.81847,4.47246],[102.81813,4.4732],[102.81777,4.47346],[102.81685,4.47373],[102.81586,4.47401],[102.8152,4.47422],[102.81492,4.47456],[102.81498,4.47512],[102.81477,4.4755],[102.81422,4.47556],[102.81324,4.47526],[102.81277,4.47529],[102.81245,4.47597],[102.81271,4.47685],[102.81409,4.4774],[102.81497,4.47804],[102.81524,4.47829],[102.81505,4.47869],[102.81475,4.47924],[102.81467,4.48005],[102.8152,4.48124],[102.81535,4.48217],[102.81508,4.48259],[102.81387,4.48346],[102.81338,4.48355],[102.81291,4.48365],[102.81244,4.48365],[102.81223,4.48402],[102.81219,4.48431],[102.81225,4.48473],[102.81212,4.48507],[102.81151,4.48478],[102.8111,4.48435],[102.81066,4.48431],[102.81032,4.48461],[102.81023,4.4851],[102.81034,4.4856],[102.81072,4.48578],[102.81094,4.48609],[102.81077,4.48649],[102.81023,4.48658],[102.80974,4.48662],[102.80938,4.4869],[102.80932,4.48726],[102.80932,4.48772],[102.80971,4.48878],[102.80986,4.48914],[102.80949,4.48957],[102.80903,4.4897],[102.80847,4.48993],[102.80764,4.49038],[102.80681,4.49086],[102.80643,4.49131],[102.80641,4.49165],[102.80707,4.49216],[102.80801,4.49292],[102.80836,4.4933],[102.80836,4.49357],[102.80781,4.49357],[102.80781,4.4933],[102.80753,4.4933],[102.80725,4.4933],[102.80725,4.49302],[102.80698,4.49302],[102.80698,4.49274],[102.80559,4.49274],[102.80559,4.49302],[102.80504,4.49301],[102.80504,4.49274],[102.80476,4.49274],[102.80476,4.49218],[102.80448,4.49218],[102.80448,4.4919],[102.8042,4.4919],[102.8042,4.49218],[102.80365,4.49218],[102.80365,4.49273],[102.8031,4.49273],[102.80309,4.49301],[102.80282,4.49301],[102.80282,4.49357],[102.80171,4.49357],[102.80171,4.49385],[102.80143,4.49385],[102.80143,4.49357],[102.80088,4.49357],[102.80088,4.49329],[102.80032,4.49329],[102.80032,4.49301],[102.80004,4.49301],[102.80005,4.49273],[102.79977,4.49273],[102.79977,4.49245],[102.79949,4.49245],[102.79949,4.49217],[102.79866,4.49217],[102.79866,4.49189],[102.79783,4.49189],[102.79783,4.49162],[102.797,4.49161],[102.797,4.49134],[102.79672,4.49134],[102.79672,4.49106],[102.79533,4.49106],[102.79533,4.49133],[102.79506,4.49133],[102.79506,4.49161],[102.79478,4.49161],[102.79478,4.49189],[102.7945,4.49189],[102.7945,4.49217],[102.79478,4.49217],[102.79478,4.49245],[102.7945,4.49245],[102.7945,4.493],[102.79395,4.493],[102.79395,4.49328],[102.79339,4.49328],[102.79339,4.49356],[102.79256,4.49356],[102.79256,4.49384],[102.792,4.49383],[102.792,4.49411],[102.79173,4.49411],[102.79173,4.49439],[102.79145,4.49439],[102.79145,4.49467],[102.79062,4.49467],[102.79062,4.49495],[102.7884,4.49494],[102.7884,4.49522],[102.78673,4.49522],[102.78674,4.49439],[102.78646,4.49439],[102.78646,4.49383],[102.78618,4.49383],[102.78563,4.49383],[102.78563,4.49355],[102.7848,4.49355],[102.78479,4.49383],[102.78369,4.49383],[102.78369,4.49438],[102.78341,4.49438],[102.78341,4.49494],[102.78368,4.49494],[102.78368,4.49605],[102.78341,4.49605],[102.78341,4.49689],[102.78368,4.49689],[102.78368,4.49883],[102.78313,4.49883],[102.78313,4.49911],[102.78285,4.49911],[102.78285,4.49939],[102.78257,4.49939],[102.78257,4.49967],[102.78202,4.49967],[102.78202,4.49995],[102.78174,4.49994],[102.78174,4.50022],[102.78146,4.50022],[102.78146,4.5005],[102.78035,4.5005],[102.78035,4.50106],[102.78007,4.50106],[102.78007,4.50133],[102.77952,4.50133],[102.77952,4.50161],[102.77924,4.50161],[102.77924,4.50217],[102.77896,4.50217],[102.77896,4.50245],[102.77869,4.50245],[102.77869,4.50272],[102.77841,4.50272],[102.77841,4.503],[102.77813,4.503],[102.77813,4.50328],[102.77758,4.50328],[102.77757,4.50411],[102.77785,4.50411],[102.77785,4.50523],[102.77813,4.50523],[102.77813,4.50745],[102.7784,4.50745],[102.7784,4.50801],[102.77868,4.50801],[102.77868,4.50968],[102.7784,4.50968],[102.7784,4.51024],[102.77785,4.51024],[102.77784,4.51079],[102.77701,4.51079],[102.77701,4.51107],[102.7759,4.51107],[102.7759,4.51135],[102.77535,4.51135],[102.77535,4.51107],[102.77507,4.51107],[102.77507,4.51162],[102.77479,4.51162],[102.77479,4.51218],[102.77396,4.51218],[102.77396,4.51274],[102.77368,4.51274],[102.77368,4.51301],[102.7723,4.51301],[102.7723,4.51357],[102.77202,4.51357],[102.77202,4.51385],[102.77091,4.51385],[102.77091,4.51524],[102.77035,4.51524],[102.77035,4.51551],[102.77008,4.51551],[102.77008,4.51579],[102.7698,4.51579],[102.7698,4.51635],[102.76924,4.51635],[102.76924,4.51607],[102.76841,4.51607],[102.76841,4.51635],[102.76786,4.51635],[102.76786,4.51662],[102.76758,4.51662],[102.76758,4.5169],[102.7673,4.5169],[102.7673,4.51718]]]},"properties":{"FID":11,"Sector":"SG. BALA","SectorID":"Sec12","source_layer":"Sector"}},{"type":"Feature","id":12,"geometry":{"type":"Polygon","coordinates":[[[102.70551,4.26248],[102.70547,4.2625],[102.70523,4.26263],[102.70429,4.26313],[102.70054,4.2633],[102.69949,4.26335],[102.69142,4.25917],[102.6903,4.25856],[102.68903,4.25857],[102.68835,4.25864],[102.68758,4.25871],[102.68671,4.25846],[102.6858,4.25804],[102.68416,4.25698],[102.68136,4.25512],[102.67954,4.25492],[102.67845,4.25481],[102.67803,4.25467],[102.6755,4.25323],[102.67468,4.25277],[102.67197,4.25274],[102.67196,4.25148],[102.66933,4.24974],[102.66895,4.24972],[102.66467,4.2517],[102.66453,4.2537],[102.66453,4.25374],[102.66453,4.25374],[102.66452,4.25415],[102.6645,4.25483],[102.66449,4.2555],[102.66289,4.25644],[102.6609,4.25427],[102.6606,4.25424],[102.65929,4.25347],[102.65872,4.25315],[102.6582,4.25311],[102.65784,4.25335],[102.65784,4.25297],[102.65812,4.25298],[102.65812,4.25214],[102.6584,4.25214],[102.6584,4.25131],[102.65812,4.25131],[102.65812,4.25103],[102.65785,4.25103],[102.65785,4.25075],[102.65757,4.25075],[102.65757,4.25047],[102.65785,4.25047],[102.65785,4.24964],[102.65813,4.24964],[102.65813,4.24936],[102.6584,4.24936],[102.6584,4.24825],[102.65868,4.24825],[102.65869,4.24574],[102.65785,4.24574],[102.65785,4.24546],[102.6573,4.24546],[102.6573,4.2449],[102.65702,4.2449],[102.65703,4.24268],[102.6573,4.24268],[102.6573,4.2424],[102.65758,4.2424],[102.65758,4.24212],[102.65786,4.24212],[102.65786,4.24073],[102.65758,4.24073],[102.65758,4.2399],[102.65786,4.2399],[102.65786,4.23962],[102.65814,4.23962],[102.65814,4.23906],[102.65842,4.23906],[102.65842,4.23851],[102.65814,4.23851],[102.65814,4.23739],[102.65842,4.23739],[102.65842,4.23711],[102.6587,4.23711],[102.6587,4.23656],[102.65842,4.23656],[102.65842,4.236],[102.6587,4.236],[102.6587,4.23572],[102.65898,4.23572],[102.65898,4.23489],[102.65953,4.23489],[102.65953,4.23378],[102.65981,4.23378],[102.65981,4.2335],[102.66009,4.2335],[102.66009,4.23294],[102.65953,4.23294],[102.65953,4.23266],[102.65926,4.23266],[102.65926,4.23155],[102.65898,4.23155],[102.65898,4.23016],[102.65787,4.23016],[102.65787,4.23044],[102.65704,4.23043],[102.65704,4.23016],[102.65621,4.23015],[102.65621,4.22988],[102.65593,4.22988],[102.65594,4.22876],[102.65649,4.22876],[102.65649,4.22821],[102.65677,4.22821],[102.65677,4.22793],[102.65705,4.22793],[102.65705,4.22765],[102.65732,4.22765],[102.65732,4.22737],[102.65871,4.22738],[102.65871,4.22626],[102.65927,4.22626],[102.65927,4.22543],[102.65899,4.22543],[102.65899,4.22459],[102.65927,4.22459],[102.65927,4.22431],[102.65954,4.22432],[102.65955,4.22376],[102.65927,4.22376],[102.65927,4.22348],[102.65871,4.22348],[102.65871,4.2232],[102.65816,4.2232],[102.65816,4.22237],[102.65788,4.22237],[102.65788,4.22209],[102.65761,4.22209],[102.65761,4.22181],[102.65733,4.22181],[102.65733,4.22097],[102.65705,4.22097],[102.65706,4.22069],[102.65678,4.22069],[102.65678,4.22042],[102.6565,4.22042],[102.6565,4.2193],[102.65678,4.2193],[102.65678,4.21902],[102.65733,4.21903],[102.65733,4.21875],[102.65706,4.21875],[102.65706,4.21847],[102.65623,4.21847],[102.65623,4.21791],[102.65595,4.21791],[102.65595,4.21735],[102.65623,4.21735],[102.65623,4.21708],[102.65678,4.21708],[102.65678,4.2168],[102.65706,4.2168],[102.65706,4.21652],[102.65734,4.21652],[102.65734,4.21624],[102.65762,4.21624],[102.65762,4.21596],[102.65789,4.21597],[102.65789,4.21569],[102.65762,4.21569],[102.65762,4.21513],[102.65734,4.21513],[102.65734,4.21485],[102.65706,4.21485],[102.65706,4.21346],[102.65679,4.21346],[102.65679,4.21318],[102.65707,4.21318],[102.65707,4.21207],[102.65734,4.21207],[102.65734,4.21179],[102.65762,4.21179],[102.65762,4.21151],[102.65734,4.21151],[102.65735,4.21068],[102.65762,4.21068],[102.65762,4.20984],[102.65735,4.20984],[102.65735,4.20956],[102.65707,4.20956],[102.65707,4.20789],[102.65735,4.20789],[102.65735,4.20678],[102.65763,4.20678],[102.65763,4.2065],[102.65735,4.2065],[102.65735,4.20622],[102.65707,4.20622],[102.65707,4.20595],[102.6568,4.20595],[102.6568,4.20567],[102.65624,4.20567],[102.65624,4.20539],[102.65597,4.20539],[102.65597,4.20511],[102.65569,4.20511],[102.65569,4.20483],[102.65569,4.20455],[102.65708,4.20455],[102.65708,4.20483],[102.65902,4.20484],[102.65902,4.20456],[102.65957,4.20456],[102.65957,4.20428],[102.6604,4.20428],[102.6604,4.204],[102.66151,4.20345],[102.66151,4.20317],[102.66124,4.20317],[102.66124,4.20261],[102.66151,4.20261],[102.66151,4.20178],[102.66179,4.20178],[102.66179,4.20122],[102.66207,4.20122],[102.66207,4.20067],[102.66235,4.20067],[102.66235,4.19927],[102.66263,4.19928],[102.66263,4.199],[102.66318,4.199],[102.66318,4.19872],[102.66346,4.19872],[102.66346,4.19788],[102.66318,4.19788],[102.66318,4.19733],[102.66291,4.19733],[102.66291,4.19677],[102.66318,4.19677],[102.66319,4.19594],[102.66346,4.19594],[102.66346,4.19399],[102.66374,4.19399],[102.66374,4.19315],[102.66402,4.19315],[102.66402,4.19204],[102.66374,4.19204],[102.66375,4.19093],[102.66319,4.19093],[102.66319,4.19065],[102.66264,4.19065],[102.66264,4.19037],[102.66236,4.19037],[102.66236,4.18898],[102.66292,4.18898],[102.66292,4.1887],[102.66319,4.1887],[102.6632,4.18759],[102.66292,4.18759],[102.66292,4.18703],[102.6632,4.18703],[102.6632,4.18648],[102.66347,4.18648],[102.66348,4.18592],[102.66375,4.18592],[102.66375,4.18564],[102.66403,4.18564],[102.66403,4.18509],[102.66431,4.18509],[102.66431,4.18481],[102.66459,4.18481],[102.66459,4.18397],[102.66431,4.18397],[102.66431,4.18369],[102.66459,4.18369],[102.66459,4.1823],[102.66487,4.1823],[102.66487,4.18203],[102.66514,4.18203],[102.66514,4.18119],[102.6657,4.18119],[102.6657,4.18091],[102.66598,4.18091],[102.66598,4.18036],[102.66709,4.18036],[102.66709,4.18008],[102.66792,4.18008],[102.66792,4.1798],[102.6682,4.1798],[102.66819,4.18008],[102.66903,4.18008],[102.66903,4.18036],[102.66986,4.18036],[102.66986,4.18008],[102.67013,4.18008],[102.67013,4.18036],[102.67041,4.18036],[102.67041,4.18092],[102.67013,4.18092],[102.67013,4.1812],[102.66986,4.1812],[102.66986,4.18148],[102.67013,4.18148],[102.67013,4.18231],[102.66985,4.18231],[102.66985,4.18287],[102.67041,4.18287],[102.67041,4.1837],[102.67096,4.1837],[102.67096,4.18398],[102.67124,4.18398],[102.67124,4.1837],[102.67235,4.1837],[102.67235,4.18398],[102.67346,4.18398],[102.67346,4.18426],[102.67373,4.18426],[102.67373,4.18398],[102.67401,4.18399],[102.67401,4.18426],[102.67429,4.18426],[102.67429,4.18399],[102.67512,4.18399],[102.67512,4.18371],[102.67595,4.18371],[102.67595,4.18343],[102.67651,4.18343],[102.67651,4.18315],[102.67734,4.18315],[102.67734,4.18288],[102.67761,4.18288],[102.67761,4.1826],[102.67845,4.1826],[102.67845,4.18232],[102.67872,4.18232],[102.67872,4.18204],[102.679,4.18204],[102.679,4.18177],[102.67983,4.18177],[102.67983,4.18204],[102.68011,4.18205],[102.68011,4.18232],[102.68039,4.18232],[102.68039,4.1826],[102.68054,4.1826],[102.68316,4.18261],[102.68316,4.18288],[102.68371,4.18288],[102.68371,4.18316],[102.68482,4.18316],[102.68482,4.18261],[102.68538,4.18261],[102.68538,4.18233],[102.68621,4.18233],[102.68621,4.18289],[102.68704,4.18289],[102.68704,4.18261],[102.68732,4.18261],[102.68732,4.1815],[102.68759,4.1815],[102.6876,4.17983],[102.68787,4.17983],[102.68787,4.17899],[102.68815,4.17899],[102.68815,4.17927],[102.68871,4.17927],[102.6887,4.17983],[102.68898,4.17983],[102.68898,4.18039],[102.68954,4.18039],[102.68953,4.18094],[102.69092,4.18095],[102.69092,4.18122],[102.6912,4.18122],[102.6912,4.1815],[102.69231,4.1815],[102.6923,4.18262],[102.69286,4.18262],[102.69286,4.1829],[102.69397,4.1829],[102.69397,4.18345],[102.6948,4.18346],[102.69479,4.18568],[102.69507,4.18568],[102.69507,4.18624],[102.69535,4.18624],[102.69535,4.18652],[102.69562,4.18652],[102.69562,4.1868],[102.69673,4.1868],[102.69673,4.18708],[102.69729,4.18708],[102.69729,4.18735],[102.69756,4.18735],[102.69756,4.18763],[102.69812,4.18763],[102.69812,4.18791],[102.69839,4.18791],[102.69839,4.18819],[102.69895,4.18819],[102.69895,4.18847],[102.69978,4.18847],[102.69978,4.18791],[102.70089,4.18792],[102.70089,4.18819],[102.70255,4.1882],[102.70255,4.18875],[102.70283,4.18875],[102.70283,4.18903],[102.7031,4.18903],[102.7031,4.18931],[102.70338,4.18931],[102.70338,4.18959],[102.70532,4.18959],[102.70532,4.18931],[102.70615,4.18931],[102.70615,4.18959],[102.70671,4.18959],[102.70671,4.18931],[102.70754,4.18932],[102.70754,4.18959],[102.70782,4.18959],[102.70782,4.18932],[102.70948,4.18932],[102.70948,4.1896],[102.70976,4.1896],[102.70976,4.18987],[102.71003,4.18988],[102.71003,4.1896],[102.71031,4.1896],[102.71031,4.18932],[102.71059,4.18932],[102.71059,4.18904],[102.71087,4.18904],[102.71087,4.18876],[102.71114,4.18876],[102.71114,4.18904],[102.7117,4.18904],[102.7117,4.18932],[102.71364,4.18932],[102.71364,4.18904],[102.71391,4.18905],[102.71392,4.18821],[102.71502,4.18821],[102.71502,4.18793],[102.71558,4.18793],[102.71558,4.18821],[102.71641,4.18821],[102.71641,4.18766],[102.71724,4.18766],[102.71724,4.18794],[102.71752,4.18794],[102.71752,4.18821],[102.71918,4.18822],[102.71918,4.18794],[102.71946,4.18794],[102.71946,4.18738],[102.71974,4.18738],[102.71974,4.1871],[102.72001,4.1871],[102.72001,4.18683],[102.72085,4.18683],[102.72085,4.18655],[102.7214,4.18655],[102.7214,4.18627],[102.72168,4.18627],[102.72168,4.18599],[102.72223,4.18599],[102.72223,4.18572],[102.72279,4.18572],[102.72279,4.18544],[102.72306,4.18544],[102.72306,4.18516],[102.72362,4.18516],[102.72362,4.18488],[102.72417,4.18488],[102.72417,4.18461],[102.72473,4.18461],[102.72473,4.18433],[102.72501,4.18433],[102.72501,4.18405],[102.72528,4.18405],[102.72528,4.18322],[102.72501,4.18322],[102.72501,4.18266],[102.72529,4.18266],[102.72529,4.1821],[102.72556,4.1821],[102.72556,4.18182],[102.72529,4.18182],[102.72529,4.18099],[102.72501,4.18099],[102.72501,4.18043],[102.72473,4.18043],[102.72473,4.1796],[102.72446,4.1796],[102.72446,4.17848],[102.72418,4.17848],[102.72418,4.17821],[102.72391,4.17821],[102.72391,4.17765],[102.72363,4.17765],[102.72363,4.17737],[102.72391,4.17737],[102.72391,4.17709],[102.72418,4.17709],[102.72418,4.17681],[102.72474,4.17681],[102.72474,4.17654],[102.72529,4.17654],[102.72529,4.17626],[102.72557,4.17626],[102.72557,4.1757],[102.72585,4.1757],[102.72585,4.17515],[102.7264,4.17515],[102.7264,4.17487],[102.72696,4.17487],[102.72696,4.17459],[102.72724,4.17459],[102.72724,4.17431],[102.72779,4.17431],[102.72779,4.17459],[102.7289,4.17459],[102.7289,4.17432],[102.72973,4.17432],[102.72973,4.17404],[102.73001,4.17404],[102.73001,4.17376],[102.73029,4.17376],[102.73029,4.17348],[102.73084,4.17348],[102.73084,4.17376],[102.73112,4.17376],[102.73112,4.17404],[102.73139,4.17404],[102.73139,4.17432],[102.73167,4.17432],[102.73167,4.17515],[102.73111,4.17515],[102.73111,4.17599],[102.73139,4.17599],[102.73139,4.17627],[102.73167,4.17627],[102.73167,4.17738],[102.73222,4.17738],[102.73222,4.17766],[102.73277,4.17766],[102.73277,4.17794],[102.73305,4.17794],[102.73305,4.17822],[102.73361,4.17822],[102.7336,4.17989],[102.73388,4.17989],[102.73388,4.181],[102.73443,4.181],[102.73443,4.18156],[102.73499,4.18156],[102.73499,4.18184],[102.73526,4.18184],[102.73526,4.18211],[102.73554,4.18212],[102.73554,4.18239],[102.73609,4.18239],[102.73609,4.18267],[102.73637,4.18267],[102.73637,4.18434],[102.73609,4.18434],[102.73609,4.1874],[102.73637,4.1874],[102.73636,4.18824],[102.73581,4.18824],[102.73581,4.18852],[102.73553,4.18852],[102.73553,4.18879],[102.73526,4.18879],[102.73525,4.18907],[102.73498,4.18907],[102.73498,4.19074],[102.7347,4.19074],[102.7347,4.19158],[102.73497,4.19158],[102.73497,4.19213],[102.73525,4.19213],[102.73525,4.19269],[102.73497,4.19269],[102.73497,4.19325],[102.73442,4.19324],[102.73442,4.19436],[102.73414,4.19436],[102.73414,4.19547],[102.73358,4.19547],[102.73358,4.19575],[102.73303,4.19575],[102.73303,4.19603],[102.73275,4.19603],[102.73275,4.19658],[102.73247,4.19658],[102.73247,4.19797],[102.7322,4.19797],[102.7322,4.19825],[102.73192,4.19825],[102.73192,4.20048],[102.73219,4.20048],[102.73219,4.20103],[102.73191,4.20103],[102.73191,4.20131],[102.73219,4.20131],[102.73219,4.20159],[102.73247,4.20159],[102.73247,4.20215],[102.73219,4.20215],[102.73219,4.2027],[102.73247,4.2027],[102.73247,4.20326],[102.73274,4.20326],[102.73274,4.20354],[102.73385,4.20354],[102.73385,4.20326],[102.73441,4.20326],[102.73441,4.20382],[102.73468,4.20382],[102.73468,4.20438],[102.73524,4.20438],[102.73524,4.20465],[102.73551,4.20466],[102.73551,4.20521],[102.73579,4.20521],[102.73579,4.2066],[102.73607,4.2066],[102.73606,4.20688],[102.73634,4.20688],[102.73634,4.20716],[102.7369,4.20716],[102.7369,4.20772],[102.73745,4.20772],[102.73745,4.20827],[102.73773,4.20828],[102.73773,4.20883],[102.738,4.20883],[102.738,4.20911],[102.73856,4.20911],[102.73856,4.20967],[102.73883,4.20967],[102.73883,4.2105],[102.73828,4.2105],[102.73828,4.21078],[102.738,4.21078],[102.738,4.21189],[102.73828,4.21189],[102.73827,4.21273],[102.73855,4.21273],[102.73855,4.21301],[102.73883,4.21301],[102.73883,4.21468],[102.7391,4.21468],[102.7391,4.21523],[102.73938,4.21523],[102.73938,4.21551],[102.73966,4.21551],[102.73966,4.21607],[102.73966,4.21635],[102.73772,4.21634],[102.73772,4.21662],[102.73744,4.21662],[102.73744,4.21718],[102.73716,4.21718],[102.73716,4.21746],[102.73688,4.21746],[102.73688,4.21774],[102.7355,4.21773],[102.7355,4.21801],[102.73522,4.21801],[102.73522,4.21885],[102.7355,4.21885],[102.7355,4.21912],[102.73577,4.21913],[102.73577,4.21996],[102.73466,4.21996],[102.73466,4.22024],[102.733,4.22023],[102.733,4.22051],[102.73272,4.22051],[102.73272,4.22079],[102.73161,4.22079],[102.73161,4.22051],[102.73106,4.22051],[102.73106,4.22079],[102.73078,4.22079],[102.73078,4.22107],[102.7305,4.22107],[102.7305,4.22134],[102.72995,4.22134],[102.72995,4.2219],[102.72912,4.2219],[102.72912,4.22218],[102.72829,4.22218],[102.72829,4.22162],[102.72718,4.22162],[102.72718,4.2219],[102.72662,4.2219],[102.72662,4.22217],[102.72607,4.22217],[102.72607,4.22245],[102.72579,4.22245],[102.72579,4.22273],[102.72468,4.22273],[102.7244,4.22273],[102.7244,4.22301],[102.72385,4.22301],[102.72385,4.22328],[102.7233,4.22328],[102.72329,4.22384],[102.72274,4.22384],[102.72274,4.22412],[102.72219,4.22412],[102.72219,4.2244],[102.72191,4.2244],[102.72191,4.22467],[102.72163,4.22467],[102.72163,4.22495],[102.72135,4.22495],[102.72135,4.22579],[102.72107,4.22579],[102.72107,4.22662],[102.7208,4.22662],[102.7208,4.22718],[102.72052,4.22718],[102.72052,4.22745],[102.72024,4.22745],[102.72024,4.22885],[102.72079,4.22885],[102.72079,4.2294],[102.72107,4.2294],[102.72107,4.22968],[102.72162,4.22968],[102.72162,4.22996],[102.72218,4.22996],[102.72218,4.2308],[102.7219,4.2308],[102.7219,4.23135],[102.72218,4.23135],[102.72218,4.23247],[102.72301,4.23247],[102.72301,4.23302],[102.72328,4.23302],[102.72328,4.2333],[102.72356,4.2333],[102.72356,4.23414],[102.72467,4.23414],[102.72467,4.23553],[102.72494,4.23553],[102.72494,4.23609],[102.72522,4.23609],[102.72522,4.23692],[102.7255,4.23692],[102.7255,4.2372],[102.72571,4.23733],[102.72341,4.23982],[102.72292,4.2401],[102.72111,4.24119],[102.72016,4.24312],[102.71934,4.245],[102.71902,4.24918],[102.71844,4.24968],[102.71592,4.25249],[102.71442,4.25694],[102.71276,4.25832],[102.71241,4.25862],[102.71151,4.25935],[102.71092,4.26021],[102.70949,4.26202],[102.70859,4.2624],[102.70828,4.26237],[102.7081,4.26236],[102.70716,4.26205],[102.70635,4.26203],[102.70551,4.26248]]]},"properties":{"FID":12,"Sector":"SG. BANGAK","SectorID":"Sec13","source_layer":"Sector"}},{"type":"Feature","id":13,"geometry":{"type":"Polygon","coordinates":[[[102.74311,4.39903],[102.74322,4.39948],[102.74332,4.4],[102.74291,4.40038],[102.74246,4.40028],[102.74214,4.40001],[102.74205,4.39932],[102.74183,4.39894],[102.74159,4.39888],[102.74126,4.39893],[102.74032,4.39955],[102.73999,4.4],[102.73999,4.39917],[102.73999,4.39889],[102.73999,4.39868],[102.73966,4.39857],[102.73913,4.39846],[102.73857,4.39804],[102.73846,4.39755],[102.73854,4.39707],[102.7385,4.39667],[102.73843,4.39615],[102.73863,4.39545],[102.7391,4.3939],[102.73923,4.39354],[102.73923,4.39302],[102.73911,4.39246],[102.73883,4.3922],[102.73864,4.3921],[102.73827,4.39205],[102.7378,4.39222],[102.73683,4.39247],[102.73644,4.3925],[102.73619,4.39246],[102.73595,4.39234],[102.73581,4.39204],[102.73595,4.39173],[102.73634,4.391],[102.73661,4.39011],[102.73679,4.38987],[102.73703,4.38965],[102.73749,4.3893],[102.7377,4.38895],[102.73769,4.38869],[102.73745,4.38841],[102.73683,4.38821],[102.7365,4.38786],[102.73629,4.38736],[102.73613,4.38653],[102.73581,4.38595],[102.73577,4.38559],[102.73593,4.38534],[102.73613,4.38521],[102.73635,4.3852],[102.73664,4.38538],[102.73674,4.38568],[102.73688,4.38602],[102.73687,4.38626],[102.73694,4.38661],[102.73709,4.38672],[102.73752,4.38666],[102.73763,4.38653],[102.73773,4.38626],[102.73782,4.38591],[102.73773,4.38534],[102.73751,4.38486],[102.7372,4.38445],[102.73691,4.38432],[102.73673,4.38427],[102.73657,4.38409],[102.73667,4.38384],[102.73681,4.38373],[102.73705,4.38368],[102.73738,4.3837],[102.73802,4.3839],[102.73956,4.38414],[102.74041,4.38429],[102.74071,4.38429],[102.7409,4.38426],[102.74102,4.38416],[102.74118,4.38395],[102.74143,4.38349],[102.74193,4.383],[102.74235,4.3828],[102.74285,4.38267],[102.74327,4.38252],[102.74346,4.38242],[102.74345,4.38207],[102.74338,4.38169],[102.74326,4.38128],[102.74298,4.38073],[102.74265,4.37973],[102.74249,4.37945],[102.74218,4.37931],[102.74187,4.37938],[102.74173,4.37934],[102.74156,4.37915],[102.74119,4.37918],[102.74068,4.37955],[102.74035,4.37977],[102.74004,4.37967],[102.73996,4.37948],[102.73993,4.37922],[102.73989,4.37881],[102.73986,4.37845],[102.73964,4.37812],[102.73949,4.37781],[102.73929,4.37773],[102.73914,4.37763],[102.73912,4.37754],[102.73913,4.37732],[102.73898,4.37709],[102.73872,4.37706],[102.73859,4.37714],[102.73843,4.37741],[102.73823,4.37794],[102.73805,4.37854],[102.73781,4.37889],[102.73753,4.37904],[102.73737,4.37891],[102.73722,4.37856],[102.737,4.37812],[102.73687,4.37785],[102.73654,4.37767],[102.7361,4.37767],[102.73553,4.37773],[102.73527,4.37769],[102.73513,4.37755],[102.73515,4.37742],[102.73527,4.37727],[102.73547,4.37712],[102.7359,4.3768],[102.73659,4.3764],[102.73739,4.37597],[102.73752,4.37575],[102.73754,4.3754],[102.73758,4.37514],[102.73793,4.37459],[102.7383,4.3742],[102.73854,4.37369],[102.73865,4.37321],[102.73866,4.37278],[102.73869,4.37239],[102.73886,4.37189],[102.73913,4.37133],[102.73936,4.37098],[102.73947,4.37076],[102.73943,4.37018],[102.73952,4.36974],[102.73974,4.36945],[102.74047,4.36891],[102.74078,4.36869],[102.7409,4.36834],[102.74092,4.36787],[102.74106,4.36763],[102.74122,4.36736],[102.74127,4.36716],[102.7412,4.36666],[102.74087,4.36595],[102.74065,4.3652],[102.74065,4.36458],[102.74063,4.36381],[102.74044,4.36337],[102.74017,4.36306],[102.73965,4.36293],[102.73908,4.36283],[102.73888,4.36265],[102.73849,4.36239],[102.73823,4.36238],[102.73778,4.36249],[102.7375,4.36271],[102.73729,4.363],[102.73679,4.36363],[102.7362,4.36402],[102.73591,4.36415],[102.73573,4.36424],[102.73559,4.36439],[102.73554,4.36457],[102.73539,4.36486],[102.73516,4.36501],[102.73492,4.36502],[102.73467,4.36492],[102.73457,4.36471],[102.73448,4.36447],[102.73441,4.36428],[102.73421,4.36408],[102.73401,4.36392],[102.73363,4.36353],[102.73328,4.36312],[102.73309,4.36241],[102.73293,4.36219],[102.73264,4.36205],[102.73231,4.36208],[102.73186,4.36215],[102.73158,4.36222],[102.73141,4.36216],[102.73135,4.36194],[102.73141,4.36164],[102.73147,4.36113],[102.73158,4.36052],[102.73164,4.35985],[102.73145,4.3594],[102.73104,4.35911],[102.73059,4.35896],[102.73025,4.35889],[102.72989,4.35863],[102.72976,4.35832],[102.72967,4.35805],[102.72949,4.35784],[102.72912,4.35769],[102.72867,4.3576],[102.72793,4.35753],[102.72753,4.3574],[102.72703,4.35724],[102.72683,4.35689],[102.72667,4.35647],[102.72664,4.35617],[102.72678,4.35589],[102.727,4.35577],[102.72738,4.35571],[102.72761,4.35561],[102.72771,4.35551],[102.7279,4.35512],[102.72825,4.3544],[102.72821,4.35398],[102.72797,4.35376],[102.72772,4.35353],[102.72725,4.35327],[102.72637,4.35328],[102.72606,4.35315],[102.72597,4.35299],[102.72608,4.35263],[102.72632,4.35224],[102.72638,4.35169],[102.72613,4.351],[102.7259,4.35069],[102.72568,4.35064],[102.72538,4.35065],[102.72523,4.35056],[102.72518,4.35038],[102.7245,4.34885],[102.72412,4.34811],[102.72409,4.34748],[102.72439,4.34704],[102.72464,4.34653],[102.72443,4.34599],[102.72404,4.34555],[102.7236,4.34482],[102.7228,4.34449],[102.72228,4.34435],[102.72136,4.34476],[102.72068,4.34519],[102.72008,4.34553],[102.7197,4.34543],[102.71951,4.34516],[102.71975,4.3445],[102.71992,4.34394],[102.71969,4.34286],[102.71927,4.34236],[102.71877,4.34211],[102.7182,4.34209],[102.71722,4.34193],[102.71685,4.34198],[102.71671,4.34236],[102.71641,4.34271],[102.71618,4.34271],[102.71599,4.34252],[102.71589,4.34197],[102.71615,4.34151],[102.71629,4.34093],[102.71591,4.34028],[102.71554,4.33971],[102.71512,4.33949],[102.71487,4.33903],[102.71474,4.33781],[102.71458,4.33742],[102.71417,4.33718],[102.71381,4.33703],[102.71348,4.33665],[102.7131,4.33627],[102.71302,4.33574],[102.71314,4.33522],[102.7133,4.33468],[102.71324,4.33409],[102.71294,4.33376],[102.71263,4.33364],[102.71237,4.3336],[102.71225,4.33343],[102.71237,4.33301],[102.71245,4.33262],[102.71244,4.33228],[102.71202,4.33135],[102.7117,4.33098],[102.7114,4.33098],[102.71117,4.33108],[102.71099,4.33129],[102.7108,4.33132],[102.71064,4.33123],[102.71049,4.33098],[102.71031,4.33044],[102.71037,4.32999],[102.71089,4.32939],[102.71132,4.32886],[102.71195,4.32894],[102.7125,4.32932],[102.71281,4.32968],[102.71351,4.33031],[102.71402,4.33059],[102.71427,4.3306],[102.71446,4.33031],[102.71489,4.32979],[102.71497,4.32899],[102.71483,4.3281],[102.714,4.32756],[102.71359,4.32746],[102.71349,4.3272],[102.71374,4.32651],[102.71263,4.32651],[102.71264,4.32623],[102.71236,4.32623],[102.71236,4.32651],[102.71208,4.32651],[102.71208,4.32595],[102.7118,4.32595],[102.7118,4.32567],[102.71153,4.32567],[102.71153,4.32595],[102.7107,4.32595],[102.7107,4.32567],[102.71042,4.32567],[102.71042,4.32539],[102.71042,4.32456],[102.7107,4.32456],[102.7107,4.32344],[102.71098,4.32344],[102.71098,4.32317],[102.71125,4.32317],[102.71125,4.32289],[102.71153,4.32289],[102.71153,4.32261],[102.71181,4.32261],[102.71181,4.32233],[102.71236,4.32233],[102.71236,4.32205],[102.71264,4.32206],[102.71264,4.32066],[102.71236,4.32066],[102.71237,4.32039],[102.71209,4.32038],[102.71209,4.31955],[102.71237,4.31955],[102.71237,4.31816],[102.71265,4.31816],[102.71265,4.3176],[102.71292,4.3176],[102.71292,4.31732],[102.7132,4.31733],[102.7132,4.31705],[102.71292,4.31705],[102.71292,4.31677],[102.7132,4.31677],[102.7132,4.31621],[102.71403,4.31621],[102.71404,4.31427],[102.71431,4.31427],[102.71431,4.31371],[102.71459,4.31371],[102.71459,4.31343],[102.71487,4.31343],[102.71487,4.31315],[102.71515,4.31315],[102.71515,4.31204],[102.71542,4.31204],[102.71543,4.31176],[102.71598,4.31176],[102.71598,4.31121],[102.71626,4.31121],[102.71626,4.31037],[102.71654,4.31037],[102.71654,4.30982],[102.71681,4.30982],[102.71682,4.30815],[102.71765,4.30815],[102.71765,4.30787],[102.71792,4.30787],[102.71792,4.30759],[102.71848,4.30759],[102.71848,4.3062],[102.71904,4.3062],[102.71904,4.30509],[102.71876,4.30509],[102.71876,4.30481],[102.71904,4.30481],[102.71904,4.30453],[102.71931,4.30453],[102.71932,4.30342],[102.71959,4.30342],[102.71959,4.30314],[102.71987,4.30314],[102.71987,4.30259],[102.72015,4.30259],[102.72015,4.30231],[102.7207,4.30231],[102.7207,4.3012],[102.72098,4.3012],[102.72098,4.30036],[102.72126,4.30036],[102.72126,4.30008],[102.72209,4.30008],[102.72209,4.29897],[102.72098,4.29897],[102.72099,4.29786],[102.72126,4.29786],[102.72126,4.29758],[102.72099,4.29758],[102.72099,4.2973],[102.72071,4.2973],[102.72071,4.29702],[102.72043,4.29702],[102.72043,4.29674],[102.72016,4.29674],[102.72016,4.29646],[102.71988,4.29646],[102.71988,4.29591],[102.72016,4.29591],[102.72016,4.29563],[102.72043,4.29563],[102.72044,4.29507],[102.72099,4.29507],[102.72099,4.2948],[102.72182,4.2948],[102.72182,4.29452],[102.7221,4.29452],[102.7221,4.29396],[102.72265,4.29396],[102.72265,4.29368],[102.72293,4.29368],[102.72293,4.29285],[102.72349,4.29285],[102.72349,4.29257],[102.72487,4.29257],[102.72487,4.2923],[102.72515,4.2923],[102.72515,4.29174],[102.72543,4.29174],[102.72543,4.29146],[102.72571,4.29146],[102.72571,4.29091],[102.72598,4.29091],[102.72598,4.29063],[102.72654,4.29063],[102.72654,4.29035],[102.72682,4.29035],[102.72682,4.28979],[102.72709,4.28979],[102.72709,4.28952],[102.72765,4.28952],[102.72765,4.28868],[102.72793,4.28868],[102.72793,4.28813],[102.7282,4.28813],[102.72821,4.28646],[102.72821,4.28562],[102.72849,4.28562],[102.72849,4.28367],[102.72821,4.28367],[102.72821,4.2834],[102.72793,4.2834],[102.72793,4.28284],[102.72766,4.28284],[102.72766,4.28228],[102.7271,4.28228],[102.7271,4.282],[102.72627,4.282],[102.72627,4.28145],[102.726,4.28144],[102.726,4.28089],[102.72627,4.28089],[102.72627,4.28005],[102.726,4.28005],[102.726,4.27978],[102.72627,4.27978],[102.72628,4.27894],[102.726,4.27894],[102.726,4.27838],[102.72572,4.27838],[102.72572,4.27755],[102.72545,4.27755],[102.72545,4.27727],[102.72766,4.27727],[102.72766,4.27644],[102.72739,4.27644],[102.72739,4.27588],[102.72711,4.27588],[102.72711,4.2756],[102.72683,4.2756],[102.72683,4.27532],[102.72656,4.27532],[102.72656,4.27477],[102.72628,4.27477],[102.72628,4.27449],[102.726,4.27449],[102.726,4.27421],[102.72573,4.27421],[102.72573,4.27393],[102.72517,4.27393],[102.72517,4.27282],[102.7249,4.27282],[102.7249,4.27254],[102.72407,4.27254],[102.72407,4.27226],[102.72379,4.27226],[102.72379,4.27198],[102.72351,4.27198],[102.72351,4.27115],[102.72324,4.27115],[102.72324,4.27087],[102.72296,4.27087],[102.72296,4.27003],[102.72213,4.27003],[102.72213,4.27031],[102.72185,4.27031],[102.72185,4.27059],[102.72102,4.27059],[102.72102,4.27086],[102.72019,4.27086],[102.72019,4.27114],[102.71991,4.27114],[102.71991,4.27142],[102.7188,4.27142],[102.7188,4.2717],[102.71825,4.2717],[102.71825,4.27197],[102.71797,4.27197],[102.71797,4.27142],[102.71742,4.27142],[102.71742,4.27114],[102.71714,4.27114],[102.71714,4.27142],[102.71658,4.27142],[102.71658,4.27169],[102.71547,4.27169],[102.71548,4.27114],[102.7152,4.27114],[102.7152,4.27086],[102.71492,4.27086],[102.71492,4.27058],[102.71464,4.27058],[102.71464,4.2703],[102.71437,4.2703],[102.71437,4.27058],[102.71298,4.27058],[102.71298,4.27085],[102.7127,4.27085],[102.71271,4.26918],[102.71243,4.26918],[102.71243,4.26835],[102.71215,4.26835],[102.71215,4.26724],[102.71188,4.26724],[102.71188,4.26696],[102.7116,4.26696],[102.7116,4.2664],[102.71132,4.2664],[102.71132,4.26557],[102.71105,4.26557],[102.71105,4.26445],[102.71133,4.26445],[102.71133,4.26417],[102.71105,4.26417],[102.71105,4.26362],[102.71077,4.26362],[102.71077,4.26306],[102.7105,4.26306],[102.7105,4.2625],[102.70828,4.2625],[102.70828,4.26242],[102.70828,4.26237],[102.70859,4.2624],[102.70865,4.26237],[102.70993,4.26146],[102.71092,4.26021],[102.71151,4.25935],[102.71241,4.25862],[102.71276,4.25832],[102.71442,4.25694],[102.71592,4.25249],[102.71844,4.24968],[102.71902,4.24918],[102.71934,4.245],[102.72016,4.24312],[102.72111,4.24119],[102.72292,4.2401],[102.72341,4.23982],[102.72571,4.23733],[102.72653,4.23644],[102.7313,4.23619],[102.73471,4.23777],[102.73678,4.23875],[102.73723,4.2389],[102.73905,4.23889],[102.74059,4.23835],[102.74168,4.23837],[102.7423,4.23914],[102.74265,4.24087],[102.74302,4.24215],[102.7434,4.24248],[102.74351,4.24252],[102.74383,4.24268],[102.74494,4.24252],[102.74592,4.24258],[102.74766,4.24373],[102.74961,4.24483],[102.75176,4.24492],[102.75231,4.24525],[102.75273,4.24558],[102.75282,4.24566],[102.75291,4.24747],[102.75294,4.24824],[102.75296,4.25113],[102.75488,4.25449],[102.75528,4.25545],[102.75616,4.25757],[102.7572,4.2592],[102.75845,4.26094],[102.75847,4.26097],[102.75991,4.26053],[102.76105,4.26001],[102.76215,4.25921],[102.76373,4.25952],[102.7644,4.25977],[102.7658,4.25976],[102.76979,4.25864],[102.77117,4.25895],[102.7736,4.25948],[102.77374,4.26022],[102.77384,4.26216],[102.77702,4.26575],[102.7803,4.26966],[102.783,4.27339],[102.78716,4.27858],[102.78757,4.27891],[102.78915,4.27941],[102.78975,4.27986],[102.7903,4.28056],[102.794,4.28528],[102.79507,4.28629],[102.79674,4.28752],[102.79722,4.28772],[102.79838,4.28764],[102.79861,4.28767],[102.79949,4.2878],[102.80043,4.28819],[102.8041,4.2908],[102.80631,4.29118],[102.80777,4.29126],[102.81026,4.29183],[102.81238,4.29235],[102.81277,4.29235],[102.81282,4.29184],[102.8133,4.29184],[102.8133,4.29212],[102.81357,4.29212],[102.81357,4.2924],[102.81385,4.2924],[102.81385,4.29379],[102.81357,4.29379],[102.81357,4.29435],[102.81468,4.29435],[102.81468,4.29463],[102.81496,4.29463],[102.81496,4.29491],[102.81468,4.29491],[102.81468,4.29518],[102.81479,4.29518],[102.81496,4.29518],[102.81496,4.29546],[102.81523,4.29546],[102.81523,4.29574],[102.81551,4.29574],[102.81551,4.2963],[102.81579,4.2963],[102.81579,4.29658],[102.81634,4.29658],[102.81634,4.29713],[102.81689,4.29713],[102.81689,4.29797],[102.81745,4.29797],[102.81745,4.29825],[102.81772,4.29825],[102.81772,4.29853],[102.81828,4.29853],[102.81828,4.29881],[102.81828,4.29992],[102.818,4.29992],[102.818,4.3002],[102.81661,4.3002],[102.81661,4.30047],[102.81634,4.30047],[102.81634,4.30131],[102.81606,4.30131],[102.81606,4.30186],[102.8155,4.30186],[102.8155,4.30242],[102.81523,4.30242],[102.81523,4.30298],[102.81495,4.30298],[102.81495,4.30325],[102.81439,4.30325],[102.81439,4.30353],[102.81412,4.30353],[102.81411,4.30576],[102.81356,4.30576],[102.81356,4.30604],[102.81217,4.30603],[102.81217,4.30659],[102.81189,4.30659],[102.81189,4.30798],[102.80968,4.30798],[102.80968,4.30826],[102.80995,4.30826],[102.80995,4.30881],[102.80967,4.30881],[102.80967,4.30909],[102.80912,4.30909],[102.80912,4.30937],[102.80884,4.30937],[102.80884,4.30965],[102.80829,4.30965],[102.80829,4.30992],[102.80746,4.30992],[102.80746,4.3102],[102.80718,4.3102],[102.80718,4.31243],[102.8069,4.31243],[102.8069,4.31271],[102.80718,4.31271],[102.80717,4.31382],[102.80662,4.31382],[102.80662,4.31465],[102.8069,4.31465],[102.8069,4.31493],[102.80745,4.31493],[102.80745,4.31605],[102.80773,4.31605],[102.80773,4.31632],[102.808,4.31632],[102.808,4.31688],[102.80828,4.31688],[102.80828,4.31716],[102.80856,4.31716],[102.80856,4.31744],[102.80883,4.31744],[102.80883,4.32022],[102.80911,4.32022],[102.80911,4.32078],[102.80883,4.32078],[102.80883,4.32106],[102.80855,4.32106],[102.80855,4.32189],[102.80827,4.32189],[102.80827,4.32272],[102.80855,4.32273],[102.80855,4.32328],[102.80883,4.32328],[102.80883,4.32356],[102.80938,4.32356],[102.80938,4.3244],[102.80966,4.3244],[102.80966,4.32467],[102.80993,4.32467],[102.80993,4.32495],[102.80993,4.32523],[102.80966,4.32523],[102.80966,4.32607],[102.80938,4.32607],[102.80938,4.32634],[102.80799,4.32634],[102.80799,4.32606],[102.80744,4.32606],[102.80744,4.32578],[102.80688,4.32578],[102.80688,4.32551],[102.80661,4.32551],[102.80661,4.32523],[102.80633,4.32523],[102.80633,4.32495],[102.80605,4.32495],[102.80605,4.32439],[102.80522,4.32439],[102.80522,4.32411],[102.80495,4.32411],[102.80495,4.32383],[102.80467,4.32383],[102.80467,4.32356],[102.80439,4.32356],[102.80439,4.32328],[102.80328,4.32328],[102.80328,4.32272],[102.80217,4.32272],[102.80217,4.32355],[102.80134,4.32355],[102.80134,4.32327],[102.80107,4.32327],[102.80107,4.32299],[102.7994,4.32299],[102.7994,4.32271],[102.79857,4.32271],[102.79857,4.32299],[102.79802,4.32299],[102.79802,4.32327],[102.79774,4.32327],[102.79774,4.32355],[102.79718,4.32355],[102.79718,4.32383],[102.79663,4.32382],[102.79663,4.3241],[102.79497,4.3241],[102.79497,4.32327],[102.79414,4.32327],[102.79414,4.32299],[102.79386,4.32299],[102.79386,4.32271],[102.7933,4.32271],[102.79331,4.32215],[102.7922,4.32215],[102.7922,4.32159],[102.79164,4.32159],[102.79164,4.32131],[102.79053,4.32131],[102.79053,4.32215],[102.79026,4.32215],[102.79026,4.32243],[102.78998,4.32243],[102.78998,4.3227],[102.7897,4.3227],[102.7897,4.32326],[102.78942,4.32326],[102.78942,4.32382],[102.78915,4.32382],[102.78915,4.32409],[102.78887,4.32409],[102.78887,4.32437],[102.78859,4.32437],[102.78859,4.32465],[102.78804,4.32465],[102.78804,4.32493],[102.78776,4.32493],[102.78776,4.32521],[102.78748,4.32521],[102.78748,4.32548],[102.78637,4.32548],[102.78637,4.32576],[102.78609,4.32576],[102.78609,4.32604],[102.78637,4.32604],[102.78637,4.3266],[102.78582,4.32659],[102.78582,4.32632],[102.78498,4.32632],[102.78498,4.32659],[102.78443,4.32659],[102.78443,4.32687],[102.78388,4.32687],[102.78387,4.32715],[102.78193,4.32715],[102.78193,4.32798],[102.78166,4.32798],[102.78166,4.32882],[102.78138,4.32882],[102.78138,4.32993],[102.7811,4.32993],[102.7811,4.33049],[102.78082,4.33048],[102.78082,4.33132],[102.78054,4.33132],[102.78054,4.33215],[102.78027,4.33215],[102.78026,4.33271],[102.77999,4.33271],[102.77999,4.33299],[102.77943,4.33299],[102.77943,4.33354],[102.77888,4.33354],[102.77888,4.33382],[102.77832,4.33382],[102.77832,4.3341],[102.77694,4.3341],[102.77694,4.33438],[102.77638,4.33438],[102.77638,4.33465],[102.77555,4.33465],[102.77555,4.33493],[102.77527,4.33493],[102.77527,4.33521],[102.77472,4.33521],[102.77472,4.33493],[102.77444,4.33493],[102.77444,4.33521],[102.77389,4.33521],[102.77389,4.33549],[102.77333,4.33548],[102.77333,4.33632],[102.77305,4.33632],[102.77305,4.33715],[102.77278,4.33715],[102.77277,4.33799],[102.7725,4.33799],[102.7725,4.3391],[102.77277,4.3391],[102.77277,4.33938],[102.7736,4.33938],[102.7736,4.33966],[102.77333,4.33966],[102.77333,4.33994],[102.7736,4.33994],[102.7736,4.34049],[102.77388,4.34049],[102.77388,4.34133],[102.77443,4.34133],[102.77443,4.34244],[102.77416,4.34244],[102.77415,4.34356],[102.7736,4.34355],[102.7736,4.34411],[102.77332,4.34411],[102.77332,4.34522],[102.7736,4.34522],[102.7736,4.3455],[102.77387,4.3455],[102.77387,4.34578],[102.77415,4.34578],[102.77415,4.34856],[102.77387,4.34856],[102.77387,4.34884],[102.77359,4.34884],[102.77359,4.34912],[102.77387,4.34912],[102.77387,4.34996],[102.77359,4.34995],[102.77359,4.35051],[102.77193,4.35051],[102.77193,4.35079],[102.77165,4.35079],[102.77165,4.35107],[102.77137,4.35107],[102.77137,4.3519],[102.77165,4.3519],[102.77165,4.35218],[102.77193,4.35218],[102.77192,4.3544],[102.7722,4.35441],[102.7722,4.35524],[102.77275,4.35524],[102.77275,4.35552],[102.77303,4.35552],[102.77303,4.35608],[102.77331,4.35608],[102.77331,4.35691],[102.77303,4.35691],[102.77303,4.35775],[102.77275,4.35775],[102.77275,4.35802],[102.7722,4.35802],[102.7722,4.3583],[102.77192,4.3583],[102.77192,4.35858],[102.77109,4.35858],[102.77109,4.35886],[102.76942,4.35885],[102.76942,4.35913],[102.76915,4.35913],[102.76914,4.36025],[102.76942,4.36025],[102.76942,4.36108],[102.76914,4.36108],[102.76914,4.36191],[102.76942,4.36192],[102.76942,4.36219],[102.76748,4.36219],[102.76748,4.36247],[102.7672,4.36247],[102.7672,4.36275],[102.76665,4.36275],[102.76665,4.36302],[102.76609,4.36302],[102.76609,4.36275],[102.76582,4.36275],[102.76581,4.3633],[102.76609,4.3633],[102.76609,4.36497],[102.76581,4.36497],[102.76581,4.36525],[102.76554,4.36525],[102.76553,4.36553],[102.76581,4.36553],[102.76581,4.3672],[102.76553,4.3672],[102.76553,4.36748],[102.76498,4.36748],[102.76498,4.36887],[102.76525,4.36887],[102.76525,4.3697],[102.76498,4.3697],[102.76498,4.36998],[102.7647,4.36998],[102.7647,4.37137],[102.76497,4.37137],[102.76497,4.37165],[102.76525,4.37165],[102.76525,4.37276],[102.76497,4.37276],[102.76497,4.37304],[102.76469,4.37304],[102.76469,4.37332],[102.76414,4.37332],[102.76414,4.37415],[102.76386,4.37415],[102.76386,4.37443],[102.76358,4.37443],[102.76358,4.37471],[102.76275,4.37471],[102.76275,4.37499],[102.76247,4.37499],[102.76247,4.37526],[102.76137,4.37526],[102.76136,4.37582],[102.76109,4.37582],[102.76109,4.3761],[102.76026,4.3761],[102.76026,4.37637],[102.75942,4.37637],[102.75942,4.37693],[102.75915,4.37693],[102.75915,4.37721],[102.75776,4.37721],[102.75776,4.37748],[102.75748,4.37748],[102.75748,4.37887],[102.7572,4.37887],[102.7572,4.37915],[102.75693,4.37915],[102.75692,4.37943],[102.75665,4.37943],[102.75665,4.37915],[102.75609,4.37915],[102.75586,4.37982],[102.75526,4.38035],[102.7541,4.38083],[102.75359,4.38147],[102.7537,4.38225],[102.754,4.38291],[102.75418,4.38335],[102.75433,4.3838],[102.75498,4.38416],[102.75498,4.38444],[102.75511,4.38494],[102.75489,4.38548],[102.75397,4.38633],[102.75324,4.38673],[102.75189,4.38723],[102.75151,4.38751],[102.75135,4.38807],[102.75139,4.3886],[102.75195,4.38905],[102.75175,4.38991],[102.75145,4.39077],[102.75086,4.39114],[102.75035,4.39117],[102.74965,4.39086],[102.74903,4.39078],[102.74872,4.39108],[102.74851,4.39169],[102.74843,4.39227],[102.7482,4.39274],[102.74743,4.39311],[102.74699,4.39365],[102.74685,4.39423],[102.74653,4.39505],[102.7455,4.39549],[102.7449,4.39552],[102.74452,4.39577],[102.7443,4.39624],[102.74432,4.39663],[102.74468,4.39707],[102.74524,4.39734],[102.74523,4.39783],[102.74501,4.39807],[102.74428,4.39809],[102.74365,4.39809],[102.74329,4.3984],[102.74311,4.39903]]]},"properties":{"FID":13,"Sector":"SG. BUAYA PUTIH","SectorID":"Sec14","source_layer":"Sector"}},{"type":"Feature","id":14,"geometry":{"type":"Polygon","coordinates":[[[102.89794,4.46736],[102.89733,4.46766],[102.89575,4.4685],[102.89414,4.46866],[102.89351,4.46877],[102.89349,4.46881],[102.89307,4.46929],[102.89233,4.46976],[102.89153,4.46974],[102.89126,4.46972],[102.89035,4.46961],[102.88941,4.46905],[102.88939,4.46901],[102.88937,4.46901],[102.88875,4.46829],[102.88861,4.46806],[102.88827,4.46748],[102.88779,4.46696],[102.88703,4.46691],[102.88604,4.46698],[102.88547,4.46692],[102.8851,4.46687],[102.88417,4.4665],[102.88415,4.4665],[102.88364,4.46598],[102.88362,4.46598],[102.88316,4.46547],[102.88314,4.46547],[102.88297,4.4654],[102.8824,4.46518],[102.88163,4.46491],[102.88089,4.46428],[102.88085,4.46426],[102.8802,4.4637],[102.88001,4.46368],[102.87933,4.46362],[102.87887,4.46431],[102.87866,4.46479],[102.87711,4.46649],[102.87688,4.46674],[102.87663,4.46695],[102.87618,4.46734],[102.87465,4.46863],[102.87465,4.46832],[102.87437,4.46832],[102.87437,4.46693],[102.8741,4.46693],[102.8741,4.46665],[102.87243,4.46665],[102.87243,4.46637],[102.87077,4.46637],[102.87077,4.46609],[102.87049,4.46609],[102.87049,4.46582],[102.87022,4.46582],[102.87022,4.46554],[102.86994,4.46554],[102.86994,4.46526],[102.86966,4.46526],[102.86966,4.46498],[102.86911,4.46498],[102.86911,4.46442],[102.86883,4.46442],[102.86883,4.46414],[102.86856,4.46414],[102.86856,4.46387],[102.86828,4.46387],[102.86828,4.46359],[102.86772,4.46359],[102.86772,4.46331],[102.86745,4.46331],[102.86745,4.46303],[102.86717,4.46303],[102.86717,4.46275],[102.86662,4.46275],[102.86662,4.46247],[102.86606,4.46247],[102.86606,4.46219],[102.86579,4.46219],[102.86579,4.46192],[102.8644,4.46191],[102.8644,4.46164],[102.86412,4.46164],[102.86412,4.46136],[102.86385,4.46136],[102.86385,4.4608],[102.86357,4.4608],[102.86357,4.46052],[102.86385,4.46052],[102.86385,4.45969],[102.86357,4.45969],[102.86357,4.45857],[102.86329,4.45857],[102.86329,4.45802],[102.86302,4.45802],[102.86302,4.45774],[102.86274,4.45774],[102.86274,4.45663],[102.86246,4.45662],[102.86247,4.45496],[102.86219,4.45496],[102.86219,4.45468],[102.86163,4.45468],[102.86163,4.4544],[102.86136,4.4544],[102.86136,4.45384],[102.86108,4.45384],[102.86108,4.45273],[102.86164,4.45273],[102.86164,4.45106],[102.86136,4.45106],[102.86136,4.45078],[102.86081,4.45078],[102.86081,4.4505],[102.86053,4.4505],[102.86053,4.45022],[102.86025,4.45022],[102.86025,4.44994],[102.85998,4.44994],[102.85998,4.44967],[102.8597,4.44967],[102.8597,4.44939],[102.85998,4.44939],[102.85998,4.44883],[102.86025,4.44883],[102.86025,4.44827],[102.86109,4.44828],[102.86109,4.448],[102.86136,4.448],[102.86137,4.44633],[102.86109,4.44633],[102.86109,4.44577],[102.86248,4.44577],[102.86248,4.44327],[102.86331,4.44327],[102.86331,4.44299],[102.86359,4.44299],[102.86359,4.44271],[102.86386,4.44271],[102.86386,4.44244],[102.86414,4.44244],[102.86414,4.44104],[102.86442,4.44104],[102.86442,4.44077],[102.86414,4.44077],[102.86414,4.44021],[102.86442,4.44021],[102.86442,4.43993],[102.86498,4.43993],[102.86498,4.43882],[102.8647,4.43882],[102.8647,4.43854],[102.86415,4.43854],[102.86415,4.43798],[102.86442,4.43798],[102.86442,4.43771],[102.86498,4.43771],[102.86498,4.43743],[102.86526,4.43743],[102.86526,4.43687],[102.86553,4.43687],[102.86553,4.43604],[102.8647,4.43604],[102.8647,4.43576],[102.86387,4.43576],[102.86387,4.43548],[102.86359,4.43548],[102.8636,4.4352],[102.86304,4.4352],[102.86304,4.43464],[102.86332,4.43464],[102.86332,4.43437],[102.86304,4.43437],[102.86304,4.43409],[102.86276,4.43409],[102.86277,4.43353],[102.86249,4.43353],[102.86249,4.43325],[102.86221,4.43325],[102.86221,4.43297],[102.86193,4.43297],[102.86193,4.43325],[102.86166,4.43325],[102.86166,4.43353],[102.86082,4.43353],[102.86083,4.43297],[102.8611,4.43297],[102.8611,4.43158],[102.86083,4.43158],[102.86083,4.4313],[102.86055,4.4313],[102.86055,4.43075],[102.86027,4.43075],[102.86027,4.43047],[102.86,4.43047],[102.86,4.43074],[102.85944,4.43074],[102.85944,4.43047],[102.85916,4.43047],[102.85916,4.43074],[102.85889,4.43074],[102.85889,4.43102],[102.85833,4.43102],[102.85833,4.4313],[102.85805,4.4313],[102.85805,4.43158],[102.85722,4.43158],[102.85722,4.43185],[102.85671,4.43185],[102.85611,4.43185],[102.85611,4.43158],[102.85556,4.43157],[102.85556,4.4313],[102.85473,4.4313],[102.85473,4.43102],[102.85362,4.43102],[102.85362,4.43074],[102.85334,4.43074],[102.85334,4.43102],[102.85306,4.43102],[102.85307,4.43074],[102.85279,4.43074],[102.85279,4.43102],[102.85168,4.43101],[102.85168,4.43074],[102.8514,4.43074],[102.8514,4.43046],[102.85112,4.43046],[102.85112,4.43018],[102.85057,4.43018],[102.85057,4.43046],[102.85029,4.43046],[102.85029,4.43073],[102.84946,4.43073],[102.84946,4.43046],[102.84891,4.43045],[102.84891,4.43018],[102.84808,4.43018],[102.84808,4.4299],[102.8478,4.4299],[102.8478,4.42962],[102.84697,4.42962],[102.84697,4.42934],[102.84724,4.42934],[102.84725,4.42878],[102.84808,4.42878],[102.84808,4.42823],[102.84835,4.42823],[102.84836,4.42767],[102.84863,4.42767],[102.84863,4.42739],[102.84919,4.42739],[102.84919,4.42712],[102.84946,4.42712],[102.84947,4.42684],[102.84974,4.42684],[102.84974,4.42656],[102.85002,4.42656],[102.85002,4.42684],[102.8503,4.42684],[102.8503,4.42712],[102.85085,4.42712],[102.85085,4.42684],[102.85196,4.42684],[102.85196,4.42656],[102.85224,4.42656],[102.85224,4.42601],[102.85252,4.42601],[102.85252,4.42517],[102.85307,4.42517],[102.85307,4.42489],[102.85335,4.42489],[102.85335,4.42406],[102.85307,4.42406],[102.85307,4.42322],[102.85335,4.42322],[102.85335,4.42295],[102.85418,4.42295],[102.85418,4.42267],[102.85446,4.42267],[102.85446,4.42239],[102.85474,4.42239],[102.85474,4.42237],[102.85474,4.42156],[102.85502,4.42156],[102.85502,4.42128],[102.85529,4.42128],[102.85529,4.421],[102.85612,4.421],[102.85612,4.42128],[102.85668,4.42128],[102.85668,4.42156],[102.85696,4.42156],[102.85696,4.42184],[102.85779,4.42184],[102.85779,4.42128],[102.85807,4.42128],[102.85807,4.42017],[102.85841,4.42017],[102.85973,4.42017],[102.85973,4.41989],[102.86056,4.41989],[102.86056,4.41878],[102.86114,4.41836],[102.86137,4.41763],[102.86154,4.41699],[102.86181,4.41557],[102.86217,4.41447],[102.86269,4.41417],[102.86324,4.41373],[102.86356,4.41339],[102.86409,4.41344],[102.8647,4.41374],[102.86567,4.41433],[102.86647,4.41463],[102.86715,4.41497],[102.86778,4.41511],[102.86826,4.41504],[102.86861,4.4146],[102.86892,4.41414],[102.86936,4.41367],[102.86995,4.41406],[102.87058,4.41468],[102.87099,4.41511],[102.87167,4.41525],[102.87253,4.41497],[102.87318,4.41467],[102.87473,4.41374],[102.87585,4.41286],[102.87701,4.41171],[102.87774,4.41076],[102.87797,4.41057],[102.87829,4.41047],[102.87893,4.41059],[102.87949,4.41105],[102.8797,4.41189],[102.87993,4.41275],[102.8805,4.41318],[102.88128,4.41352],[102.8817,4.41348],[102.88232,4.41325],[102.8831,4.41328],[102.88367,4.41349],[102.88385,4.4143],[102.88395,4.41515],[102.88423,4.41543],[102.88457,4.4155],[102.88535,4.41544],[102.88607,4.41463],[102.88644,4.41425],[102.88707,4.4138],[102.88743,4.41328],[102.88782,4.41291],[102.8882,4.41275],[102.88872,4.41271],[102.88989,4.41331],[102.89085,4.41441],[102.89128,4.41521],[102.89169,4.41542],[102.89234,4.4153],[102.89284,4.4154],[102.89364,4.41551],[102.89411,4.41534],[102.89438,4.41489],[102.89446,4.41444],[102.89488,4.414],[102.89547,4.41395],[102.89607,4.41405],[102.89688,4.41409],[102.89716,4.41409],[102.89716,4.41437],[102.89772,4.41437],[102.89772,4.41409],[102.89827,4.41409],[102.89827,4.41437],[102.89882,4.41437],[102.89882,4.41465],[102.8991,4.41465],[102.8991,4.41492],[102.89966,4.41492],[102.89965,4.4152],[102.89938,4.41583],[102.89893,4.41625],[102.89826,4.41665],[102.89787,4.41713],[102.89777,4.41758],[102.89799,4.41838],[102.89874,4.41933],[102.89934,4.42035],[102.90006,4.42065],[102.90132,4.42063],[102.90219,4.42068],[102.90266,4.42103],[102.90283,4.42155],[102.90296,4.42195],[102.90335,4.42212],[102.90397,4.42197],[102.90496,4.4213],[102.90556,4.42098],[102.90658,4.42078],[102.90658,4.42105],[102.9063,4.42105],[102.9063,4.42133],[102.90603,4.42133],[102.90602,4.42161],[102.90602,4.42272],[102.9063,4.42272],[102.9063,4.423],[102.90602,4.423],[102.90602,4.42356],[102.90575,4.42356],[102.90575,4.42383],[102.90464,4.42383],[102.90464,4.42467],[102.90436,4.42467],[102.90436,4.42606],[102.90408,4.42606],[102.90408,4.42717],[102.9038,4.42717],[102.9038,4.42745],[102.90352,4.42745],[102.90352,4.42773],[102.9038,4.42773],[102.9038,4.42829],[102.90408,4.42829],[102.90408,4.4294],[102.90463,4.4294],[102.90463,4.42968],[102.90491,4.42968],[102.90491,4.42996],[102.90518,4.42996],[102.90519,4.42968],[102.90629,4.42968],[102.90629,4.4294],[102.90685,4.4294],[102.90685,4.42912],[102.90713,4.42912],[102.90713,4.42884],[102.90824,4.42885],[102.90824,4.42857],[102.90907,4.42857],[102.90907,4.42801],[102.90879,4.42801],[102.90879,4.42746],[102.90851,4.42745],[102.90851,4.42662],[102.90879,4.42662],[102.90879,4.42634],[102.91018,4.42634],[102.91018,4.42607],[102.91046,4.42607],[102.91046,4.42579],[102.91073,4.42579],[102.91073,4.42551],[102.91101,4.42551],[102.91101,4.42523],[102.91129,4.42523],[102.91129,4.42495],[102.91157,4.42495],[102.91212,4.42495],[102.91212,4.42523],[102.9124,4.42523],[102.9124,4.42551],[102.91267,4.42551],[102.91267,4.42607],[102.91295,4.42607],[102.91295,4.42635],[102.91323,4.42635],[102.91323,4.42662],[102.9135,4.42663],[102.9135,4.4269],[102.91406,4.4269],[102.91406,4.42718],[102.91434,4.42718],[102.91434,4.42746],[102.91461,4.42746],[102.91461,4.42774],[102.91517,4.42774],[102.91517,4.42802],[102.91572,4.42802],[102.91572,4.4283],[102.916,4.4283],[102.916,4.42858],[102.91628,4.42858],[102.91628,4.42885],[102.91655,4.42885],[102.91655,4.42913],[102.91683,4.42913],[102.91683,4.42941],[102.91711,4.42941],[102.91711,4.42969],[102.91738,4.42969],[102.91738,4.42997],[102.91794,4.42997],[102.91794,4.43052],[102.91849,4.43053],[102.91849,4.4308],[102.91905,4.4308],[102.91904,4.43164],[102.91932,4.43164],[102.91932,4.43247],[102.91904,4.43247],[102.91904,4.43275],[102.91877,4.43275],[102.91877,4.43319],[102.91877,4.43386],[102.91932,4.43387],[102.91932,4.43442],[102.9196,4.43442],[102.91959,4.43637],[102.92015,4.43637],[102.92015,4.43665],[102.92043,4.43665],[102.92043,4.43748],[102.92015,4.43748],[102.92015,4.43776],[102.91932,4.43776],[102.91932,4.43832],[102.91904,4.43832],[102.91904,4.4386],[102.91932,4.4386],[102.91931,4.43887],[102.91904,4.43887],[102.91904,4.43915],[102.91876,4.43915],[102.91876,4.44054],[102.91848,4.44054],[102.91848,4.44082],[102.9182,4.44082],[102.9182,4.44138],[102.91848,4.44138],[102.91848,4.44221],[102.91793,4.44221],[102.91793,4.44249],[102.91737,4.44249],[102.91737,4.44444],[102.91765,4.44444],[102.91765,4.44472],[102.91848,4.44472],[102.91848,4.44499],[102.9182,4.44499],[102.9182,4.44666],[102.91875,4.44666],[102.91875,4.44722],[102.91931,4.44722],[102.91931,4.44694],[102.92069,4.44694],[102.92069,4.4475],[102.92125,4.4475],[102.92125,4.44778],[102.92152,4.44778],[102.92152,4.44806],[102.9218,4.44806],[102.9218,4.44945],[102.92319,4.44945],[102.92319,4.44973],[102.92402,4.44973],[102.92402,4.44945],[102.92457,4.44945],[102.92457,4.44917],[102.92568,4.44918],[102.92568,4.44945],[102.92596,4.44945],[102.92596,4.44973],[102.92624,4.44973],[102.92624,4.45001],[102.92707,4.45001],[102.92707,4.45112],[102.9279,4.45113],[102.9279,4.4514],[102.92817,4.4514],[102.92817,4.45168],[102.92928,4.45168],[102.92928,4.4514],[102.9315,4.45141],[102.9315,4.45113],[102.93178,4.45113],[102.93178,4.45085],[102.93261,4.45085],[102.93261,4.45057],[102.93317,4.45057],[102.93317,4.45085],[102.93344,4.45085],[102.93344,4.45113],[102.93372,4.45113],[102.93372,4.45141],[102.934,4.45141],[102.934,4.45169],[102.93455,4.45169],[102.93455,4.45224],[102.9351,4.45224],[102.93566,4.45225],[102.93566,4.45169],[102.93594,4.45169],[102.93594,4.45141],[102.93677,4.45141],[102.93677,4.45113],[102.93705,4.45113],[102.93705,4.45086],[102.93982,4.45086],[102.93982,4.45058],[102.94204,4.45058],[102.94204,4.4503],[102.94231,4.4503],[102.94231,4.45003],[102.94259,4.45003],[102.94259,4.4503],[102.94453,4.45031],[102.94453,4.45003],[102.94481,4.45003],[102.94481,4.44975],[102.94509,4.44975],[102.94509,4.45058],[102.94484,4.45057],[102.94433,4.45069],[102.94404,4.45082],[102.94376,4.4512],[102.9437,4.45126],[102.9436,4.4514],[102.94339,4.4517],[102.94336,4.45176],[102.9433,4.45184],[102.94309,4.45216],[102.9429,4.45245],[102.94274,4.453],[102.94293,4.45341],[102.94295,4.45341],[102.94314,4.45356],[102.94373,4.45398],[102.94375,4.454],[102.94379,4.45411],[102.94393,4.4545],[102.94188,4.4558],[102.93904,4.45775],[102.93644,4.45974],[102.93597,4.4601],[102.93558,4.46064],[102.93551,4.46138],[102.9353,4.46213],[102.93518,4.46255],[102.93493,4.46278],[102.93447,4.4631],[102.93425,4.46362],[102.93419,4.46423],[102.93411,4.46458],[102.93367,4.46479],[102.93325,4.46504],[102.93272,4.46536],[102.93226,4.46586],[102.93213,4.46632],[102.93197,4.46668],[102.93157,4.46708],[102.93119,4.46754],[102.93075,4.46796],[102.9301,4.46808],[102.92949,4.46789],[102.92921,4.46764],[102.92877,4.46758],[102.92806,4.46787],[102.92728,4.46786],[102.92669,4.46765],[102.92596,4.46763],[102.92509,4.46792],[102.92421,4.46803],[102.92354,4.46788],[102.92299,4.46757],[102.92242,4.46723],[102.92234,4.46719],[102.92154,4.46705],[102.92072,4.46713],[102.92028,4.46715],[102.91952,4.4673],[102.91923,4.46734],[102.91829,4.46722],[102.91774,4.46682],[102.91769,4.46621],[102.91765,4.46619],[102.91709,4.46567],[102.91641,4.46525],[102.91607,4.46504],[102.91572,4.46473],[102.91526,4.46435],[102.91492,4.46402],[102.91464,4.46385],[102.91454,4.46395],[102.91456,4.46456],[102.91475,4.46523],[102.91463,4.46582],[102.91437,4.46622],[102.91416,4.46682],[102.91408,4.46747],[102.91366,4.46783],[102.9129,4.46783],[102.91196,4.46764],[102.91145,4.46791],[102.91055,4.46838],[102.90961,4.46815],[102.90895,4.46773],[102.90851,4.46767],[102.90847,4.46767],[102.90794,4.46792],[102.90708,4.46817],[102.90612,4.468],[102.90528,4.46784],[102.90422,4.46773],[102.90336,4.46782],[102.90313,4.46784],[102.90288,4.46786],[102.90242,4.46782],[102.90195,4.46797],[102.90151,4.46815],[102.90114,4.46809],[102.90113,4.46805],[102.90067,4.46751],[102.90052,4.46698],[102.90038,4.46652],[102.90029,4.46625],[102.90012,4.46606],[102.89979,4.46627],[102.89943,4.46652],[102.89893,4.46684],[102.89794,4.46736]]]},"properties":{"FID":14,"Sector":"SG. KERAWAT","SectorID":"Sec15","source_layer":"Sector"}},{"type":"Feature","id":15,"geometry":{"type":"Polygon","coordinates":[[[102.78817,4.44341],[102.78683,4.44464],[102.78613,4.44563],[102.78586,4.44653],[102.7856,4.44741],[102.78498,4.44816],[102.78434,4.44864],[102.78392,4.44874],[102.78337,4.44875],[102.78284,4.44855],[102.78186,4.44796],[102.7818,4.44792],[102.78152,4.44775],[102.77994,4.44728],[102.77871,4.44718],[102.77761,4.4471],[102.77679,4.44644],[102.77624,4.44535],[102.77563,4.44366],[102.77428,4.44133],[102.7728,4.43997],[102.77139,4.43964],[102.77016,4.43996],[102.76861,4.44065],[102.76712,4.44073],[102.76497,4.44043],[102.76385,4.44053],[102.76353,4.44099],[102.76352,4.44157],[102.76373,4.44218],[102.76402,4.44307],[102.76387,4.44361],[102.76346,4.44371],[102.76263,4.44371],[102.76165,4.4429],[102.76128,4.4418],[102.76003,4.4406],[102.75812,4.43991],[102.75514,4.4387],[102.75342,4.43827],[102.75216,4.43837],[102.75057,4.43877],[102.74895,4.44001],[102.74821,4.44034],[102.74741,4.44032],[102.74652,4.44002],[102.74586,4.43927],[102.74523,4.43852],[102.74434,4.4383],[102.74346,4.43852],[102.74313,4.43898],[102.74326,4.43967],[102.74374,4.44048],[102.74395,4.44161],[102.74352,4.44216],[102.74292,4.44234],[102.74181,4.44169],[102.74064,4.43991],[102.73937,4.43853],[102.7382,4.43812],[102.73689,4.4387],[102.73689,4.4387],[102.73689,4.43923],[102.73662,4.43923],[102.73662,4.43951],[102.73634,4.43951],[102.73634,4.43923],[102.73606,4.43923],[102.73547,4.43886],[102.73542,4.43847],[102.73558,4.4382],[102.73569,4.43798],[102.73574,4.4377],[102.73572,4.4375],[102.73558,4.43729],[102.7354,4.4368],[102.73545,4.43636],[102.73554,4.43612],[102.73575,4.43576],[102.73553,4.43521],[102.73509,4.43477],[102.73453,4.434],[102.73384,4.43351],[102.73321,4.43332],[102.73257,4.43337],[102.73215,4.43345],[102.73187,4.43337],[102.73179,4.43286],[102.73182,4.43237],[102.73231,4.43156],[102.73248,4.43104],[102.73297,4.4306],[102.73324,4.43048],[102.73365,4.4304],[102.73396,4.43017],[102.73417,4.42984],[102.7342,4.42937],[102.73398,4.42907],[102.73361,4.42886],[102.73301,4.42869],[102.73236,4.42871],[102.73203,4.4286],[102.73181,4.42836],[102.73169,4.428],[102.73176,4.4274],[102.73162,4.42677],[102.73136,4.42649],[102.73097,4.42623],[102.72916,4.4259],[102.72873,4.42572],[102.72846,4.42542],[102.72836,4.42484],[102.72842,4.42436],[102.7288,4.42378],[102.72896,4.42331],[102.72832,4.42253],[102.72832,4.42225],[102.72832,4.42197],[102.7286,4.42197],[102.7286,4.42169],[102.72888,4.42169],[102.72888,4.42058],[102.72943,4.42058],[102.73041,4.42176],[102.73191,4.42239],[102.73328,4.42283],[102.7347,4.42283],[102.73584,4.42239],[102.73615,4.4213],[102.73609,4.41894],[102.73574,4.41828],[102.73525,4.41801],[102.73421,4.41784],[102.73331,4.41795],[102.73225,4.41776],[102.73206,4.41699],[102.73249,4.41598],[102.73288,4.41565],[102.7335,4.41581],[102.73462,4.41631],[102.73672,4.41675],[102.73754,4.41692],[102.73795,4.41686],[102.73814,4.41648],[102.73771,4.41297],[102.7376,4.41198],[102.73703,4.41193],[102.73668,4.4122],[102.73618,4.41316],[102.73564,4.41395],[102.7352,4.4139],[102.73487,4.41346],[102.73408,4.41225],[102.73384,4.41138],[102.73387,4.41064],[102.73452,4.40916],[102.73469,4.40831],[102.73461,4.40781],[102.73362,4.40746],[102.7328,4.4071],[102.73272,4.40669],[102.73302,4.4062],[102.73357,4.40603],[102.73469,4.40598],[102.73507,4.40581],[102.73535,4.40535],[102.73496,4.40455],[102.73434,4.40357],[102.73374,4.40307],[102.73363,4.40272],[102.73379,4.40222],[102.73415,4.40206],[102.73472,4.40247],[102.73494,4.40294],[102.73538,4.40294],[102.73557,4.40264],[102.7356,4.40198],[102.73598,4.40066],[102.73642,4.40044],[102.73694,4.40034],[102.73745,4.40053],[102.73784,4.40124],[102.73833,4.40173],[102.73876,4.4016],[102.73945,4.40028],[102.73971,4.40028],[102.73971,4.4],[102.73999,4.4],[102.74032,4.39955],[102.74126,4.39893],[102.74159,4.39888],[102.74183,4.39894],[102.74205,4.39932],[102.74214,4.40001],[102.74246,4.40028],[102.74291,4.40038],[102.74332,4.4],[102.74322,4.39948],[102.74311,4.39903],[102.74329,4.3984],[102.74365,4.39809],[102.74428,4.39809],[102.74501,4.39807],[102.74523,4.39783],[102.74524,4.39734],[102.74468,4.39707],[102.74432,4.39663],[102.7443,4.39624],[102.74452,4.39577],[102.7449,4.39552],[102.7455,4.39549],[102.74653,4.39505],[102.74685,4.39423],[102.74699,4.39365],[102.74743,4.39311],[102.7482,4.39274],[102.74843,4.39227],[102.74851,4.39169],[102.74872,4.39108],[102.74903,4.39078],[102.74965,4.39086],[102.75035,4.39117],[102.75086,4.39114],[102.75145,4.39077],[102.75175,4.38991],[102.75195,4.38905],[102.75139,4.3886],[102.75135,4.38807],[102.75151,4.38751],[102.75189,4.38723],[102.75324,4.38673],[102.75397,4.38633],[102.75489,4.38548],[102.75511,4.38494],[102.75498,4.38444],[102.75498,4.38416],[102.75433,4.3838],[102.75418,4.38335],[102.754,4.38291],[102.7537,4.38225],[102.75359,4.38147],[102.7541,4.38083],[102.75526,4.38035],[102.75586,4.37982],[102.75609,4.37915],[102.75665,4.37915],[102.75665,4.37943],[102.75692,4.37943],[102.75693,4.37915],[102.7572,4.37915],[102.7572,4.37887],[102.75748,4.37887],[102.75748,4.37748],[102.75776,4.37748],[102.75776,4.37721],[102.75915,4.37721],[102.75915,4.37693],[102.75942,4.37693],[102.75942,4.37637],[102.76026,4.37637],[102.76026,4.3761],[102.76109,4.3761],[102.76109,4.37582],[102.76136,4.37582],[102.76137,4.37526],[102.76247,4.37526],[102.76247,4.37499],[102.76275,4.37499],[102.76275,4.37471],[102.76358,4.37471],[102.76358,4.37443],[102.76386,4.37443],[102.76386,4.37415],[102.76414,4.37415],[102.76414,4.37332],[102.76469,4.37332],[102.76469,4.37304],[102.76497,4.37304],[102.76497,4.37276],[102.76525,4.37276],[102.76525,4.37165],[102.76497,4.37165],[102.76497,4.37137],[102.7647,4.37137],[102.7647,4.36998],[102.76498,4.36998],[102.76498,4.3697],[102.76525,4.3697],[102.76525,4.36887],[102.76498,4.36887],[102.76498,4.36748],[102.76553,4.36748],[102.76553,4.3672],[102.76581,4.3672],[102.76581,4.36553],[102.76553,4.36553],[102.76554,4.36525],[102.76581,4.36525],[102.76581,4.36497],[102.76609,4.36497],[102.76609,4.3633],[102.76581,4.3633],[102.76582,4.36275],[102.76609,4.36275],[102.76609,4.36302],[102.76665,4.36302],[102.76665,4.36275],[102.7672,4.36275],[102.7672,4.36247],[102.76748,4.36247],[102.76748,4.36219],[102.76942,4.36219],[102.76942,4.36192],[102.76914,4.36191],[102.76914,4.36108],[102.76942,4.36108],[102.76942,4.36025],[102.76914,4.36025],[102.76915,4.35913],[102.76942,4.35913],[102.76942,4.35885],[102.77109,4.35886],[102.77109,4.35858],[102.77192,4.35858],[102.77192,4.3583],[102.7722,4.3583],[102.7722,4.35802],[102.77275,4.35802],[102.77275,4.35775],[102.77303,4.35775],[102.77303,4.35691],[102.77331,4.35691],[102.77331,4.35608],[102.77303,4.35608],[102.77303,4.35552],[102.77275,4.35552],[102.77275,4.35524],[102.7722,4.35524],[102.7722,4.35441],[102.77192,4.3544],[102.77193,4.35218],[102.77165,4.35218],[102.77165,4.3519],[102.77137,4.3519],[102.77137,4.35107],[102.77165,4.35107],[102.77165,4.35079],[102.77193,4.35079],[102.77193,4.35051],[102.77359,4.35051],[102.77359,4.34995],[102.77387,4.34996],[102.77387,4.34912],[102.77359,4.34912],[102.77359,4.34884],[102.77387,4.34884],[102.77387,4.34856],[102.77415,4.34856],[102.77415,4.34578],[102.77387,4.34578],[102.77387,4.3455],[102.7736,4.3455],[102.7736,4.34522],[102.77332,4.34522],[102.77332,4.34411],[102.7736,4.34411],[102.7736,4.34355],[102.77415,4.34356],[102.77416,4.34244],[102.77443,4.34244],[102.77443,4.34133],[102.77388,4.34133],[102.77388,4.34049],[102.7736,4.34049],[102.7736,4.33994],[102.77333,4.33994],[102.77333,4.33966],[102.7736,4.33966],[102.7736,4.33938],[102.77277,4.33938],[102.77277,4.3391],[102.7725,4.3391],[102.7725,4.33799],[102.77277,4.33799],[102.77278,4.33715],[102.77305,4.33715],[102.77305,4.33632],[102.77333,4.33632],[102.77333,4.33548],[102.77389,4.33549],[102.77389,4.33521],[102.77444,4.33521],[102.77444,4.33493],[102.77472,4.33493],[102.77472,4.33521],[102.77527,4.33521],[102.77527,4.33493],[102.77555,4.33493],[102.77555,4.33465],[102.77638,4.33465],[102.77638,4.33438],[102.77694,4.33438],[102.77694,4.3341],[102.77832,4.3341],[102.77832,4.33382],[102.77888,4.33382],[102.77888,4.33354],[102.77943,4.33354],[102.77943,4.33299],[102.77999,4.33299],[102.77999,4.33271],[102.78026,4.33271],[102.78027,4.33215],[102.78054,4.33215],[102.78054,4.33132],[102.78082,4.33132],[102.78082,4.33048],[102.7811,4.33049],[102.7811,4.32993],[102.78138,4.32993],[102.78138,4.32882],[102.78166,4.32882],[102.78166,4.32798],[102.78193,4.32798],[102.78193,4.32715],[102.78387,4.32715],[102.78388,4.32687],[102.78443,4.32687],[102.78443,4.32659],[102.78498,4.32659],[102.78498,4.32632],[102.78582,4.32632],[102.78582,4.32659],[102.78637,4.3266],[102.78637,4.32604],[102.78609,4.32604],[102.78609,4.32576],[102.78637,4.32576],[102.78637,4.32548],[102.78748,4.32548],[102.78748,4.32521],[102.78776,4.32521],[102.78776,4.32493],[102.78804,4.32493],[102.78804,4.32465],[102.78859,4.32465],[102.78859,4.32437],[102.78887,4.32437],[102.78887,4.32409],[102.78915,4.32409],[102.78915,4.32382],[102.78942,4.32382],[102.78942,4.32326],[102.7897,4.32326],[102.7897,4.3227],[102.78998,4.3227],[102.78998,4.32243],[102.79026,4.32243],[102.79026,4.32215],[102.79053,4.32215],[102.79053,4.32131],[102.79164,4.32131],[102.79164,4.32159],[102.7922,4.32159],[102.7922,4.32215],[102.79331,4.32215],[102.7933,4.32271],[102.79386,4.32271],[102.79386,4.32299],[102.79414,4.32299],[102.79414,4.32327],[102.79497,4.32327],[102.79497,4.3241],[102.79663,4.3241],[102.79663,4.32382],[102.79718,4.32383],[102.79718,4.32355],[102.79774,4.32355],[102.79774,4.32327],[102.79802,4.32327],[102.79802,4.32299],[102.79857,4.32299],[102.79857,4.32271],[102.7994,4.32271],[102.7994,4.32299],[102.80107,4.32299],[102.80107,4.32327],[102.80134,4.32327],[102.80134,4.32355],[102.80217,4.32355],[102.80217,4.32272],[102.80328,4.32272],[102.80328,4.32328],[102.80439,4.32328],[102.80439,4.32356],[102.80467,4.32356],[102.80467,4.32383],[102.80495,4.32383],[102.80495,4.32411],[102.80522,4.32411],[102.80522,4.32439],[102.80605,4.32439],[102.80605,4.32495],[102.80633,4.32495],[102.80633,4.32523],[102.80661,4.32523],[102.80661,4.32551],[102.80688,4.32551],[102.80688,4.32578],[102.80744,4.32578],[102.80744,4.32606],[102.80799,4.32606],[102.80799,4.32634],[102.80938,4.32634],[102.80938,4.32607],[102.80966,4.32607],[102.80966,4.32523],[102.80993,4.32523],[102.80993,4.32495],[102.81049,4.32495],[102.81049,4.32468],[102.81132,4.32468],[102.81132,4.3244],[102.81187,4.3244],[102.81188,4.32412],[102.81271,4.32412],[102.81271,4.32384],[102.81354,4.32384],[102.81354,4.32357],[102.81409,4.32357],[102.81409,4.32384],[102.81465,4.32385],[102.81465,4.32412],[102.81492,4.32412],[102.81492,4.32385],[102.81576,4.32385],[102.81576,4.32412],[102.81631,4.32413],[102.81631,4.32468],[102.81659,4.32468],[102.81659,4.32579],[102.81686,4.3258],[102.81686,4.32635],[102.81714,4.32635],[102.81714,4.32663],[102.81742,4.32663],[102.81741,4.32802],[102.81769,4.32802],[102.81769,4.32886],[102.81741,4.32886],[102.81741,4.33025],[102.81797,4.33025],[102.81797,4.33053],[102.81824,4.33053],[102.81824,4.33081],[102.81935,4.33081],[102.81935,4.33109],[102.81963,4.33109],[102.81963,4.33136],[102.81991,4.33136],[102.81991,4.33164],[102.82018,4.33164],[102.82018,4.33192],[102.82101,4.33192],[102.82101,4.3322],[102.82129,4.3322],[102.82129,4.33303],[102.82101,4.33303],[102.82101,4.33526],[102.82073,4.33526],[102.82073,4.3361],[102.8224,4.3361],[102.8224,4.33582],[102.82323,4.33582],[102.82323,4.3361],[102.82378,4.3361],[102.82378,4.33638],[102.82434,4.33638],[102.82434,4.33666],[102.82489,4.33666],[102.82489,4.33693],[102.82517,4.33693],[102.82517,4.33721],[102.826,4.33721],[102.826,4.33694],[102.82766,4.33694],[102.82766,4.33722],[102.82905,4.33722],[102.82905,4.3375],[102.82932,4.3375],[102.82932,4.33805],[102.82988,4.33805],[102.82988,4.33889],[102.8296,4.33889],[102.8296,4.33944],[102.82988,4.33944],[102.82987,4.34084],[102.83015,4.34084],[102.83015,4.34111],[102.82987,4.34111],[102.82987,4.34167],[102.8296,4.34167],[102.8296,4.34195],[102.82987,4.34195],[102.82987,4.34223],[102.83015,4.34223],[102.83015,4.34362],[102.82987,4.34362],[102.82987,4.34445],[102.82959,4.34445],[102.82959,4.3464],[102.82987,4.3464],[102.82987,4.34696],[102.82959,4.34696],[102.82959,4.34751],[102.82931,4.34751],[102.82931,4.34807],[102.82904,4.34807],[102.82903,4.34946],[102.82876,4.34946],[102.82876,4.34974],[102.83014,4.34974],[102.83014,4.34946],[102.83042,4.34946],[102.83042,4.34918],[102.8307,4.34918],[102.8307,4.34946],[102.83125,4.34946],[102.83125,4.34918],[102.83208,4.34919],[102.83208,4.34974],[102.83236,4.34974],[102.83236,4.34946],[102.83291,4.34947],[102.83291,4.34919],[102.83375,4.34919],[102.83375,4.34947],[102.83402,4.34947],[102.83402,4.35002],[102.83541,4.35002],[102.83541,4.3503],[102.83596,4.3503],[102.83596,4.35058],[102.83652,4.35058],[102.83652,4.35086],[102.83707,4.35086],[102.83707,4.35114],[102.83763,4.35114],[102.83763,4.35142],[102.83901,4.35142],[102.83901,4.3517],[102.83957,4.3517],[102.83956,4.35225],[102.84067,4.35226],[102.84067,4.35281],[102.84123,4.35281],[102.84123,4.35337],[102.8415,4.35337],[102.8415,4.35365],[102.84178,4.35365],[102.84178,4.35393],[102.84233,4.35393],[102.84233,4.35421],[102.84261,4.35421],[102.84261,4.35476],[102.84233,4.35476],[102.84233,4.35504],[102.84261,4.35504],[102.84261,4.35727],[102.84289,4.35727],[102.84289,4.35782],[102.84316,4.35782],[102.84316,4.3581],[102.84344,4.3581],[102.84344,4.35866],[102.84372,4.35866],[102.84372,4.35894],[102.84399,4.35894],[102.84399,4.36061],[102.84427,4.36061],[102.84427,4.36144],[102.84454,4.36144],[102.84454,4.36339],[102.84482,4.36339],[102.84482,4.36395],[102.84537,4.36395],[102.84537,4.36423],[102.84565,4.36423],[102.84565,4.3645],[102.84537,4.3645],[102.84537,4.36478],[102.84565,4.36478],[102.84565,4.36534],[102.8462,4.36534],[102.8462,4.36562],[102.84648,4.36562],[102.84648,4.3659],[102.8462,4.3659],[102.8462,4.36617],[102.84537,4.36617],[102.84537,4.3659],[102.84509,4.3659],[102.84509,4.36617],[102.84426,4.36617],[102.84426,4.36589],[102.84371,4.36589],[102.84371,4.36562],[102.84288,4.36561],[102.84288,4.36589],[102.8426,4.36589],[102.8426,4.36617],[102.84232,4.36617],[102.84232,4.36645],[102.84149,4.36645],[102.84149,4.36728],[102.84121,4.36728],[102.84121,4.36784],[102.84093,4.36784],[102.84093,4.36812],[102.84038,4.36812],[102.84038,4.36839],[102.8401,4.36839],[102.8401,4.36812],[102.83872,4.36811],[102.83872,4.36839],[102.83844,4.36839],[102.83844,4.36867],[102.83816,4.36867],[102.83816,4.36951],[102.83788,4.36951],[102.83788,4.36978],[102.83733,4.36978],[102.83733,4.37006],[102.83705,4.37006],[102.83705,4.36978],[102.83677,4.36978],[102.83677,4.37006],[102.8365,4.37006],[102.8365,4.36978],[102.83594,4.36978],[102.83594,4.37006],[102.83539,4.37006],[102.83539,4.37089],[102.83511,4.37089],[102.83511,4.37145],[102.83483,4.37145],[102.83483,4.37228],[102.83455,4.37228],[102.83455,4.37256],[102.83428,4.37256],[102.83428,4.37284],[102.834,4.37284],[102.834,4.37395],[102.83372,4.37395],[102.83372,4.37451],[102.83344,4.37451],[102.83344,4.37534],[102.83372,4.37534],[102.83372,4.3759],[102.83344,4.3759],[102.83344,4.37618],[102.83316,4.37618],[102.83316,4.37673],[102.83233,4.37673],[102.83233,4.37701],[102.83178,4.37701],[102.83178,4.37729],[102.8315,4.37729],[102.8315,4.37785],[102.83039,4.37784],[102.83039,4.3784],[102.83011,4.3784],[102.83011,4.37868],[102.82983,4.37868],[102.82983,4.37924],[102.82956,4.37923],[102.82956,4.37951],[102.82928,4.37951],[102.82928,4.38063],[102.829,4.38063],[102.829,4.3809],[102.82872,4.3809],[102.82872,4.38118],[102.82844,4.38118],[102.82844,4.38202],[102.829,4.38202],[102.829,4.3823],[102.82928,4.3823],[102.82927,4.38285],[102.82955,4.38285],[102.82955,4.38397],[102.83011,4.38397],[102.8301,4.38452],[102.83038,4.38452],[102.83038,4.38508],[102.83094,4.38508],[102.83094,4.38564],[102.83066,4.38564],[102.83066,4.38619],[102.83038,4.38619],[102.83038,4.38647],[102.82983,4.38647],[102.82982,4.38786],[102.82955,4.38786],[102.82955,4.38842],[102.82982,4.38842],[102.82982,4.38981],[102.82954,4.38981],[102.82954,4.39064],[102.82927,4.39064],[102.82927,4.39092],[102.82954,4.39092],[102.82954,4.3912],[102.8301,4.3912],[102.8301,4.39231],[102.83037,4.39231],[102.83037,4.39287],[102.83093,4.39287],[102.83093,4.39343],[102.8312,4.39343],[102.8312,4.39426],[102.83176,4.39426],[102.83176,4.3951],[102.83176,4.39538],[102.8312,4.39538],[102.8312,4.39565],[102.83037,4.39565],[102.83037,4.39593],[102.83009,4.39593],[102.83009,4.39621],[102.82954,4.39621],[102.82954,4.39732],[102.82926,4.39732],[102.82926,4.3976],[102.8287,4.3976],[102.8287,4.39788],[102.82843,4.39788],[102.82843,4.39816],[102.82815,4.39815],[102.82815,4.3976],[102.8276,4.3976],[102.8276,4.39704],[102.82704,4.39704],[102.82704,4.39676],[102.82649,4.39676],[102.82649,4.39648],[102.82621,4.39648],[102.82621,4.39676],[102.82593,4.39676],[102.82593,4.39704],[102.82566,4.39704],[102.82566,4.39732],[102.82455,4.39732],[102.82455,4.39704],[102.82427,4.39704],[102.82427,4.39732],[102.82316,4.39731],[102.82316,4.39759],[102.82233,4.39759],[102.82233,4.39787],[102.82205,4.39787],[102.82205,4.39815],[102.8215,4.39815],[102.8215,4.39843],[102.82122,4.39843],[102.82122,4.3987],[102.82094,4.3987],[102.82094,4.39926],[102.819,4.39926],[102.819,4.39954],[102.81928,4.39954],[102.81928,4.39981],[102.819,4.39981],[102.819,4.40009],[102.81872,4.40009],[102.81872,4.40093],[102.81844,4.40093],[102.81844,4.40232],[102.81761,4.40232],[102.81761,4.4026],[102.81678,4.40259],[102.81678,4.40287],[102.81567,4.40287],[102.81567,4.40343],[102.81539,4.40343],[102.81539,4.40371],[102.81511,4.40371],[102.81511,4.40343],[102.81484,4.40343],[102.81484,4.40315],[102.81428,4.40315],[102.81428,4.4037],[102.814,4.4037],[102.814,4.40398],[102.81373,4.40398],[102.81373,4.40426],[102.8129,4.40426],[102.8129,4.40454],[102.81262,4.40454],[102.81262,4.40509],[102.81234,4.40509],[102.81234,4.40537],[102.81206,4.40537],[102.81206,4.40676],[102.81178,4.40676],[102.81178,4.40704],[102.81151,4.40704],[102.81151,4.40732],[102.81095,4.40732],[102.81095,4.4076],[102.81067,4.4076],[102.81067,4.40815],[102.8104,4.40815],[102.8104,4.40899],[102.81012,4.40899],[102.81012,4.40927],[102.80984,4.40927],[102.80984,4.40982],[102.81012,4.40982],[102.81012,4.41038],[102.80984,4.41038],[102.80984,4.41093],[102.81012,4.41093],[102.81012,4.41121],[102.81039,4.41121],[102.81039,4.41149],[102.81067,4.41149],[102.81067,4.41177],[102.81095,4.41177],[102.81094,4.41372],[102.81011,4.41372],[102.81011,4.41539],[102.80983,4.41539],[102.80983,4.41594],[102.80956,4.41594],[102.80956,4.4165],[102.80928,4.4165],[102.80928,4.41706],[102.80955,4.41706],[102.80955,4.41733],[102.81011,4.41733],[102.81011,4.41873],[102.80983,4.41873],[102.80983,4.42012],[102.80955,4.42012],[102.80955,4.42067],[102.80927,4.42067],[102.80927,4.42095],[102.809,4.42095],[102.80899,4.42179],[102.80927,4.42179],[102.80927,4.42234],[102.80899,4.42234],[102.80899,4.4229],[102.80761,4.4229],[102.80761,4.42318],[102.80733,4.42318],[102.80733,4.42345],[102.80761,4.42345],[102.80761,4.42373],[102.80788,4.42373],[102.80788,4.42457],[102.80761,4.42457],[102.8076,4.4254],[102.80733,4.4254],[102.80733,4.42596],[102.80705,4.42596],[102.80705,4.42651],[102.80733,4.42651],[102.80733,4.42679],[102.8076,4.42679],[102.8076,4.42707],[102.80713,4.4279],[102.80676,4.4286],[102.80657,4.42916],[102.80653,4.42953],[102.80659,4.4299],[102.80671,4.43024],[102.80698,4.43042],[102.80757,4.43056],[102.80796,4.43069],[102.80812,4.43095],[102.80816,4.4314],[102.80807,4.43187],[102.80779,4.43214],[102.80704,4.4329],[102.80648,4.43334],[102.80616,4.43354],[102.80569,4.43354],[102.80507,4.4336],[102.80459,4.43373],[102.80409,4.43395],[102.80366,4.43426],[102.80323,4.43474],[102.80281,4.43526],[102.80247,4.4358],[102.80229,4.43639],[102.80228,4.43693],[102.80238,4.43753],[102.80254,4.43851],[102.80276,4.43913],[102.80341,4.44007],[102.80389,4.44116],[102.804,4.44149],[102.80397,4.44168],[102.8037,4.44203],[102.80353,4.44244],[102.8034,4.4433],[102.80315,4.44462],[102.80308,4.44532],[102.8031,4.44583],[102.80289,4.44629],[102.80277,4.44654],[102.80239,4.4471],[102.80157,4.44749],[102.80009,4.44743],[102.79812,4.44651],[102.79629,4.44533],[102.79578,4.44257],[102.79586,4.43978],[102.79573,4.43901],[102.79536,4.43861],[102.79471,4.43861],[102.79405,4.43894],[102.79372,4.43932],[102.79364,4.43996],[102.79348,4.44092],[102.79249,4.44288],[102.79166,4.44363],[102.79111,4.44374],[102.79064,4.44349],[102.78987,4.44306],[102.78912,4.44303],[102.78817,4.44341]]]},"properties":{"FID":15,"Sector":"SG. NERIAP","SectorID":"Sec16","source_layer":"Sector"}},{"type":"Feature","id":16,"geometry":{"type":"Polygon","coordinates":[[[102.73161,4.53456],[102.73093,4.53469],[102.72969,4.53406],[102.72856,4.53366],[102.72819,4.53378],[102.72758,4.53398],[102.726,4.53317],[102.7249,4.53375],[102.72461,4.53423],[102.72304,4.53378],[102.72205,4.53314],[102.72099,4.5322],[102.71959,4.53116],[102.71972,4.5306],[102.72035,4.53065],[102.72123,4.53017],[102.72231,4.52905],[102.72325,4.52758],[102.72313,4.52646],[102.72242,4.52607],[102.72073,4.52624],[102.7203,4.52643],[102.71982,4.5263],[102.71978,4.52518],[102.71983,4.52346],[102.71917,4.52205],[102.7178,4.5211],[102.7164,4.52004],[102.71516,4.51914],[102.71539,4.51836],[102.71579,4.51691],[102.71478,4.51575],[102.71451,4.51451],[102.71492,4.51335],[102.71521,4.51184],[102.71458,4.51137],[102.71326,4.51082],[102.71277,4.51],[102.71273,4.50913],[102.713,4.50779],[102.71261,4.50737],[102.71106,4.50693],[102.71065,4.5064],[102.71018,4.50642],[102.7089,4.50537],[102.70831,4.50429],[102.70948,4.5032],[102.71004,4.50216],[102.70986,4.50145],[102.7086,4.50059],[102.70726,4.50081],[102.70568,4.501],[102.70478,4.50075],[102.70484,4.50028],[102.70538,4.49875],[102.7053,4.49792],[102.70512,4.49708],[102.70483,4.49547],[102.70435,4.49376],[102.70342,4.49314],[102.70269,4.49282],[102.70282,4.49181],[102.70284,4.4915],[102.70384,4.49151],[102.70384,4.49178],[102.70495,4.49179],[102.70495,4.49151],[102.70633,4.49151],[102.70633,4.49179],[102.70744,4.49179],[102.70744,4.49207],[102.70772,4.49207],[102.70772,4.49235],[102.708,4.49235],[102.708,4.4929],[102.70772,4.4929],[102.70772,4.49318],[102.708,4.49318],[102.708,4.49346],[102.70827,4.49346],[102.70827,4.49457],[102.70993,4.49457],[102.70993,4.4943],[102.71021,4.4943],[102.71021,4.49402],[102.71077,4.49402],[102.71077,4.49346],[102.71105,4.49346],[102.71105,4.49318],[102.7116,4.49318],[102.7116,4.49291],[102.71215,4.49291],[102.71216,4.49235],[102.71326,4.49235],[102.71326,4.49263],[102.71465,4.49263],[102.71465,4.49291],[102.71493,4.49291],[102.71493,4.49319],[102.71604,4.49319],[102.71604,4.49347],[102.71631,4.49347],[102.71631,4.49319],[102.71715,4.49319],[102.71714,4.49347],[102.71798,4.49347],[102.71798,4.49319],[102.71825,4.49319],[102.71825,4.49291],[102.71881,4.49292],[102.71881,4.49264],[102.7202,4.49264],[102.7202,4.49236],[102.7213,4.49236],[102.72131,4.49208],[102.72214,4.49208],[102.72214,4.49181],[102.72297,4.49181],[102.72297,4.49153],[102.7238,4.49153],[102.7238,4.49125],[102.72491,4.49125],[102.72491,4.49097],[102.72519,4.49097],[102.72519,4.49042],[102.72547,4.49042],[102.72547,4.49014],[102.72574,4.49014],[102.72574,4.48986],[102.72602,4.48986],[102.72602,4.48958],[102.72658,4.48959],[102.72658,4.48903],[102.72685,4.48903],[102.72686,4.48819],[102.73018,4.4882],[102.73018,4.48792],[102.73046,4.48792],[102.73046,4.48764],[102.73129,4.48764],[102.73129,4.48736],[102.73157,4.48737],[102.73157,4.48709],[102.73212,4.48709],[102.73213,4.48625],[102.7324,4.48625],[102.7324,4.4857],[102.73323,4.4857],[102.73324,4.48542],[102.73462,4.48542],[102.73462,4.4857],[102.7349,4.4857],[102.7349,4.48542],[102.73573,4.48542],[102.73573,4.48514],[102.73795,4.48515],[102.73795,4.48487],[102.7385,4.48487],[102.7385,4.48459],[102.73878,4.48459],[102.73878,4.48431],[102.74017,4.48431],[102.74017,4.48404],[102.74045,4.48404],[102.74045,4.48376],[102.741,4.48376],[102.741,4.48348],[102.74128,4.48348],[102.74128,4.4832],[102.74156,4.4832],[102.74156,4.48265],[102.74183,4.48265],[102.74183,4.48237],[102.74211,4.48237],[102.74211,4.48153],[102.74239,4.48153],[102.74239,4.48126],[102.74267,4.48126],[102.74267,4.48098],[102.74294,4.48098],[102.74294,4.4807],[102.74516,4.4807],[102.74516,4.48042],[102.74572,4.48043],[102.74572,4.4807],[102.74655,4.4807],[102.74655,4.48043],[102.74683,4.48043],[102.74683,4.48071],[102.74738,4.48071],[102.74738,4.48098],[102.74793,4.48098],[102.74794,4.48071],[102.74904,4.48071],[102.74904,4.48126],[102.74932,4.48126],[102.74932,4.48154],[102.7496,4.48154],[102.7496,4.48182],[102.74987,4.48182],[102.74987,4.48293],[102.75015,4.48294],[102.75015,4.48349],[102.74987,4.48349],[102.74987,4.48405],[102.75015,4.48405],[102.75015,4.48433],[102.75043,4.48433],[102.75043,4.4846],[102.7507,4.48461],[102.7507,4.48433],[102.75181,4.48433],[102.75181,4.48488],[102.75264,4.48489],[102.75264,4.48544],[102.75292,4.48544],[102.75292,4.48516],[102.75348,4.48517],[102.75347,4.48572],[102.75375,4.48572],[102.75375,4.486],[102.75347,4.486],[102.75347,4.48656],[102.75292,4.48656],[102.75292,4.48711],[102.75209,4.48711],[102.75209,4.48767],[102.75153,4.48767],[102.75153,4.48822],[102.75098,4.48822],[102.75097,4.48934],[102.7507,4.48934],[102.7507,4.48961],[102.75042,4.48961],[102.75042,4.48989],[102.75014,4.48989],[102.75014,4.49045],[102.74986,4.49045],[102.74986,4.49073],[102.74959,4.49073],[102.74959,4.49156],[102.74931,4.49156],[102.74931,4.49212],[102.74903,4.49212],[102.74903,4.49267],[102.74875,4.49267],[102.74875,4.49295],[102.74653,4.49295],[102.74653,4.49323],[102.74598,4.49323],[102.74598,4.49434],[102.7457,4.49434],[102.7457,4.49545],[102.74542,4.49545],[102.74542,4.49573],[102.74515,4.49573],[102.74514,4.49629],[102.74487,4.49629],[102.74487,4.49768],[102.74459,4.49768],[102.74459,4.49823],[102.74431,4.49823],[102.74431,4.49851],[102.74348,4.49851],[102.74348,4.49879],[102.74292,4.49879],[102.74292,4.49851],[102.74265,4.49851],[102.74265,4.49879],[102.74181,4.49879],[102.74181,4.49851],[102.74154,4.49851],[102.74154,4.49906],[102.74181,4.49906],[102.74181,4.4999],[102.74154,4.4999],[102.74154,4.50018],[102.74209,4.50018],[102.74209,4.50101],[102.74153,4.50101],[102.74153,4.50157],[102.74181,4.50157],[102.74181,4.50185],[102.74237,4.50185],[102.74237,4.50213],[102.74264,4.50213],[102.74264,4.5024],[102.7432,4.5024],[102.7432,4.50296],[102.74347,4.50296],[102.74347,4.50324],[102.74403,4.50324],[102.74403,4.50408],[102.7443,4.50408],[102.7443,4.50435],[102.74541,4.50436],[102.74541,4.50463],[102.74708,4.50464],[102.74708,4.50491],[102.74763,4.50491],[102.74763,4.50575],[102.74791,4.50575],[102.74791,4.50631],[102.74846,4.50631],[102.74846,4.50658],[102.74901,4.50659],[102.74901,4.50742],[102.74929,4.50742],[102.74929,4.50798],[102.74984,4.50798],[102.74984,4.50826],[102.75012,4.50826],[102.75012,4.50881],[102.7504,4.50881],[102.7504,4.50909],[102.75012,4.50909],[102.75012,4.50965],[102.75095,4.50965],[102.75095,4.50937],[102.75151,4.50937],[102.75151,4.50965],[102.75261,4.50965],[102.75262,4.50937],[102.754,4.50937],[102.754,4.5091],[102.75428,4.5091],[102.75428,4.50882],[102.75511,4.50882],[102.75511,4.50854],[102.75567,4.50854],[102.75567,4.50826],[102.75594,4.50826],[102.75594,4.50743],[102.7565,4.50743],[102.7565,4.50771],[102.75678,4.50771],[102.75678,4.50743],[102.75733,4.50743],[102.75733,4.50687],[102.75761,4.50687],[102.75761,4.5066],[102.75816,4.5066],[102.75816,4.50632],[102.75927,4.50632],[102.75927,4.5066],[102.75955,4.5066],[102.75955,4.50688],[102.7601,4.50688],[102.7601,4.50715],[102.76094,4.50716],[102.76094,4.50743],[102.76149,4.50743],[102.76149,4.50799],[102.76177,4.50799],[102.76177,4.50855],[102.76204,4.50855],[102.76204,4.50883],[102.7626,4.50883],[102.7626,4.50938],[102.76287,4.50938],[102.76287,4.50966],[102.76315,4.50966],[102.76315,4.50994],[102.76343,4.50994],[102.76343,4.51022],[102.76426,4.51022],[102.76426,4.5105],[102.76454,4.5105],[102.76454,4.51078],[102.76509,4.51078],[102.76509,4.51106],[102.76537,4.51106],[102.76537,4.51161],[102.76564,4.51161],[102.76564,4.51217],[102.76592,4.51217],[102.76592,4.51273],[102.7662,4.51273],[102.7662,4.51356],[102.76564,4.51356],[102.76564,4.5144],[102.76592,4.5144],[102.76592,4.51467],[102.7662,4.51467],[102.76619,4.51523],[102.76647,4.51523],[102.76647,4.51607],[102.76619,4.51607],[102.76619,4.51634],[102.76647,4.51634],[102.76647,4.5169],[102.76702,4.5169],[102.76702,4.51706],[102.76702,4.51718],[102.76702,4.51829],[102.7673,4.51829],[102.7673,4.51857],[102.76758,4.51857],[102.76758,4.51913],[102.76785,4.51913],[102.76785,4.51996],[102.76758,4.51996],[102.76757,4.52054],[102.76674,4.52007],[102.76668,4.51954],[102.76533,4.51893],[102.76384,4.51831],[102.76289,4.51802],[102.7616,4.51772],[102.75985,4.5176],[102.7583,4.51798],[102.75735,4.5186],[102.75605,4.51912],[102.7543,4.51955],[102.75294,4.52037],[102.7524,4.52018],[102.75189,4.52034],[102.75046,4.52077],[102.74896,4.52145],[102.74776,4.52247],[102.74785,4.52312],[102.74628,4.52345],[102.7455,4.52468],[102.74496,4.52431],[102.74355,4.52439],[102.74265,4.52595],[102.74186,4.52727],[102.74137,4.52876],[102.74036,4.52896],[102.73938,4.52983],[102.73939,4.53031],[102.73937,4.53082],[102.73869,4.53023],[102.73773,4.53047],[102.73767,4.53135],[102.73719,4.53153],[102.73677,4.53084],[102.73598,4.53083],[102.73561,4.5312],[102.73609,4.53173],[102.73555,4.53244],[102.7351,4.53234],[102.73474,4.53272],[102.73323,4.53351],[102.73305,4.5343],[102.73218,4.53417],[102.73161,4.53456]]]},"properties":{"FID":16,"Sector":"SG. SEPIA","SectorID":"Sec17","source_layer":"Sector"}},{"type":"Feature","id":17,"geometry":{"type":"MultiPolygon","coordinates":[[[[102.7001,4.15313],[102.69982,4.15313],[102.69982,4.15285],[102.7001,4.15285],[102.7001,4.15313]]],[[[102.7001,4.15313],[102.70038,4.15313],[102.70038,4.15285],[102.70066,4.15285],[102.70066,4.15257],[102.70093,4.15258],[102.70093,4.1523],[102.70149,4.1523],[102.70149,4.15258],[102.70315,4.15258],[102.70315,4.1523],[102.70343,4.1523],[102.70343,4.15202],[102.70371,4.15202],[102.70371,4.15174],[102.70398,4.15174],[102.70398,4.15147],[102.70426,4.15147],[102.70426,4.15119],[102.70509,4.15119],[102.70509,4.15091],[102.7062,4.15091],[102.7062,4.15063],[102.70676,4.15063],[102.70676,4.15091],[102.70703,4.15091],[102.70703,4.15119],[102.70731,4.15119],[102.70731,4.15175],[102.70814,4.15175],[102.70814,4.15203],[102.70925,4.15203],[102.70925,4.15231],[102.71036,4.15231],[102.71036,4.15203],[102.71063,4.15203],[102.71063,4.15175],[102.71036,4.15175],[102.71036,4.15008],[102.71064,4.15008],[102.71064,4.14953],[102.71036,4.14953],[102.71036,4.14814],[102.71064,4.14814],[102.71064,4.14647],[102.71092,4.14647],[102.71092,4.14507],[102.71064,4.14507],[102.71064,4.1448],[102.71037,4.1448],[102.71037,4.14452],[102.70981,4.14452],[102.70981,4.14424],[102.71009,4.14424],[102.71009,4.14396],[102.70981,4.14396],[102.70982,4.14229],[102.70982,4.14062],[102.71009,4.14062],[102.71009,4.14034],[102.71037,4.14034],[102.71037,4.14062],[102.71065,4.14062],[102.71065,4.14034],[102.71093,4.14034],[102.71093,4.14062],[102.7112,4.14062],[102.7112,4.14034],[102.71148,4.14034],[102.71148,4.14007],[102.7112,4.14007],[102.7112,4.13979],[102.71093,4.13979],[102.71093,4.13951],[102.71065,4.13951],[102.71065,4.13923],[102.71037,4.13923],[102.71037,4.13895],[102.7101,4.13895],[102.7101,4.13867],[102.71079,4.13787],[102.71102,4.13737],[102.71108,4.13695],[102.71116,4.13653],[102.71136,4.13638],[102.71211,4.13625],[102.71319,4.13639],[102.71372,4.13629],[102.71434,4.13597],[102.71458,4.13546],[102.71438,4.13492],[102.71403,4.13467],[102.71315,4.13476],[102.71254,4.13457],[102.71204,4.13426],[102.71202,4.13369],[102.71251,4.13263],[102.71275,4.13164],[102.71258,4.13118],[102.71266,4.13084],[102.71312,4.13041],[102.71391,4.13008],[102.71422,4.12957],[102.71425,4.12934],[102.71411,4.1292],[102.71345,4.12928],[102.71301,4.12935],[102.71268,4.12929],[102.71252,4.12896],[102.71249,4.12842],[102.71211,4.12566],[102.71177,4.12536],[102.71134,4.12509],[102.71105,4.12386],[102.7113,4.12226],[102.71115,4.12127],[102.71081,4.12049],[102.71085,4.11958],[102.7112,4.11868],[102.71163,4.11739],[102.71208,4.11652],[102.71219,4.11529],[102.71176,4.11326],[102.71117,4.11138],[102.71109,4.11066],[102.71139,4.11021],[102.71184,4.10961],[102.71158,4.10931],[102.7111,4.10911],[102.71076,4.10902],[102.71041,4.10877],[102.71033,4.10833],[102.71074,4.10706],[102.71044,4.10613],[102.71003,4.10595],[102.70946,4.10516],[102.70896,4.10453],[102.70794,4.1042],[102.70708,4.10407],[102.70667,4.10446],[102.70647,4.10485],[102.7063,4.10496],[102.70585,4.10493],[102.70499,4.10419],[102.70393,4.1031],[102.7036,4.10228],[102.70348,4.10154],[102.70311,4.10125],[102.70221,4.10117],[102.7018,4.10133],[102.70123,4.10166],[102.70094,4.10178],[102.70078,4.10178],[102.70054,4.10172],[102.70049,4.10143],[102.70072,4.10108],[102.70131,4.10043],[102.70132,4.10004],[102.70123,4.09977],[102.70058,4.0993],[102.69892,4.09814],[102.69802,4.09748],[102.69643,4.0968],[102.69528,4.09608],[102.69483,4.09573],[102.69481,4.09547],[102.69506,4.0953],[102.69547,4.09528],[102.69676,4.09539],[102.69737,4.09504],[102.69799,4.09426],[102.69821,4.09302],[102.69801,4.09171],[102.69727,4.09031],[102.69678,4.08969],[102.69611,4.08949],[102.69552,4.08957],[102.69519,4.09002],[102.69494,4.09068],[102.69478,4.09088],[102.69431,4.09095],[102.69325,4.09079],[102.6926,4.09088],[102.69195,4.09113],[102.69133,4.09112],[102.69083,4.09074],[102.68986,4.0906],[102.6889,4.09078],[102.6881,4.09064],[102.68784,4.09052],[102.6884,4.09005],[102.68856,4.08951],[102.68892,4.08869],[102.68921,4.08785],[102.68942,4.08743],[102.68969,4.08703],[102.68988,4.08687],[102.69058,4.08655],[102.69146,4.08632],[102.69224,4.08619],[102.69308,4.0859],[102.6935,4.08559],[102.69381,4.08517],[102.69419,4.08441],[102.69457,4.08376],[102.69488,4.08299],[102.69501,4.08217],[102.69501,4.08148],[102.69486,4.08075],[102.69458,4.08027],[102.69435,4.07979],[102.69431,4.07941],[102.69442,4.0791],[102.69467,4.07878],[102.6949,4.07863],[102.69519,4.07853],[102.69568,4.0784],[102.69649,4.078],[102.69683,4.07765],[102.69704,4.07708],[102.69738,4.07662],[102.69752,4.07624],[102.69759,4.07606],[102.69775,4.07572],[102.69796,4.07513],[102.69823,4.07428],[102.69863,4.07348],[102.69901,4.07277],[102.69949,4.0721],[102.69979,4.0718],[102.7005,4.07128],[102.70088,4.07109],[102.7017,4.07077],[102.70216,4.07046],[102.70254,4.07015],[102.70298,4.06993],[102.70315,4.06987],[102.70349,4.0697],[102.70405,4.06937],[102.70477,4.06901],[102.70521,4.06878],[102.70563,4.06853],[102.70607,4.06834],[102.70679,4.06826],[102.7074,4.06815],[102.70803,4.06807],[102.70866,4.06769],[102.70925,4.06731],[102.71,4.06689],[102.71055,4.06643],[102.71069,4.06627],[102.71087,4.06608],[102.71093,4.06601],[102.71139,4.06538],[102.71197,4.06494],[102.71235,4.06473],[102.71284,4.06446],[102.71326,4.06419],[102.71378,4.06418],[102.7142,4.06414],[102.71469,4.06387],[102.71494,4.06355],[102.71495,4.06355],[102.71502,4.06346],[102.71529,4.06313],[102.71552,4.06286],[102.71571,4.06265],[102.71627,4.062],[102.71676,4.06139],[102.71737,4.06076],[102.71787,4.06026],[102.71804,4.0602],[102.7184,4.05988],[102.71846,4.05984],[102.71869,4.05984],[102.71892,4.05994],[102.71913,4.06036],[102.71913,4.06095],[102.71909,4.06114],[102.71901,4.06162],[102.71888,4.06222],[102.7189,4.06268],[102.71895,4.06327],[102.71895,4.06333],[102.71905,4.06358],[102.71926,4.06381],[102.71947,4.06432],[102.71956,4.06486],[102.71958,4.06511],[102.71977,4.06549],[102.72004,4.06587],[102.72032,4.06632],[102.72044,4.06656],[102.72068,4.06702],[102.72108,4.06727],[102.72133,4.06733],[102.7219,4.0675],[102.72232,4.06739],[102.72286,4.06729],[102.72328,4.06712],[102.72371,4.06695],[102.72404,4.0671],[102.72455,4.06716],[102.72501,4.06739],[102.72562,4.0678],[102.72612,4.06806],[102.72665,4.06831],[102.72716,4.06854],[102.72749,4.06874],[102.72787,4.06904],[102.72808,4.06918],[102.72852,4.06973],[102.72895,4.07016],[102.72947,4.07044],[102.73025,4.07085],[102.73052,4.0711],[102.73116,4.07169],[102.73181,4.07228],[102.73248,4.07265],[102.73326,4.07307],[102.7336,4.07342],[102.73383,4.07359],[102.73383,4.07361],[102.73385,4.07363],[102.73421,4.07391],[102.7345,4.07432],[102.73495,4.07508],[102.73509,4.07522],[102.73539,4.07552],[102.73608,4.07612],[102.73676,4.07662],[102.73737,4.07694],[102.73819,4.07729],[102.73867,4.0775],[102.73899,4.07773],[102.73928,4.07808],[102.73977,4.07882],[102.74012,4.07959],[102.74031,4.07995],[102.74032,4.07997],[102.7409,4.08047],[102.74154,4.08105],[102.74181,4.08143],[102.74192,4.08214],[102.74206,4.08304],[102.74221,4.08346],[102.74221,4.0835],[102.7428,4.08413],[102.74331,4.08459],[102.74406,4.08505],[102.74444,4.0853],[102.74491,4.08589],[102.74505,4.08618],[102.7451,4.0863],[102.74531,4.08697],[102.74556,4.08762],[102.74583,4.08794],[102.74617,4.08812],[102.74668,4.08819],[102.74756,4.0882],[102.74773,4.08816],[102.74802,4.08808],[102.74825,4.08808],[102.74859,4.08818],[102.74884,4.08833],[102.74931,4.08864],[102.74945,4.08883],[102.74947,4.08923],[102.74922,4.09007],[102.7492,4.09076],[102.74925,4.09097],[102.74948,4.09118],[102.75011,4.0914],[102.75061,4.09172],[102.75091,4.09178],[102.75126,4.09161],[102.75127,4.09161],[102.75156,4.09109],[102.75175,4.0908],[102.75206,4.09063],[102.75248,4.09058],[102.7528,4.09067],[102.75313,4.09086],[102.75368,4.09121],[102.75387,4.09136],[102.75433,4.09175],[102.75461,4.09194],[102.75507,4.09221],[102.75562,4.09226],[102.7564,4.09238],[102.7572,4.09269],[102.75757,4.0928],[102.75804,4.09305],[102.75838,4.09336],[102.7589,4.09409],[102.75941,4.09482],[102.75958,4.09531],[102.75981,4.09556],[102.76012,4.09625],[102.76074,4.09685],[102.76095,4.09757],[102.76122,4.09796],[102.76153,4.09813],[102.76236,4.09834],[102.76305,4.0985],[102.76334,4.09878],[102.7636,4.0993],[102.76372,4.09993],[102.76379,4.1003],[102.76396,4.10085],[102.76398,4.10175],[102.76406,4.10223],[102.76417,4.10288],[102.76449,4.10346],[102.76485,4.10418],[102.76531,4.10472],[102.76604,4.10514],[102.76666,4.10541],[102.76735,4.10549],[102.76802,4.10549],[102.76855,4.1054],[102.76901,4.1054],[102.76966,4.1054],[102.77061,4.10534],[102.77101,4.10569],[102.77122,4.10611],[102.77134,4.10647],[102.77133,4.1071],[102.77114,4.108],[102.77101,4.1085],[102.7708,4.10915],[102.77042,4.10965],[102.76992,4.11024],[102.76963,4.11074],[102.7694,4.11141],[102.76921,4.11217],[102.76917,4.11275],[102.76925,4.11338],[102.76944,4.11411],[102.76936,4.11445],[102.76951,4.11487],[102.7697,4.11512],[102.77024,4.11572],[102.77048,4.11593],[102.77113,4.11616],[102.77153,4.11639],[102.77207,4.11687],[102.77279,4.11718],[102.77311,4.11727],[102.77393,4.11766],[102.7747,4.1181],[102.77538,4.11865],[102.77613,4.11927],[102.77681,4.11971],[102.77761,4.12007],[102.77813,4.12038],[102.77856,4.12061],[102.77927,4.12092],[102.77936,4.12096],[102.77917,4.12163],[102.77872,4.12212],[102.77837,4.12268],[102.77808,4.12352],[102.77768,4.12417],[102.77722,4.12494],[102.77696,4.12515],[102.77661,4.12526],[102.77627,4.12543],[102.77551,4.12591],[102.77522,4.1262],[102.77516,4.12629],[102.77501,4.1266],[102.77499,4.12683],[102.77503,4.1269],[102.77528,4.1275],[102.77566,4.1283],[102.77608,4.12907],[102.77649,4.12984],[102.7765,4.12985],[102.77662,4.13003],[102.77669,4.13013],[102.77699,4.13058],[102.77699,4.1306],[102.77703,4.13087],[102.77695,4.13125],[102.77664,4.1321],[102.77643,4.13294],[102.77639,4.13345],[102.7766,4.1337],[102.77725,4.13409],[102.77792,4.13449],[102.77868,4.13499],[102.7791,4.13522],[102.77918,4.13526],[102.7799,4.1356],[102.78017,4.13581],[102.78017,4.13583],[102.7804,4.1365],[102.78043,4.13715],[102.78047,4.13798],[102.78053,4.1384],[102.78079,4.13894],[102.78093,4.13911],[102.78125,4.13949],[102.78155,4.13989],[102.78205,4.14058],[102.78239,4.14104],[102.78256,4.14175],[102.78271,4.14227],[102.78275,4.14238],[102.78277,4.1425],[102.78279,4.14259],[102.78283,4.1433],[102.78283,4.14417],[102.78281,4.14493],[102.78273,4.14554],[102.78271,4.1464],[102.78273,4.14727],[102.78278,4.14752],[102.78298,4.14773],[102.78299,4.14776],[102.78301,4.14784],[102.78334,4.14836],[102.78351,4.14851],[102.78353,4.14853],[102.78355,4.14857],[102.78404,4.14909],[102.7844,4.14922],[102.78473,4.14918],[102.78501,4.14895],[102.78538,4.14871],[102.78549,4.14869],[102.78603,4.14861],[102.78658,4.14859],[102.78742,4.14861],[102.78795,4.14867],[102.78808,4.14877],[102.78835,4.14917],[102.78866,4.14959],[102.78869,4.14963],[102.78883,4.1499],[102.78904,4.15028],[102.78909,4.15064],[102.78902,4.15116],[102.78848,4.15187],[102.78821,4.1521],[102.78747,4.15248],[102.78709,4.15309],[102.78674,4.15338],[102.78629,4.15367],[102.78577,4.15435],[102.7855,4.15481],[102.78529,4.15499],[102.78485,4.15514],[102.78405,4.15554],[102.78371,4.15581],[102.78352,4.15615],[102.7835,4.15659],[102.78354,4.15673],[102.78365,4.15724],[102.78371,4.15747],[102.78403,4.15828],[102.78399,4.15916],[102.78411,4.15981],[102.78435,4.16023],[102.78456,4.1604],[102.78466,4.16046],[102.78523,4.16073],[102.78548,4.16081],[102.78635,4.1609],[102.78719,4.161],[102.78733,4.16111],[102.78759,4.16156],[102.78784,4.1618],[102.78815,4.16196],[102.78849,4.16211],[102.789,4.16261],[102.7895,4.16332],[102.78978,4.16397],[102.79007,4.16474],[102.79024,4.16502],[102.79037,4.16523],[102.79049,4.16585],[102.79043,4.16675],[102.79035,4.16736],[102.79043,4.1677],[102.79077,4.16832],[102.791,4.16868],[102.79128,4.16901],[102.79172,4.16916],[102.79201,4.1693],[102.79218,4.16951],[102.79235,4.16979],[102.79266,4.17002],[102.79328,4.17033],[102.79397,4.17041],[102.79439,4.17049],[102.79473,4.17045],[102.79519,4.17033],[102.79555,4.17035],[102.79593,4.1706],[102.79618,4.17093],[102.79633,4.17135],[102.79641,4.17225],[102.79652,4.17271],[102.79687,4.17328],[102.79713,4.17351],[102.79791,4.17396],[102.79822,4.17422],[102.79866,4.17497],[102.79902,4.17578],[102.79963,4.17687],[102.79989,4.17721],[102.80029,4.17742],[102.8009,4.17777],[102.80138,4.17817],[102.80155,4.1785],[102.80176,4.17913],[102.80151,4.17913],[102.8004,4.17885],[102.8004,4.17913],[102.79984,4.17913],[102.79984,4.17885],[102.79901,4.17885],[102.79901,4.17913],[102.79873,4.17913],[102.79874,4.17885],[102.79846,4.17885],[102.79846,4.17857],[102.79818,4.17857],[102.79818,4.17829],[102.79735,4.17829],[102.79735,4.17802],[102.79707,4.17801],[102.79707,4.17774],[102.7968,4.17774],[102.7968,4.17746],[102.79569,4.17746],[102.79569,4.17718],[102.79486,4.17718],[102.79486,4.1769],[102.79458,4.1769],[102.79458,4.17662],[102.79319,4.17662],[102.7932,4.17606],[102.79264,4.17606],[102.79264,4.17578],[102.79209,4.17578],[102.79209,4.1755],[102.79153,4.1755],[102.79153,4.17495],[102.79098,4.17495],[102.79098,4.17523],[102.7907,4.17522],[102.79042,4.17522],[102.79043,4.17495],[102.78959,4.17495],[102.78959,4.17467],[102.78932,4.17467],[102.78932,4.17439],[102.78876,4.17439],[102.78876,4.17411],[102.78738,4.17411],[102.78738,4.17383],[102.7871,4.17383],[102.7871,4.17327],[102.78682,4.17327],[102.78682,4.17299],[102.78655,4.17299],[102.78655,4.17272],[102.78627,4.17272],[102.78627,4.17244],[102.78599,4.17244],[102.78599,4.17216],[102.78572,4.17216],[102.78572,4.17188],[102.78544,4.17188],[102.78544,4.1716],[102.78516,4.1716],[102.78516,4.17188],[102.78461,4.17188],[102.78461,4.17216],[102.78433,4.17216],[102.78433,4.17188],[102.78405,4.17188],[102.78405,4.1716],[102.78378,4.1716],[102.78378,4.17132],[102.78322,4.17132],[102.78322,4.17216],[102.78211,4.17215],[102.78211,4.17188],[102.78184,4.17188],[102.78184,4.1716],[102.78156,4.1716],[102.78156,4.17076],[102.78128,4.17076],[102.78129,4.16993],[102.78101,4.16993],[102.78101,4.16965],[102.78018,4.16965],[102.78018,4.16937],[102.77935,4.16937],[102.77935,4.16909],[102.77851,4.16909],[102.77851,4.16881],[102.77824,4.16881],[102.77824,4.16853],[102.77768,4.16853],[102.77768,4.16825],[102.7763,4.16825],[102.7763,4.16853],[102.7738,4.16853],[102.7738,4.16825],[102.77297,4.16825],[102.77297,4.16797],[102.77159,4.16797],[102.77159,4.16769],[102.77048,4.16769],[102.77048,4.16852],[102.7702,4.16852],[102.7702,4.16908],[102.76992,4.16908],[102.76992,4.16963],[102.76854,4.16963],[102.76798,4.16963],[102.76798,4.16908],[102.76743,4.16908],[102.76743,4.16852],[102.76688,4.16852],[102.76688,4.16824],[102.7666,4.16824],[102.7666,4.16796],[102.76632,4.16796],[102.76632,4.16768],[102.76604,4.16768],[102.76605,4.16657],[102.76577,4.16657],[102.76577,4.16629],[102.76521,4.16629],[102.76522,4.16573],[102.76383,4.16573],[102.76383,4.16601],[102.76328,4.16601],[102.76327,4.16629],[102.76272,4.16629],[102.76272,4.16601],[102.76189,4.16601],[102.76189,4.16573],[102.76161,4.16573],[102.76161,4.16545],[102.76134,4.16545],[102.76134,4.16462],[102.76106,4.16462],[102.76106,4.16406],[102.76078,4.16406],[102.76078,4.16378],[102.76051,4.16378],[102.76051,4.1635],[102.76023,4.1635],[102.76023,4.16322],[102.75995,4.16322],[102.75995,4.16239],[102.75968,4.16239],[102.75968,4.16183],[102.7594,4.16183],[102.7594,4.16211],[102.75829,4.16211],[102.75829,4.16183],[102.75801,4.16183],[102.75801,4.16155],[102.75746,4.16155],[102.75746,4.16099],[102.75718,4.16099],[102.75718,4.16044],[102.75691,4.16044],[102.75691,4.16016],[102.75663,4.16016],[102.75663,4.15988],[102.75635,4.15988],[102.75635,4.1596],[102.75608,4.1596],[102.75608,4.15904],[102.75552,4.15904],[102.75552,4.15877],[102.75525,4.15876],[102.75525,4.15849],[102.75497,4.15849],[102.75497,4.15765],[102.75469,4.15765],[102.75469,4.15709],[102.75331,4.15709],[102.75331,4.15681],[102.75275,4.15681],[102.75275,4.15654],[102.7522,4.15654],[102.7522,4.15626],[102.75192,4.15626],[102.75192,4.15598],[102.75137,4.15598],[102.75137,4.15459],[102.75109,4.15459],[102.7511,4.15403],[102.75082,4.15403],[102.75082,4.15347],[102.75026,4.15347],[102.75026,4.15319],[102.74999,4.15319],[102.74999,4.15291],[102.74971,4.15291],[102.74971,4.15264],[102.74916,4.15264],[102.74888,4.15264],[102.74888,4.15319],[102.74916,4.15319],[102.74916,4.15347],[102.74888,4.15347],[102.74888,4.15375],[102.7486,4.15375],[102.7486,4.15403],[102.74832,4.15403],[102.74832,4.1557],[102.74804,4.1557],[102.74804,4.15653],[102.74777,4.15653],[102.74777,4.15736],[102.74804,4.15736],[102.74804,4.15792],[102.74776,4.15792],[102.74776,4.15848],[102.74721,4.15848],[102.74721,4.1582],[102.74666,4.1582],[102.74666,4.15848],[102.74527,4.15847],[102.74527,4.15875],[102.74499,4.15875],[102.74499,4.15959],[102.74471,4.15959],[102.74471,4.15987],[102.74444,4.15986],[102.74444,4.16014],[102.74416,4.16014],[102.74416,4.16042],[102.74388,4.16042],[102.74388,4.1607],[102.7436,4.1607],[102.7436,4.16126],[102.74305,4.16125],[102.74305,4.16153],[102.74277,4.16153],[102.74277,4.16181],[102.74249,4.16181],[102.74249,4.16209],[102.74222,4.16209],[102.74221,4.16376],[102.74194,4.16376],[102.74194,4.16404],[102.74221,4.16404],[102.74221,4.16515],[102.74166,4.16515],[102.74166,4.16487],[102.74138,4.16487],[102.74138,4.16515],[102.74055,4.16515],[102.74055,4.16487],[102.73916,4.16487],[102.73916,4.16515],[102.73833,4.16514],[102.73833,4.16542],[102.73722,4.16542],[102.73722,4.16514],[102.73695,4.16514],[102.73695,4.16542],[102.73667,4.16542],[102.73667,4.16681],[102.73611,4.16681],[102.73611,4.16709],[102.73528,4.16709],[102.73528,4.16681],[102.73251,4.16681],[102.73251,4.16653],[102.73196,4.16653],[102.73196,4.16681],[102.73168,4.16681],[102.73168,4.16736],[102.73057,4.16736],[102.73057,4.16875],[102.73112,4.16875],[102.73112,4.16931],[102.7314,4.16931],[102.7314,4.16959],[102.73112,4.16959],[102.73112,4.16987],[102.73084,4.16987],[102.73084,4.17181],[102.73029,4.17181],[102.73029,4.1732],[102.73056,4.1732],[102.73056,4.17348],[102.73029,4.17348],[102.73029,4.17376],[102.73001,4.17376],[102.73001,4.17404],[102.72973,4.17404],[102.72973,4.17432],[102.7289,4.17432],[102.7289,4.17459],[102.72779,4.17459],[102.72779,4.17431],[102.72724,4.17431],[102.72724,4.17459],[102.72696,4.17459],[102.72696,4.17487],[102.7264,4.17487],[102.7264,4.17515],[102.72585,4.17515],[102.72585,4.1757],[102.72557,4.1757],[102.72557,4.17626],[102.72529,4.17626],[102.72529,4.17654],[102.72474,4.17654],[102.72474,4.17681],[102.72418,4.17681],[102.72418,4.17709],[102.72391,4.17709],[102.72391,4.17737],[102.72363,4.17737],[102.72363,4.17765],[102.72391,4.17765],[102.72391,4.17821],[102.72418,4.17821],[102.72418,4.17848],[102.72446,4.17848],[102.72446,4.1796],[102.72473,4.1796],[102.72473,4.18043],[102.72501,4.18043],[102.72501,4.18099],[102.72529,4.18099],[102.72529,4.18182],[102.72556,4.18182],[102.72556,4.1821],[102.72529,4.1821],[102.72529,4.18266],[102.72501,4.18266],[102.72501,4.18322],[102.72528,4.18322],[102.72528,4.18405],[102.72501,4.18405],[102.72501,4.18433],[102.72473,4.18433],[102.72473,4.18461],[102.72417,4.18461],[102.72417,4.18488],[102.72362,4.18488],[102.72362,4.18516],[102.72306,4.18516],[102.72306,4.18544],[102.72279,4.18544],[102.72279,4.18572],[102.72223,4.18572],[102.72223,4.18599],[102.72168,4.18599],[102.72168,4.18627],[102.7214,4.18627],[102.7214,4.18655],[102.72085,4.18655],[102.72085,4.18683],[102.72001,4.18683],[102.72001,4.1871],[102.71974,4.1871],[102.71974,4.18738],[102.71946,4.18738],[102.71946,4.18794],[102.71918,4.18794],[102.71918,4.18822],[102.71752,4.18821],[102.71752,4.18794],[102.71724,4.18794],[102.71724,4.18766],[102.71641,4.18766],[102.71641,4.18821],[102.71558,4.18821],[102.71558,4.18793],[102.71502,4.18793],[102.71502,4.18821],[102.71392,4.18821],[102.71391,4.18905],[102.71364,4.18904],[102.71364,4.18932],[102.7117,4.18932],[102.7117,4.18904],[102.71114,4.18904],[102.71114,4.18876],[102.71087,4.18876],[102.71087,4.18904],[102.71059,4.18904],[102.71059,4.18932],[102.71031,4.18932],[102.71031,4.1896],[102.71003,4.1896],[102.71003,4.18988],[102.70976,4.18987],[102.70976,4.1896],[102.70948,4.1896],[102.70948,4.18932],[102.70782,4.18932],[102.70782,4.18959],[102.70754,4.18959],[102.70754,4.18932],[102.70671,4.18931],[102.70671,4.18959],[102.70615,4.18959],[102.70615,4.18931],[102.70532,4.18931],[102.70532,4.18959],[102.70338,4.18959],[102.70338,4.18931],[102.7031,4.18931],[102.7031,4.18903],[102.70283,4.18903],[102.70283,4.18875],[102.70255,4.18875],[102.70255,4.1882],[102.70089,4.18819],[102.70089,4.18792],[102.69978,4.18791],[102.69978,4.18847],[102.69895,4.18847],[102.69895,4.18819],[102.69839,4.18819],[102.69839,4.18791],[102.69812,4.18791],[102.69812,4.18763],[102.69756,4.18763],[102.69756,4.18735],[102.69729,4.18735],[102.69729,4.18708],[102.69673,4.18708],[102.69673,4.1868],[102.69562,4.1868],[102.69562,4.18652],[102.69535,4.18652],[102.69535,4.18624],[102.69507,4.18624],[102.69507,4.18568],[102.69479,4.18568],[102.6948,4.18346],[102.69397,4.18345],[102.69397,4.1829],[102.69397,4.18262],[102.69452,4.18262],[102.69452,4.18234],[102.6948,4.18234],[102.6948,4.18123],[102.69508,4.18123],[102.69508,4.18067],[102.69563,4.18067],[102.69563,4.17984],[102.69591,4.17984],[102.69591,4.17956],[102.69647,4.17956],[102.69647,4.17901],[102.69619,4.179],[102.69619,4.17761],[102.69591,4.17761],[102.69591,4.1765],[102.69564,4.1765],[102.69564,4.17594],[102.69592,4.17594],[102.69592,4.17567],[102.69607,4.17567],[102.69619,4.17567],[102.69619,4.17455],[102.69647,4.17455],[102.69647,4.17427],[102.69703,4.17428],[102.69703,4.1701],[102.69731,4.1701],[102.69731,4.16899],[102.69786,4.16899],[102.69786,4.16871],[102.69814,4.16871],[102.69814,4.16843],[102.6987,4.16843],[102.6987,4.1676],[102.69897,4.1676],[102.69898,4.16732],[102.6987,4.16732],[102.6987,4.16704],[102.69953,4.16704],[102.69953,4.16677],[102.69981,4.16677],[102.69981,4.16649],[102.70036,4.16649],[102.70036,4.16565],[102.70009,4.16565],[102.70009,4.16537],[102.69953,4.16537],[102.69953,4.1651],[102.69926,4.1651],[102.69926,4.16454],[102.69898,4.16454],[102.69898,4.16398],[102.69926,4.16398],[102.69926,4.1637],[102.69953,4.1637],[102.69953,4.16315],[102.69926,4.16315],[102.69926,4.16231],[102.69898,4.16231],[102.69898,4.16148],[102.69926,4.16148],[102.69926,4.1612],[102.69981,4.1612],[102.69981,4.16064],[102.70009,4.16064],[102.70009,4.16037],[102.70037,4.16037],[102.70037,4.15981],[102.70065,4.15981],[102.70065,4.1587],[102.70093,4.1587],[102.70093,4.15786],[102.7012,4.15786],[102.7012,4.15758],[102.70148,4.15758],[102.70148,4.15703],[102.70093,4.15703],[102.70093,4.15647],[102.70037,4.15647],[102.70037,4.15619],[102.70065,4.15619],[102.70065,4.15424],[102.70038,4.15424],[102.70038,4.15397],[102.7001,4.15397],[102.7001,4.15369],[102.70038,4.15369],[102.70038,4.15341],[102.7001,4.15341],[102.7001,4.15313]]]]},"properties":{"FID":17,"Sector":"SG. TEKAI","SectorID":"Sec18","source_layer":"Sector"}},{"type":"Feature","id":18,"geometry":{"type":"Polygon","coordinates":[[[102.97775,4.47465],[102.97824,4.47544],[102.97818,4.47557],[102.97799,4.47597],[102.97778,4.47614],[102.97763,4.47628],[102.97761,4.4763],[102.9774,4.47655],[102.97711,4.47718],[102.97666,4.47766],[102.97605,4.47829],[102.97555,4.47871],[102.97519,4.47903],[102.97438,4.47976],[102.97349,4.48058],[102.97305,4.481],[102.97221,4.48135],[102.97108,4.48159],[102.97017,4.48146],[102.97013,4.48144],[102.96956,4.48085],[102.96912,4.48018],[102.96906,4.47968],[102.9695,4.4792],[102.96964,4.47847],[102.96929,4.47765],[102.9688,4.47707],[102.96817,4.47629],[102.96817,4.47591],[102.96823,4.47499],[102.96775,4.47433],[102.96762,4.47414],[102.9676,4.47414],[102.96663,4.4737],[102.96523,4.47282],[102.96375,4.47157],[102.96239,4.47088],[102.96173,4.47144],[102.96085,4.47205],[102.96018,4.47238],[102.95938,4.47249],[102.95825,4.4726],[102.95732,4.47274],[102.95728,4.4727],[102.9568,4.47216],[102.9564,4.47145],[102.95604,4.47038],[102.95551,4.46973],[102.95549,4.46973],[102.95547,4.46969],[102.95528,4.46959],[102.95524,4.46958],[102.95459,4.46923],[102.95448,4.46917],[102.95374,4.46873],[102.95393,4.468],[102.95475,4.46726],[102.9554,4.46646],[102.95525,4.46544],[102.95483,4.46456],[102.95443,4.46372],[102.95399,4.46274],[102.95407,4.46213],[102.9547,4.46169],[102.95517,4.46113],[102.95512,4.46037],[102.95535,4.45951],[102.95586,4.45884],[102.95647,4.4575],[102.95661,4.4566],[102.95659,4.45658],[102.95657,4.45658],[102.95594,4.4561],[102.95583,4.456],[102.95539,4.45554],[102.95386,4.45451],[102.95384,4.45449],[102.95262,4.45296],[102.95209,4.45234],[102.9515,4.4514],[102.95148,4.4514],[102.95146,4.4514],[102.95074,4.45142],[102.94988,4.45113],[102.94912,4.45109],[102.94816,4.45117],[102.94801,4.45115],[102.94759,4.45111],[102.94696,4.45105],[102.94593,4.45094],[102.94538,4.45059],[102.94509,4.45058],[102.94509,4.45058],[102.94509,4.44975],[102.94481,4.44975],[102.94481,4.45003],[102.94453,4.45003],[102.94453,4.45031],[102.94259,4.4503],[102.94259,4.45003],[102.94231,4.45003],[102.94231,4.4503],[102.94204,4.4503],[102.94204,4.45058],[102.93982,4.45058],[102.93982,4.45086],[102.93705,4.45086],[102.93705,4.45113],[102.93677,4.45113],[102.93677,4.45141],[102.93594,4.45141],[102.93594,4.45169],[102.93566,4.45169],[102.93566,4.45225],[102.9351,4.45224],[102.93455,4.45224],[102.93455,4.45169],[102.934,4.45169],[102.934,4.45141],[102.93372,4.45141],[102.93372,4.45113],[102.93344,4.45113],[102.93344,4.45085],[102.93317,4.45085],[102.93317,4.45057],[102.93261,4.45057],[102.93261,4.45085],[102.93178,4.45085],[102.93178,4.45113],[102.9315,4.45113],[102.9315,4.45141],[102.92928,4.4514],[102.92928,4.45168],[102.92817,4.45168],[102.92817,4.4514],[102.9279,4.4514],[102.9279,4.45113],[102.92707,4.45112],[102.92707,4.45001],[102.92624,4.45001],[102.92624,4.44973],[102.92596,4.44973],[102.92596,4.44945],[102.92568,4.44945],[102.92568,4.44918],[102.92457,4.44917],[102.92457,4.44945],[102.92402,4.44945],[102.92402,4.44973],[102.92319,4.44973],[102.92319,4.44945],[102.9218,4.44945],[102.9218,4.44806],[102.92152,4.44806],[102.92152,4.44778],[102.92125,4.44778],[102.92125,4.4475],[102.92069,4.4475],[102.92069,4.44694],[102.91931,4.44694],[102.91931,4.44722],[102.91875,4.44722],[102.91875,4.44666],[102.9182,4.44666],[102.9182,4.44499],[102.91848,4.44499],[102.91848,4.44472],[102.91765,4.44472],[102.91765,4.44444],[102.91737,4.44444],[102.91737,4.44249],[102.91793,4.44249],[102.91793,4.44221],[102.91848,4.44221],[102.91848,4.44138],[102.9182,4.44138],[102.9182,4.44082],[102.91848,4.44082],[102.91848,4.44054],[102.91876,4.44054],[102.91876,4.43915],[102.91904,4.43915],[102.91904,4.43887],[102.91931,4.43887],[102.91932,4.4386],[102.91904,4.4386],[102.91904,4.43832],[102.91932,4.43832],[102.91932,4.43776],[102.92015,4.43776],[102.92015,4.43748],[102.92043,4.43748],[102.92043,4.43665],[102.92015,4.43665],[102.92015,4.43637],[102.91959,4.43637],[102.9196,4.43442],[102.91932,4.43442],[102.91932,4.43387],[102.91877,4.43386],[102.91877,4.43319],[102.91877,4.43275],[102.91904,4.43275],[102.91904,4.43247],[102.91932,4.43247],[102.91932,4.43164],[102.91904,4.43164],[102.91905,4.4308],[102.91849,4.4308],[102.91849,4.43053],[102.91794,4.43052],[102.91794,4.42997],[102.91738,4.42997],[102.91738,4.42969],[102.91711,4.42969],[102.91711,4.42941],[102.91683,4.42941],[102.91683,4.42913],[102.91655,4.42913],[102.91655,4.42885],[102.91628,4.42885],[102.91628,4.42858],[102.916,4.42858],[102.916,4.4283],[102.91572,4.4283],[102.91572,4.42802],[102.91517,4.42802],[102.91517,4.42774],[102.91461,4.42774],[102.91461,4.42746],[102.91434,4.42746],[102.91434,4.42718],[102.91406,4.42718],[102.91406,4.4269],[102.9135,4.4269],[102.9135,4.42663],[102.91323,4.42662],[102.91323,4.42635],[102.91295,4.42635],[102.91295,4.42607],[102.91267,4.42607],[102.91295,4.42596],[102.91365,4.42589],[102.91457,4.42582],[102.91523,4.42592],[102.91591,4.42595],[102.91622,4.426],[102.91644,4.42606],[102.91658,4.42624],[102.91662,4.42644],[102.91672,4.42667],[102.91689,4.42678],[102.91714,4.42676],[102.91731,4.42661],[102.91743,4.42644],[102.91755,4.42641],[102.91779,4.42653],[102.91792,4.42674],[102.91809,4.42693],[102.91827,4.42698],[102.91855,4.4269],[102.91886,4.42669],[102.9194,4.42647],[102.92017,4.42623],[102.92071,4.42608],[102.92111,4.42601],[102.92161,4.42608],[102.92211,4.42632],[102.92264,4.42672],[102.92321,4.427],[102.92358,4.42711],[102.92405,4.42784],[102.92431,4.42818],[102.92479,4.42844],[102.92507,4.42842],[102.92555,4.42825],[102.92604,4.42839],[102.92735,4.4284],[102.92821,4.42821],[102.92871,4.42803],[102.92912,4.42782],[102.92953,4.4278],[102.93005,4.42804],[102.93036,4.42809],[102.93091,4.42805],[102.93158,4.42768],[102.93228,4.4275],[102.93298,4.42705],[102.93358,4.42679],[102.93391,4.42681],[102.93432,4.427],[102.9352,4.42789],[102.93547,4.42808],[102.93586,4.42831],[102.93607,4.42853],[102.93619,4.42876],[102.93622,4.42895],[102.93631,4.42905],[102.93648,4.42912],[102.93674,4.42906],[102.93685,4.42894],[102.93697,4.42869],[102.93713,4.4283],[102.93723,4.42791],[102.93718,4.42765],[102.93711,4.42744],[102.93707,4.42724],[102.93704,4.42693],[102.93724,4.4265],[102.93743,4.42635],[102.93782,4.42635],[102.93846,4.42671],[102.93881,4.42691],[102.93922,4.42713],[102.9394,4.42718],[102.93962,4.42716],[102.93994,4.42694],[102.94002,4.42648],[102.94005,4.42595],[102.94023,4.42551],[102.94051,4.42522],[102.94076,4.42491],[102.94096,4.42447],[102.94105,4.42418],[102.94125,4.4239],[102.94139,4.42353],[102.94143,4.4231],[102.9414,4.42284],[102.94144,4.42266],[102.94158,4.42251],[102.94189,4.42253],[102.94247,4.4227],[102.94288,4.42283],[102.94312,4.42269],[102.94338,4.42231],[102.94362,4.42181],[102.94403,4.4216],[102.94448,4.42133],[102.9448,4.42093],[102.94523,4.42024],[102.9456,4.41981],[102.94591,4.41917],[102.94633,4.41881],[102.94743,4.41845],[102.94907,4.41766],[102.95061,4.41678],[102.95174,4.41588],[102.95257,4.41532],[102.95279,4.4148],[102.9529,4.4145],[102.95344,4.41428],[102.95409,4.41428],[102.95451,4.41452],[102.95616,4.41476],[102.95709,4.41474],[102.95759,4.4147],[102.95789,4.41425],[102.9583,4.41357],[102.95853,4.41323],[102.95839,4.41302],[102.95801,4.4127],[102.95767,4.41226],[102.95736,4.41202],[102.95717,4.41169],[102.95717,4.41144],[102.95738,4.41107],[102.95769,4.41076],[102.95803,4.41066],[102.95864,4.41081],[102.95908,4.41113],[102.95943,4.41126],[102.95982,4.41137],[102.95982,4.41109],[102.96009,4.41109],[102.96009,4.41081],[102.96037,4.41081],[102.96037,4.41053],[102.96065,4.41053],[102.96065,4.41025],[102.96287,4.41026],[102.96287,4.40998],[102.96314,4.40998],[102.96314,4.40859],[102.96342,4.40859],[102.96342,4.40803],[102.9637,4.40803],[102.9637,4.40775],[102.96398,4.40775],[102.96398,4.40747],[102.96453,4.40747],[102.96453,4.40775],[102.96619,4.40775],[102.96619,4.40803],[102.96647,4.40803],[102.96647,4.40831],[102.96675,4.40831],[102.96675,4.40859],[102.96703,4.40859],[102.96703,4.40915],[102.96786,4.40915],[102.96786,4.40943],[102.96841,4.40943],[102.96841,4.40915],[102.96924,4.40915],[102.96924,4.40887],[102.9698,4.40887],[102.9698,4.40859],[102.97063,4.40859],[102.97063,4.40831],[102.97118,4.40832],[102.97118,4.40804],[102.97146,4.40804],[102.97146,4.40776],[102.97174,4.40776],[102.97174,4.40804],[102.97202,4.40804],[102.97202,4.40776],[102.97229,4.40776],[102.97229,4.40748],[102.97285,4.40748],[102.97285,4.40693],[102.97257,4.40693],[102.97257,4.40637],[102.97285,4.40637],[102.97285,4.40609],[102.9734,4.40609],[102.9734,4.40581],[102.97368,4.40581],[102.97368,4.40554],[102.97396,4.40554],[102.97396,4.40414],[102.97424,4.40414],[102.97424,4.40331],[102.97396,4.40331],[102.97396,4.40247],[102.97341,4.40247],[102.97341,4.40192],[102.97313,4.40192],[102.97313,4.40136],[102.97285,4.40136],[102.97285,4.40108],[102.97258,4.40108],[102.97258,4.4008],[102.9723,4.4008],[102.9723,4.40053],[102.97258,4.40053],[102.97258,4.40033],[102.97258,4.40025],[102.97258,4.39997],[102.97286,4.39997],[102.97424,4.39997],[102.97424,4.39969],[102.97452,4.39969],[102.97452,4.39997],[102.9748,4.39997],[102.9748,4.40025],[102.97535,4.40025],[102.97535,4.39969],[102.9759,4.39969],[102.97591,4.39914],[102.97563,4.39914],[102.97563,4.39886],[102.97591,4.39886],[102.97591,4.39858],[102.97701,4.39858],[102.97701,4.39886],[102.97812,4.39886],[102.97812,4.39914],[102.97868,4.39914],[102.97868,4.39942],[102.97923,4.39942],[102.97923,4.39914],[102.97951,4.39914],[102.97951,4.39831],[102.98062,4.39831],[102.98062,4.39803],[102.98117,4.39803],[102.98117,4.39775],[102.98173,4.39775],[102.98173,4.39719],[102.98228,4.3972],[102.98228,4.39692],[102.98284,4.39692],[102.98284,4.39636],[102.98367,4.39636],[102.98367,4.39664],[102.98395,4.39664],[102.98395,4.39692],[102.98422,4.39692],[102.98422,4.39748],[102.98478,4.39748],[102.98478,4.39775],[102.98561,4.39775],[102.98561,4.39803],[102.98589,4.39803],[102.98589,4.39776],[102.98644,4.39776],[102.98644,4.39748],[102.987,4.39748],[102.987,4.3972],[102.98727,4.3972],[102.98727,4.39692],[102.98783,4.39692],[102.98783,4.39664],[102.9881,4.39664],[102.98811,4.39581],[102.98838,4.39581],[102.98838,4.39553],[102.98866,4.39553],[102.98866,4.39498],[102.98894,4.39498],[102.98894,4.3947],[102.98977,4.3947],[102.98977,4.39442],[102.99116,4.39442],[102.99116,4.39414],[102.99143,4.39414],[102.99143,4.39386],[102.99171,4.39386],[102.99171,4.39303],[102.99227,4.39303],[102.99227,4.39275],[102.99365,4.39275],[102.99365,4.39248],[102.99393,4.39248],[102.99393,4.3922],[102.99421,4.3922],[102.99421,4.39192],[102.99448,4.39192],[102.99449,4.39053],[102.99476,4.39053],[102.99476,4.39025],[102.99504,4.39025],[102.99504,4.38997],[102.9956,4.38997],[102.9956,4.38914],[102.99587,4.38914],[102.99587,4.3883],[102.99615,4.3883],[102.99615,4.38747],[102.99643,4.38747],[102.99643,4.38691],[102.99671,4.38691],[102.99671,4.38608],[102.99782,4.38608],[102.99782,4.3858],[102.99837,4.3858],[102.99837,4.38552],[102.99893,4.38552],[102.99893,4.38525],[102.9992,4.38525],[102.9992,4.38497],[103.00142,4.38497],[103.00142,4.38469],[103.0017,4.38469],[103.0017,4.38441],[103.00253,4.38441],[103.00253,4.38414],[103.00281,4.38414],[103.00281,4.38386],[103.00336,4.38386],[103.00336,4.38358],[103.00364,4.38358],[103.00364,4.3833],[103.00419,4.3833],[103.0042,4.38275],[103.00503,4.38275],[103.00503,4.38247],[103.0053,4.38247],[103.0053,4.38219],[103.00558,4.38219],[103.00558,4.38191],[103.00586,4.38191],[103.00654,4.38152],[103.00655,4.38154],[103.00713,4.38198],[103.00751,4.38242],[103.00753,4.38242],[103.00762,4.38253],[103.00777,4.38267],[103.00779,4.38269],[103.00806,4.38297],[103.00819,4.38326],[103.00907,4.3847],[103.00909,4.38472],[103.00983,4.38525],[103.01046,4.38569],[103.01124,4.38598],[103.01164,4.38633],[103.01208,4.38652],[103.01246,4.3864],[103.01304,4.38587],[103.01349,4.3857],[103.01399,4.38564],[103.01466,4.38587],[103.01569,4.38643],[103.01654,4.38706],[103.01656,4.38708],[103.01689,4.38744],[103.0171,4.3879],[103.01765,4.38909],[103.01778,4.39087],[103.01789,4.39114],[103.01789,4.39116],[103.01828,4.39144],[103.01906,4.39221],[103.01959,4.39298],[103.01961,4.393],[103.01963,4.39301],[103.01988,4.39323],[103.02098,4.39336],[103.02199,4.39359],[103.0227,4.39384],[103.02308,4.39417],[103.0231,4.39419],[103.02401,4.39545],[103.02478,4.39685],[103.025,4.39714],[103.02502,4.39717],[103.02546,4.39737],[103.02601,4.39758],[103.02624,4.3979],[103.02634,4.39832],[103.02653,4.39924],[103.02655,4.40028],[103.02651,4.40076],[103.02643,4.40106],[103.02643,4.4011],[103.02624,4.40137],[103.02599,4.40156],[103.02586,4.40165],[103.02552,4.40192],[103.02546,4.40208],[103.02555,4.40229],[103.02614,4.40282],[103.02672,4.40336],[103.02675,4.4034],[103.02698,4.40378],[103.02708,4.40391],[103.02727,4.40451],[103.02736,4.40501],[103.02729,4.40545],[103.02694,4.40592],[103.0265,4.40617],[103.02631,4.40631],[103.0262,4.40661],[103.0262,4.40767],[103.0262,4.40772],[103.02616,4.40824],[103.02614,4.40828],[103.02593,4.40832],[103.02543,4.40835],[103.0249,4.40824],[103.02416,4.40809],[103.02343,4.40814],[103.02278,4.40833],[103.02213,4.40851],[103.02169,4.40866],[103.02152,4.4086],[103.02143,4.4085],[103.02067,4.40772],[103.02042,4.40747],[103.01927,4.40676],[103.01918,4.40672],[103.01876,4.40661],[103.01849,4.40663],[103.01819,4.40695],[103.01788,4.40716],[103.01729,4.40752],[103.01637,4.4085],[103.01599,4.4089],[103.01527,4.40955],[103.01509,4.40967],[103.01485,4.4098],[103.01416,4.41001],[103.01378,4.41007],[103.01328,4.41011],[103.013,4.41024],[103.01258,4.41089],[103.01227,4.41164],[103.01183,4.41229],[103.01132,4.41265],[103.01095,4.41292],[103.01051,4.4137],[103.01,4.41443],[103.00929,4.41537],[103.00913,4.41586],[103.0091,4.41594],[103.00908,4.41642],[103.0091,4.41688],[103.00908,4.41753],[103.0091,4.4181],[103.00919,4.41883],[103.00925,4.41958],[103.00932,4.42029],[103.00948,4.42096],[103.00948,4.42149],[103.00929,4.42197],[103.00906,4.42243],[103.00892,4.42274],[103.00911,4.42302],[103.00913,4.42306],[103.00965,4.42326],[103.00999,4.42347],[103.00999,4.42349],[103.01035,4.42387],[103.01073,4.42431],[103.0109,4.42483],[103.01079,4.42546],[103.01073,4.42605],[103.01075,4.42651],[103.0106,4.42703],[103.01037,4.4276],[103.01035,4.42793],[103.01052,4.42841],[103.01067,4.42927],[103.01077,4.42996],[103.01077,4.43005],[103.01092,4.43101],[103.01086,4.43151],[103.01107,4.4322],[103.01132,4.4327],[103.01158,4.43306],[103.01168,4.4334],[103.01162,4.43375],[103.0116,4.43432],[103.01149,4.43478],[103.01114,4.43511],[103.01072,4.43536],[103.01028,4.43562],[103.00985,4.43599],[103.00933,4.43645],[103.0091,4.43675],[103.00899,4.4369],[103.00859,4.43757],[103.00839,4.43801],[103.00816,4.43876],[103.00809,4.43941],[103.00782,4.43983],[103.00757,4.44008],[103.0074,4.44027],[103.00715,4.44081],[103.00685,4.44133],[103.0066,4.44175],[103.00627,4.4423],[103.0062,4.44255],[103.00604,4.44295],[103.00602,4.44341],[103.00589,4.44376],[103.00549,4.44397],[103.00417,4.44435],[103.00341,4.44467],[103.00295,4.44492],[103.00282,4.44532],[103.00286,4.44632],[103.00284,4.44687],[103.00264,4.44739],[103.00205,4.44772],[103.00203,4.44825],[103.00198,4.44865],[103.00196,4.44888],[103.00163,4.44948],[103.00096,4.44997],[103.00056,4.45028],[103.0002,4.4508],[102.99986,4.45101],[102.99936,4.45108],[102.99824,4.45093],[102.99654,4.45072],[102.99587,4.45054],[102.99549,4.45031],[102.99547,4.45028],[102.99545,4.45028],[102.99537,4.4502],[102.99536,4.45016],[102.99518,4.44999],[102.99473,4.44983],[102.99429,4.45026],[102.99375,4.45096],[102.99331,4.45138],[102.99326,4.45144],[102.99268,4.45173],[102.99202,4.45177],[102.99144,4.45188],[102.99093,4.45211],[102.99089,4.45211],[102.99039,4.45236],[102.98984,4.45249],[102.98929,4.45264],[102.9891,4.45287],[102.98912,4.45295],[102.98915,4.45333],[102.98915,4.4536],[102.98915,4.45374],[102.98896,4.45418],[102.98854,4.45479],[102.98826,4.45529],[102.9881,4.45569],[102.98804,4.45651],[102.98797,4.45733],[102.98762,4.45779],[102.98722,4.45852],[102.98718,4.45869],[102.98709,4.45917],[102.98737,4.46003],[102.98764,4.46057],[102.98764,4.46059],[102.98774,4.46066],[102.98783,4.46074],[102.98785,4.46074],[102.98785,4.46076],[102.98787,4.46078],[102.98796,4.46101],[102.98815,4.46168],[102.98832,4.46264],[102.98823,4.46333],[102.988,4.4639],[102.98787,4.46421],[102.98735,4.46413],[102.98653,4.46407],[102.98563,4.46407],[102.98523,4.46426],[102.98504,4.46476],[102.9847,4.46545],[102.98439,4.46629],[102.98416,4.46648],[102.9839,4.46673],[102.98294,4.4669],[102.98237,4.46717],[102.98227,4.46793],[102.98189,4.46903],[102.98145,4.4696],[102.98075,4.46991],[102.98031,4.47],[102.98,4.47004],[102.97924,4.47025],[102.97847,4.47096],[102.97794,4.47214],[102.97763,4.4732],[102.97752,4.47388],[102.97775,4.47465]]]},"properties":{"FID":18,"Sector":"ULU KERAWAT","SectorID":"Sec19","source_layer":"Sector"}},{"type":"Feature","id":19,"geometry":{"type":"Polygon","coordinates":[[[102.82825,4.56064],[102.82802,4.56065],[102.82662,4.56072],[102.82659,4.56077],[102.82572,4.56213],[102.82444,4.56319],[102.8229,4.56297],[102.82163,4.56221],[102.82125,4.562],[102.82084,4.56167],[102.81984,4.56151],[102.81895,4.56107],[102.81812,4.56091],[102.81668,4.55989],[102.81542,4.55866],[102.81402,4.55826],[102.81247,4.55813],[102.81099,4.55713],[102.80997,4.55832],[102.80842,4.55911],[102.80793,4.55973],[102.80676,4.56001],[102.80528,4.55909],[102.80385,4.55875],[102.80225,4.5584],[102.80102,4.55761],[102.80005,4.55777],[102.7991,4.55767],[102.79832,4.55794],[102.79803,4.55838],[102.79616,4.55863],[102.79451,4.55917],[102.79325,4.55826],[102.79306,4.55745],[102.79239,4.55661],[102.79182,4.55491],[102.7909,4.55346],[102.79025,4.55277],[102.7895,4.55226],[102.78773,4.55243],[102.78679,4.55253],[102.78588,4.55264],[102.78417,4.55257],[102.78324,4.55128],[102.78182,4.55048],[102.78055,4.54941],[102.77982,4.54912],[102.77861,4.54921],[102.77718,4.5496],[102.777,4.54853],[102.77641,4.54853],[102.77606,4.54791],[102.77571,4.54745],[102.77627,4.54575],[102.77627,4.54494],[102.77608,4.54319],[102.7754,4.54239],[102.77508,4.54151],[102.77439,4.54028],[102.77379,4.53862],[102.7724,4.53749],[102.77144,4.53602],[102.77197,4.53429],[102.7716,4.53373],[102.77118,4.53203],[102.77147,4.53032],[102.77082,4.52964],[102.77013,4.52967],[102.76963,4.52937],[102.76939,4.52923],[102.76833,4.5279],[102.76777,4.52655],[102.7674,4.5263],[102.76666,4.52507],[102.76545,4.52375],[102.76565,4.52349],[102.76671,4.52209],[102.76786,4.5207],[102.76757,4.52054],[102.76758,4.51996],[102.76785,4.51996],[102.76785,4.51913],[102.76758,4.51913],[102.76758,4.51857],[102.7673,4.51857],[102.7673,4.51829],[102.76702,4.51829],[102.76702,4.51718],[102.7673,4.51718],[102.7673,4.5169],[102.76758,4.5169],[102.76758,4.51662],[102.76786,4.51662],[102.76786,4.51635],[102.76841,4.51635],[102.76841,4.51607],[102.76924,4.51607],[102.76924,4.51635],[102.7698,4.51635],[102.7698,4.51579],[102.77008,4.51579],[102.77008,4.51551],[102.77035,4.51551],[102.77035,4.51524],[102.77091,4.51524],[102.77091,4.51385],[102.77202,4.51385],[102.77202,4.51357],[102.7723,4.51357],[102.7723,4.51301],[102.77368,4.51301],[102.77368,4.51274],[102.77396,4.51274],[102.77396,4.51218],[102.77479,4.51218],[102.77479,4.51162],[102.77507,4.51162],[102.77507,4.51107],[102.77535,4.51107],[102.77535,4.51135],[102.7759,4.51135],[102.7759,4.51107],[102.77701,4.51107],[102.77701,4.51079],[102.77784,4.51079],[102.77785,4.51024],[102.7784,4.51024],[102.7784,4.50968],[102.77868,4.50968],[102.77868,4.50801],[102.7784,4.50801],[102.7784,4.50745],[102.77813,4.50745],[102.77813,4.50523],[102.77785,4.50523],[102.77785,4.50411],[102.77757,4.50411],[102.77758,4.50328],[102.77813,4.50328],[102.77813,4.503],[102.77841,4.503],[102.77841,4.50272],[102.77869,4.50272],[102.77869,4.50245],[102.77896,4.50245],[102.77896,4.50217],[102.77924,4.50217],[102.77924,4.50161],[102.77952,4.50161],[102.77952,4.50133],[102.78007,4.50133],[102.78007,4.50106],[102.78035,4.50106],[102.78035,4.5005],[102.78146,4.5005],[102.78146,4.50022],[102.78174,4.50022],[102.78174,4.49994],[102.78202,4.49995],[102.78202,4.49967],[102.78257,4.49967],[102.78257,4.49939],[102.78285,4.49939],[102.78285,4.49911],[102.78313,4.49911],[102.78313,4.49883],[102.78368,4.49883],[102.78368,4.49689],[102.78341,4.49689],[102.78341,4.49605],[102.78368,4.49605],[102.78368,4.49494],[102.78341,4.49494],[102.78341,4.49438],[102.78369,4.49438],[102.78369,4.49383],[102.78479,4.49383],[102.7848,4.49355],[102.78563,4.49355],[102.78563,4.49383],[102.78618,4.49383],[102.78646,4.49383],[102.78646,4.49439],[102.78674,4.49439],[102.78673,4.49522],[102.7884,4.49522],[102.7884,4.49494],[102.79062,4.49495],[102.79062,4.49467],[102.79145,4.49467],[102.79145,4.49439],[102.79173,4.49439],[102.79173,4.49411],[102.792,4.49411],[102.792,4.49383],[102.79256,4.49384],[102.79256,4.49356],[102.79339,4.49356],[102.79339,4.49328],[102.79395,4.49328],[102.79395,4.493],[102.7945,4.493],[102.7945,4.49245],[102.79478,4.49245],[102.79478,4.49217],[102.7945,4.49217],[102.7945,4.49189],[102.79478,4.49189],[102.79478,4.49161],[102.79506,4.49161],[102.79506,4.49133],[102.79533,4.49133],[102.79533,4.49106],[102.79672,4.49106],[102.79672,4.49134],[102.797,4.49134],[102.797,4.49161],[102.79783,4.49162],[102.79783,4.49189],[102.79866,4.49189],[102.79866,4.49217],[102.79949,4.49217],[102.79949,4.49245],[102.79977,4.49245],[102.79977,4.49273],[102.80005,4.49273],[102.80004,4.49301],[102.80032,4.49301],[102.80032,4.49329],[102.80088,4.49329],[102.80088,4.49357],[102.80143,4.49357],[102.80143,4.49385],[102.80171,4.49385],[102.80171,4.49357],[102.80282,4.49357],[102.80282,4.49301],[102.80309,4.49301],[102.8031,4.49273],[102.80365,4.49273],[102.80365,4.49218],[102.8042,4.49218],[102.8042,4.4919],[102.80448,4.4919],[102.80448,4.49218],[102.80476,4.49218],[102.80476,4.49274],[102.80504,4.49274],[102.80504,4.49301],[102.80559,4.49302],[102.80559,4.49274],[102.80698,4.49274],[102.80698,4.49302],[102.80725,4.49302],[102.80725,4.4933],[102.80753,4.4933],[102.80781,4.4933],[102.80781,4.49357],[102.80836,4.49357],[102.80836,4.4933],[102.80864,4.4933],[102.80864,4.49302],[102.80919,4.49302],[102.80919,4.4933],[102.80947,4.4933],[102.80947,4.49302],[102.8103,4.49302],[102.8103,4.4933],[102.81113,4.4933],[102.81114,4.49274],[102.81169,4.49274],[102.81169,4.49247],[102.81224,4.49247],[102.81224,4.49219],[102.81335,4.49219],[102.81335,4.49275],[102.81557,4.49275],[102.81557,4.4933],[102.81585,4.4933],[102.81585,4.49358],[102.81613,4.49358],[102.81612,4.49386],[102.8164,4.49386],[102.8164,4.49442],[102.81668,4.49442],[102.81668,4.4947],[102.8164,4.4947],[102.8164,4.49497],[102.81668,4.49498],[102.81668,4.49553],[102.81751,4.49553],[102.81751,4.49581],[102.81779,4.49581],[102.81779,4.49665],[102.81806,4.49665],[102.81806,4.4972],[102.81834,4.4972],[102.81834,4.49776],[102.81889,4.49776],[102.81889,4.49832],[102.81972,4.49832],[102.81972,4.49804],[102.82,4.49804],[102.82,4.49776],[102.82083,4.49776],[102.82083,4.49804],[102.8225,4.49804],[102.8225,4.4986],[102.82361,4.4986],[102.82361,4.49832],[102.82471,4.49832],[102.82471,4.4986],[102.82527,4.4986],[102.82527,4.49805],[102.8261,4.49805],[102.8261,4.49777],[102.82693,4.49777],[102.82693,4.49805],[102.82721,4.49805],[102.82721,4.4986],[102.82749,4.4986],[102.82749,4.49833],[102.82804,4.49833],[102.82804,4.49805],[102.8286,4.49805],[102.8286,4.49777],[102.82887,4.49777],[102.82887,4.49749],[102.82915,4.49749],[102.82915,4.49721],[102.82943,4.49721],[102.82943,4.49666],[102.82971,4.49666],[102.82971,4.49638],[102.83054,4.49638],[102.83054,4.49666],[102.8322,4.49666],[102.8322,4.49722],[102.83276,4.49722],[102.83276,4.4975],[102.83303,4.4975],[102.83303,4.49833],[102.83276,4.49833],[102.83275,4.49889],[102.83331,4.49889],[102.83331,4.49917],[102.83414,4.49917],[102.83414,4.5],[102.83553,4.5],[102.83553,4.50028],[102.8358,4.50028],[102.8358,4.50112],[102.83608,4.50112],[102.83608,4.50167],[102.83663,4.50167],[102.83663,4.50223],[102.83691,4.50223],[102.83691,4.50279],[102.83719,4.50279],[102.83719,4.50307],[102.83746,4.50307],[102.83746,4.50334],[102.84107,4.50335],[102.84107,4.50307],[102.8419,4.50307],[102.8419,4.50251],[102.84643,4.50258],[102.84643,4.5028],[102.84642,4.50311],[102.84648,4.5033],[102.84672,4.50355],[102.84716,4.50403],[102.84733,4.5047],[102.84726,4.50525],[102.84733,4.50625],[102.84743,4.50652],[102.8475,4.50676],[102.8475,4.5068],[102.84748,4.50705],[102.84716,4.5073],[102.84674,4.5077],[102.84647,4.50795],[102.8463,4.50818],[102.84626,4.50852],[102.84634,4.50889],[102.84695,4.50979],[102.84729,4.5104],[102.84731,4.51111],[102.84731,4.51195],[102.84746,4.51339],[102.84767,4.514],[102.8481,4.5149],[102.84847,4.51578],[102.84856,4.51632],[102.84854,4.51754],[102.8485,4.51879],[102.84842,4.51932],[102.84747,4.51955],[102.84674,4.5199],[102.84655,4.52007],[102.84642,4.5202],[102.84646,4.52039],[102.84669,4.5207],[102.8468,4.52099],[102.84669,4.52158],[102.8467,4.52231],[102.8468,4.5226],[102.84729,4.52321],[102.84733,4.52346],[102.84722,4.52365],[102.84649,4.52405],[102.84573,4.52451],[102.84533,4.52466],[102.84516,4.52472],[102.84449,4.52518],[102.84397,4.52571],[102.84351,4.52661],[102.84307,4.52725],[102.8429,4.52769],[102.84282,4.52843],[102.84271,4.52883],[102.84212,4.52964],[102.84185,4.53006],[102.84168,4.53035],[102.84164,4.5304],[102.84099,4.5309],[102.84074,4.53117],[102.8404,4.53193],[102.84026,4.53212],[102.83914,4.53272],[102.83881,4.53293],[102.83853,4.53333],[102.83845,4.53392],[102.83847,4.5344],[102.83877,4.53484],[102.83893,4.53521],[102.83894,4.53557],[102.83906,4.53624],[102.83902,4.53658],[102.83875,4.53741],[102.83852,4.53775],[102.83829,4.53815],[102.83814,4.53842],[102.83833,4.53877],[102.83833,4.53915],[102.83848,4.53968],[102.83867,4.54011],[102.83898,4.54091],[102.83926,4.54145],[102.83947,4.54216],[102.83953,4.54267],[102.83968,4.54317],[102.83972,4.54399],[102.83981,4.54443],[102.83972,4.5451],[102.83968,4.54549],[102.83983,4.54665],[102.84008,4.54754],[102.84025,4.54815],[102.8404,4.54847],[102.84063,4.5493],[102.84068,4.54991],[102.8412,4.55244],[102.84131,4.55351],[102.84133,4.5537],[102.84133,4.55376],[102.84139,4.55412],[102.84129,4.55437],[102.84114,4.55454],[102.84058,4.55516],[102.84022,4.55556],[102.84018,4.55562],[102.83953,4.55636],[102.83948,4.55651],[102.83959,4.55676],[102.83963,4.55686],[102.83999,4.55766],[102.84014,4.55814],[102.8402,4.55828],[102.84029,4.55847],[102.84031,4.55853],[102.84033,4.5591],[102.84012,4.55941],[102.83997,4.55994],[102.83997,4.55994],[102.8398,4.55998],[102.83969,4.56009],[102.83939,4.56001],[102.83845,4.55981],[102.83693,4.55942],[102.83545,4.55934],[102.83519,4.55948],[102.83505,4.55955],[102.83463,4.55977],[102.83413,4.56004],[102.83398,4.5601],[102.83269,4.56061],[102.83256,4.56066],[102.83186,4.56093],[102.83186,4.56094],[102.83183,4.56094],[102.83107,4.56122],[102.8296,4.56089],[102.82827,4.56064],[102.82825,4.56064]]]},"properties":{"FID":19,"Sector":"ULU LURUT","SectorID":"Sec20","source_layer":"Sector"}},{"type":"Feature","id":20,"geometry":{"type":"Polygon","coordinates":[[[102.81256,4.28795],[102.81263,4.28823],[102.81301,4.28962],[102.81302,4.28966],[102.81302,4.28976],[102.81284,4.29157],[102.81282,4.29184],[102.81277,4.29235],[102.81238,4.29235],[102.81026,4.29183],[102.80777,4.29126],[102.80631,4.29118],[102.8041,4.2908],[102.80043,4.28819],[102.79949,4.2878],[102.79861,4.28767],[102.79838,4.28764],[102.79722,4.28772],[102.79674,4.28752],[102.79507,4.28629],[102.794,4.28528],[102.7903,4.28056],[102.78975,4.27986],[102.78915,4.27941],[102.78757,4.27891],[102.78716,4.27858],[102.783,4.27339],[102.7803,4.26966],[102.77702,4.26575],[102.7763,4.26494],[102.77384,4.26216],[102.77374,4.26022],[102.7736,4.25948],[102.76979,4.25864],[102.7658,4.25976],[102.7644,4.25977],[102.76373,4.25952],[102.76215,4.25921],[102.76105,4.26001],[102.75991,4.26053],[102.75847,4.26097],[102.75845,4.26094],[102.7572,4.2592],[102.75616,4.25757],[102.75528,4.25545],[102.75488,4.25449],[102.75296,4.25113],[102.75294,4.24824],[102.75291,4.24747],[102.75282,4.24566],[102.75273,4.24558],[102.75231,4.24525],[102.75176,4.24492],[102.74961,4.24483],[102.74766,4.24373],[102.74592,4.24258],[102.74494,4.24252],[102.74383,4.24268],[102.74351,4.24252],[102.7434,4.24248],[102.74302,4.24215],[102.74265,4.24087],[102.7423,4.23914],[102.74168,4.23837],[102.74059,4.23835],[102.73905,4.23889],[102.73723,4.2389],[102.73678,4.23875],[102.73471,4.23777],[102.7313,4.23619],[102.72653,4.23644],[102.72571,4.23733],[102.7255,4.2372],[102.7255,4.23692],[102.72522,4.23692],[102.72522,4.23609],[102.72494,4.23609],[102.72494,4.23553],[102.72467,4.23553],[102.72467,4.23414],[102.72356,4.23414],[102.72356,4.2333],[102.72328,4.2333],[102.72328,4.23302],[102.72301,4.23302],[102.72301,4.23247],[102.72218,4.23247],[102.72218,4.23135],[102.7219,4.23135],[102.7219,4.2308],[102.72218,4.2308],[102.72218,4.22996],[102.72162,4.22996],[102.72162,4.22968],[102.72107,4.22968],[102.72107,4.2294],[102.72079,4.2294],[102.72079,4.22885],[102.72024,4.22885],[102.72024,4.22745],[102.72052,4.22745],[102.72052,4.22718],[102.7208,4.22718],[102.7208,4.22662],[102.72107,4.22662],[102.72107,4.22579],[102.72135,4.22579],[102.72135,4.22495],[102.72163,4.22495],[102.72163,4.22467],[102.72191,4.22467],[102.72191,4.2244],[102.72219,4.2244],[102.72219,4.22412],[102.72274,4.22412],[102.72274,4.22384],[102.72329,4.22384],[102.7233,4.22328],[102.72385,4.22328],[102.72385,4.22301],[102.7244,4.22301],[102.7244,4.22273],[102.72468,4.22273],[102.72579,4.22273],[102.72579,4.22245],[102.72607,4.22245],[102.72607,4.22217],[102.72662,4.22217],[102.72662,4.2219],[102.72718,4.2219],[102.72718,4.22162],[102.72829,4.22162],[102.72829,4.22218],[102.72912,4.22218],[102.72912,4.2219],[102.72995,4.2219],[102.72995,4.22134],[102.7305,4.22134],[102.7305,4.22107],[102.73078,4.22107],[102.73078,4.22079],[102.73106,4.22079],[102.73106,4.22051],[102.73161,4.22051],[102.73161,4.22079],[102.73272,4.22079],[102.73272,4.22051],[102.733,4.22051],[102.733,4.22023],[102.73466,4.22024],[102.73466,4.21996],[102.73577,4.21996],[102.73577,4.21913],[102.7355,4.21912],[102.7355,4.21885],[102.73522,4.21885],[102.73522,4.21801],[102.7355,4.21801],[102.7355,4.21773],[102.73688,4.21774],[102.73688,4.21746],[102.73716,4.21746],[102.73716,4.21718],[102.73744,4.21718],[102.73744,4.21662],[102.73772,4.21662],[102.73772,4.21634],[102.73966,4.21635],[102.73966,4.21607],[102.73966,4.21551],[102.73938,4.21551],[102.73938,4.21523],[102.7391,4.21523],[102.7391,4.21468],[102.73883,4.21468],[102.73883,4.21301],[102.73855,4.21301],[102.73855,4.21273],[102.73827,4.21273],[102.73828,4.21189],[102.738,4.21189],[102.738,4.21078],[102.73828,4.21078],[102.73828,4.2105],[102.73883,4.2105],[102.73883,4.20967],[102.73856,4.20967],[102.73856,4.20911],[102.738,4.20911],[102.738,4.20883],[102.73773,4.20883],[102.73773,4.20828],[102.73745,4.20827],[102.73745,4.20772],[102.7369,4.20772],[102.7369,4.20716],[102.73634,4.20716],[102.73634,4.20688],[102.73606,4.20688],[102.73607,4.2066],[102.73579,4.2066],[102.73579,4.20521],[102.73551,4.20521],[102.73551,4.20466],[102.73524,4.20465],[102.73524,4.20438],[102.73468,4.20438],[102.73468,4.20382],[102.73441,4.20382],[102.73441,4.20326],[102.73385,4.20326],[102.73385,4.20354],[102.73274,4.20354],[102.73274,4.20326],[102.73247,4.20326],[102.73247,4.2027],[102.73219,4.2027],[102.73219,4.20215],[102.73247,4.20215],[102.73247,4.20159],[102.73219,4.20159],[102.73219,4.20131],[102.73191,4.20131],[102.73191,4.20103],[102.73219,4.20103],[102.73219,4.20048],[102.73192,4.20048],[102.73192,4.19825],[102.7322,4.19825],[102.7322,4.19797],[102.73247,4.19797],[102.73247,4.19658],[102.73275,4.19658],[102.73275,4.19603],[102.73303,4.19603],[102.73303,4.19575],[102.73358,4.19575],[102.73358,4.19547],[102.73414,4.19547],[102.73414,4.19436],[102.73442,4.19436],[102.73442,4.19324],[102.73497,4.19325],[102.73497,4.19269],[102.73525,4.19269],[102.73525,4.19213],[102.73497,4.19213],[102.73497,4.19158],[102.7347,4.19158],[102.7347,4.19074],[102.73498,4.19074],[102.73498,4.18907],[102.73525,4.18907],[102.73526,4.18879],[102.73553,4.18879],[102.73553,4.18852],[102.73581,4.18852],[102.73581,4.18824],[102.73636,4.18824],[102.73637,4.1874],[102.73609,4.1874],[102.73609,4.18434],[102.73637,4.18434],[102.73637,4.18267],[102.73609,4.18267],[102.73609,4.18239],[102.73554,4.18239],[102.73554,4.18212],[102.73526,4.18211],[102.73526,4.18184],[102.73499,4.18184],[102.73499,4.18156],[102.73443,4.18156],[102.73443,4.181],[102.73388,4.181],[102.73388,4.17989],[102.7336,4.17989],[102.73361,4.17822],[102.73305,4.17822],[102.73305,4.17794],[102.73277,4.17794],[102.73277,4.17766],[102.73222,4.17766],[102.73222,4.17738],[102.73167,4.17738],[102.73167,4.17627],[102.73139,4.17627],[102.73139,4.17599],[102.73111,4.17599],[102.73111,4.17515],[102.73167,4.17515],[102.73167,4.17432],[102.73139,4.17432],[102.73139,4.17404],[102.73112,4.17404],[102.73112,4.17376],[102.73084,4.17376],[102.73084,4.17348],[102.73056,4.17348],[102.73056,4.1732],[102.73029,4.1732],[102.73029,4.17181],[102.73084,4.17181],[102.73084,4.16987],[102.73112,4.16987],[102.73112,4.16959],[102.7314,4.16959],[102.7314,4.16931],[102.73112,4.16931],[102.73112,4.16875],[102.73057,4.16875],[102.73057,4.16736],[102.73168,4.16736],[102.73168,4.16681],[102.73196,4.16681],[102.73196,4.16653],[102.73251,4.16653],[102.73251,4.16681],[102.73528,4.16681],[102.73528,4.16709],[102.73611,4.16709],[102.73611,4.16681],[102.73667,4.16681],[102.73667,4.16542],[102.73695,4.16542],[102.73695,4.16514],[102.73722,4.16514],[102.73722,4.16542],[102.73833,4.16542],[102.73833,4.16514],[102.73916,4.16515],[102.73916,4.16487],[102.74055,4.16487],[102.74055,4.16515],[102.74138,4.16515],[102.74138,4.16487],[102.74166,4.16487],[102.74166,4.16515],[102.74221,4.16515],[102.74221,4.16404],[102.74194,4.16404],[102.74194,4.16376],[102.74221,4.16376],[102.74222,4.16209],[102.74249,4.16209],[102.74249,4.16181],[102.74277,4.16181],[102.74277,4.16153],[102.74305,4.16153],[102.74305,4.16125],[102.7436,4.16126],[102.7436,4.1607],[102.74388,4.1607],[102.74388,4.16042],[102.74416,4.16042],[102.74416,4.16014],[102.74444,4.16014],[102.74444,4.15986],[102.74471,4.15987],[102.74471,4.15959],[102.74499,4.15959],[102.74499,4.15875],[102.74527,4.15875],[102.74527,4.15847],[102.74666,4.15848],[102.74666,4.1582],[102.74721,4.1582],[102.74721,4.15848],[102.74776,4.15848],[102.74776,4.15792],[102.74804,4.15792],[102.74804,4.15736],[102.74777,4.15736],[102.74777,4.15653],[102.74804,4.15653],[102.74804,4.1557],[102.74832,4.1557],[102.74832,4.15403],[102.7486,4.15403],[102.7486,4.15375],[102.74888,4.15375],[102.74888,4.15347],[102.74916,4.15347],[102.74916,4.15319],[102.74888,4.15319],[102.74888,4.15264],[102.74916,4.15264],[102.74971,4.15264],[102.74971,4.15291],[102.74999,4.15291],[102.74999,4.15319],[102.75026,4.15319],[102.75026,4.15347],[102.75082,4.15347],[102.75082,4.15403],[102.7511,4.15403],[102.75109,4.15459],[102.75137,4.15459],[102.75137,4.15598],[102.75192,4.15598],[102.75192,4.15626],[102.7522,4.15626],[102.7522,4.15654],[102.75275,4.15654],[102.75275,4.15681],[102.75331,4.15681],[102.75331,4.15709],[102.75469,4.15709],[102.75469,4.15765],[102.75497,4.15765],[102.75497,4.15849],[102.75525,4.15849],[102.75525,4.15876],[102.75552,4.15877],[102.75552,4.15904],[102.75608,4.15904],[102.75608,4.1596],[102.75635,4.1596],[102.75635,4.15988],[102.75663,4.15988],[102.75663,4.16016],[102.75691,4.16016],[102.75691,4.16044],[102.75718,4.16044],[102.75718,4.16099],[102.75746,4.16099],[102.75746,4.16155],[102.75801,4.16155],[102.75801,4.16183],[102.75829,4.16183],[102.75829,4.16211],[102.7594,4.16211],[102.7594,4.16183],[102.75968,4.16183],[102.75968,4.16239],[102.75995,4.16239],[102.75995,4.16322],[102.76023,4.16322],[102.76023,4.1635],[102.76051,4.1635],[102.76051,4.16378],[102.76078,4.16378],[102.76078,4.16406],[102.76106,4.16406],[102.76106,4.16462],[102.76134,4.16462],[102.76134,4.16545],[102.76161,4.16545],[102.76161,4.16573],[102.76189,4.16573],[102.76189,4.16601],[102.76272,4.16601],[102.76272,4.16629],[102.76327,4.16629],[102.76328,4.16601],[102.76383,4.16601],[102.76383,4.16573],[102.76522,4.16573],[102.76521,4.16629],[102.76577,4.16629],[102.76577,4.16657],[102.76605,4.16657],[102.76604,4.16768],[102.76632,4.16768],[102.76632,4.16796],[102.7666,4.16796],[102.7666,4.16824],[102.76688,4.16824],[102.76688,4.16852],[102.76743,4.16852],[102.76743,4.16908],[102.76798,4.16908],[102.76798,4.16963],[102.76854,4.16963],[102.76992,4.16963],[102.76992,4.16908],[102.7702,4.16908],[102.7702,4.16852],[102.77048,4.16852],[102.77048,4.16769],[102.77159,4.16769],[102.77159,4.16797],[102.77297,4.16797],[102.77297,4.16825],[102.7738,4.16825],[102.7738,4.16853],[102.7763,4.16853],[102.7763,4.16825],[102.77768,4.16825],[102.77768,4.16853],[102.77824,4.16853],[102.77824,4.16881],[102.77851,4.16881],[102.77851,4.16909],[102.77935,4.16909],[102.77935,4.16937],[102.78018,4.16937],[102.78018,4.16965],[102.78101,4.16965],[102.78101,4.16993],[102.78129,4.16993],[102.78128,4.17076],[102.78156,4.17076],[102.78156,4.1716],[102.78184,4.1716],[102.78184,4.17188],[102.78211,4.17188],[102.78211,4.17215],[102.78322,4.17216],[102.78322,4.17132],[102.78378,4.17132],[102.78378,4.1716],[102.78405,4.1716],[102.78405,4.17188],[102.78433,4.17188],[102.78433,4.17216],[102.78461,4.17216],[102.78461,4.17188],[102.78516,4.17188],[102.78516,4.1716],[102.78544,4.1716],[102.78544,4.17188],[102.78572,4.17188],[102.78572,4.17216],[102.78599,4.17216],[102.78599,4.17244],[102.78627,4.17244],[102.78627,4.17272],[102.78655,4.17272],[102.78655,4.17299],[102.78682,4.17299],[102.78682,4.17327],[102.7871,4.17327],[102.7871,4.17383],[102.78738,4.17383],[102.78738,4.17411],[102.78876,4.17411],[102.78876,4.17439],[102.78932,4.17439],[102.78932,4.17467],[102.78959,4.17467],[102.78959,4.17495],[102.79043,4.17495],[102.79042,4.17522],[102.7907,4.17522],[102.7907,4.1755],[102.79042,4.1755],[102.79042,4.17578],[102.7907,4.17578],[102.7907,4.17634],[102.79042,4.17634],[102.79042,4.17856],[102.7907,4.17856],[102.7907,4.17912],[102.79097,4.17912],[102.79097,4.17996],[102.79125,4.17996],[102.79125,4.18023],[102.79153,4.18023],[102.79153,4.18051],[102.7918,4.18051],[102.7918,4.18079],[102.79126,4.18145],[102.79065,4.182],[102.79027,4.18224],[102.78991,4.18261],[102.78964,4.18311],[102.78964,4.18355],[102.78969,4.18399],[102.78942,4.18439],[102.78865,4.18518],[102.78834,4.18535],[102.78792,4.18531],[102.78746,4.18504],[102.78683,4.18482],[102.78658,4.18495],[102.7865,4.18521],[102.78657,4.18545],[102.78686,4.18595],[102.78729,4.18622],[102.78792,4.18641],[102.78821,4.18666],[102.7888,4.18754],[102.78919,4.18841],[102.7896,4.18886],[102.78969,4.1893],[102.78965,4.1896],[102.78929,4.19001],[102.7891,4.19036],[102.78915,4.19067],[102.78929,4.19098],[102.7897,4.1911],[102.78986,4.19117],[102.79039,4.19125],[102.79091,4.19132],[102.79175,4.19179],[102.79285,4.19202],[102.79365,4.19222],[102.79386,4.19234],[102.79386,4.1926],[102.79369,4.19288],[102.79357,4.19305],[102.79346,4.19352],[102.79346,4.19405],[102.79368,4.19498],[102.79357,4.19634],[102.7933,4.19695],[102.79304,4.1978],[102.79304,4.19851],[102.7932,4.19921],[102.79347,4.19975],[102.7935,4.20021],[102.79328,4.20081],[102.79283,4.20129],[102.79226,4.20164],[102.79183,4.20195],[102.79167,4.20222],[102.79178,4.20264],[102.79217,4.20334],[102.7927,4.20388],[102.79341,4.20411],[102.79464,4.20408],[102.79518,4.20413],[102.79536,4.20432],[102.7954,4.20446],[102.79537,4.20458],[102.79518,4.20472],[102.7945,4.20535],[102.79388,4.2061],[102.7938,4.20634],[102.79388,4.20674],[102.79422,4.20722],[102.79455,4.20748],[102.79478,4.2076],[102.795,4.20766],[102.79536,4.20755],[102.79553,4.20748],[102.79564,4.20743],[102.79568,4.20725],[102.79578,4.20695],[102.79591,4.20687],[102.79625,4.20684],[102.7965,4.20692],[102.79673,4.20713],[102.79683,4.208],[102.79676,4.2083],[102.79657,4.20848],[102.79635,4.2085],[102.79603,4.20847],[102.79556,4.20839],[102.79531,4.20842],[102.79511,4.20858],[102.79491,4.20892],[102.79466,4.20924],[102.79401,4.20989],[102.79317,4.21023],[102.79301,4.21059],[102.79302,4.21094],[102.79326,4.21123],[102.79364,4.21132],[102.79395,4.21116],[102.79447,4.21094],[102.79483,4.21101],[102.79502,4.2112],[102.79506,4.21142],[102.795,4.2117],[102.79461,4.21193],[102.79371,4.21224],[102.79371,4.21252],[102.79343,4.21252],[102.79343,4.21307],[102.79347,4.21331],[102.79369,4.21349],[102.79445,4.21382],[102.79477,4.21389],[102.7951,4.214],[102.7953,4.21429],[102.79543,4.21472],[102.79537,4.21531],[102.7954,4.21557],[102.79555,4.21566],[102.79587,4.21559],[102.79607,4.21541],[102.79627,4.21534],[102.79668,4.21539],[102.79679,4.21555],[102.79679,4.21575],[102.79678,4.21601],[102.79665,4.21609],[102.79644,4.2163],[102.7963,4.21654],[102.79626,4.21669],[102.79631,4.21683],[102.79642,4.21683],[102.79652,4.21681],[102.79677,4.21669],[102.79698,4.21658],[102.79733,4.21641],[102.79767,4.21636],[102.79792,4.21643],[102.79801,4.21663],[102.79806,4.21687],[102.79799,4.21722],[102.7978,4.21743],[102.79766,4.2177],[102.79749,4.21802],[102.7976,4.21828],[102.79768,4.21839],[102.79781,4.21841],[102.798,4.2184],[102.79832,4.21841],[102.79852,4.2185],[102.79855,4.21866],[102.79848,4.2189],[102.79848,4.21921],[102.79858,4.21952],[102.79929,4.2199],[102.79994,4.22036],[102.80035,4.2207],[102.8007,4.22072],[102.80119,4.22065],[102.80192,4.22058],[102.80215,4.22063],[102.8022,4.22073],[102.80206,4.22094],[102.80186,4.22108],[102.80151,4.22126],[102.80067,4.22236],[102.80013,4.22242],[102.79982,4.22259],[102.79965,4.22273],[102.79955,4.22335],[102.79965,4.2236],[102.79989,4.22381],[102.80009,4.22381],[102.80031,4.22372],[102.80062,4.22381],[102.80085,4.22428],[102.80085,4.22471],[102.80069,4.22493],[102.80009,4.22504],[102.79943,4.22519],[102.79918,4.22523],[102.79908,4.22551],[102.79915,4.22581],[102.7993,4.22613],[102.79957,4.22621],[102.79975,4.2262],[102.8,4.22609],[102.80022,4.226],[102.80053,4.22598],[102.80084,4.226],[102.80105,4.22606],[102.80123,4.22617],[102.80133,4.22639],[102.8015,4.2271],[102.80169,4.22774],[102.80165,4.22818],[102.80174,4.22842],[102.80217,4.22863],[102.80259,4.22865],[102.80273,4.22862],[102.80296,4.22846],[102.80344,4.22792],[102.80391,4.2275],[102.80411,4.22742],[102.8044,4.22744],[102.80444,4.22753],[102.80443,4.22772],[102.8043,4.22789],[102.80412,4.22804],[102.80388,4.22819],[102.80374,4.22841],[102.80368,4.22868],[102.8037,4.22911],[102.8038,4.22955],[102.80402,4.23019],[102.80407,4.23082],[102.80391,4.23121],[102.8038,4.23139],[102.80334,4.2315],[102.80308,4.23152],[102.80295,4.2316],[102.80297,4.23181],[102.80305,4.23223],[102.80338,4.23293],[102.80359,4.23319],[102.80395,4.23331],[102.80417,4.23329],[102.8043,4.23307],[102.8044,4.23289],[102.80449,4.23273],[102.80461,4.23264],[102.80484,4.23263],[102.80496,4.23284],[102.80514,4.23322],[102.80528,4.23327],[102.80552,4.23331],[102.80564,4.23349],[102.80583,4.23377],[102.80588,4.23416],[102.80575,4.23442],[102.80553,4.23462],[102.80536,4.23498],[102.80533,4.23524],[102.80547,4.23548],[102.80568,4.2356],[102.80585,4.2356],[102.80596,4.23556],[102.80607,4.2355],[102.80622,4.23544],[102.80651,4.23537],[102.80666,4.23534],[102.80691,4.23531],[102.80708,4.23523],[102.80718,4.23515],[102.80728,4.23494],[102.80748,4.23436],[102.80758,4.23407],[102.80773,4.23394],[102.80787,4.2339],[102.80812,4.23398],[102.80834,4.23422],[102.80854,4.23461],[102.80862,4.23494],[102.80868,4.23528],[102.80864,4.2355],[102.8085,4.23569],[102.80846,4.23591],[102.80869,4.23621],[102.80913,4.2365],[102.80938,4.23692],[102.80953,4.23725],[102.80975,4.23739],[102.81001,4.23748],[102.81072,4.23747],[102.81155,4.23755],[102.81188,4.2377],[102.81197,4.23779],[102.81197,4.23791],[102.81186,4.23798],[102.81166,4.23798],[102.81147,4.23802],[102.81118,4.23819],[102.81107,4.23843],[102.81102,4.2387],[102.81093,4.23907],[102.81078,4.23933],[102.81071,4.23942],[102.81053,4.23951],[102.81049,4.23963],[102.81049,4.23973],[102.81066,4.23982],[102.81106,4.23997],[102.8114,4.23998],[102.81181,4.2401],[102.81211,4.2404],[102.81229,4.24091],[102.81237,4.24147],[102.81239,4.24178],[102.81224,4.24203],[102.81197,4.24203],[102.81197,4.24231],[102.81167,4.24243],[102.81136,4.24251],[102.81102,4.24261],[102.81088,4.24279],[102.81084,4.24304],[102.81091,4.24334],[102.81109,4.24355],[102.81142,4.24397],[102.8118,4.24407],[102.81217,4.24405],[102.81263,4.24412],[102.81322,4.24434],[102.8134,4.24449],[102.81349,4.24462],[102.81349,4.24473],[102.81335,4.24487],[102.81269,4.24537],[102.81261,4.24562],[102.81252,4.24577],[102.81238,4.24587],[102.81218,4.24594],[102.81203,4.24603],[102.81187,4.24611],[102.81176,4.24631],[102.81182,4.24649],[102.81191,4.24673],[102.81191,4.2469],[102.8119,4.24702],[102.8119,4.2472],[102.81198,4.24737],[102.81209,4.24747],[102.81224,4.24747],[102.81253,4.2474],[102.81271,4.24734],[102.81306,4.24733],[102.81317,4.24738],[102.81317,4.24745],[102.81314,4.24756],[102.81292,4.24795],[102.81264,4.24828],[102.8125,4.24839],[102.81238,4.24847],[102.8123,4.24855],[102.81224,4.24868],[102.81237,4.24881],[102.81266,4.249],[102.81268,4.24908],[102.81265,4.24918],[102.81253,4.24928],[102.81233,4.24942],[102.81207,4.24946],[102.81178,4.24949],[102.81162,4.24946],[102.81148,4.24953],[102.81139,4.24958],[102.81139,4.24974],[102.81141,4.24994],[102.81156,4.25015],[102.81167,4.25038],[102.81165,4.25056],[102.81147,4.25076],[102.8114,4.25097],[102.81138,4.25132],[102.81141,4.25176],[102.81151,4.25256],[102.81172,4.25336],[102.81176,4.25362],[102.81164,4.25384],[102.81138,4.2541],[102.81127,4.25424],[102.81128,4.25436],[102.81139,4.25454],[102.8115,4.25469],[102.81161,4.25485],[102.81176,4.25497],[102.81194,4.25498],[102.81198,4.25489],[102.81202,4.25452],[102.81216,4.25413],[102.81229,4.25392],[102.81245,4.25369],[102.81262,4.25358],[102.81298,4.25342],[102.81314,4.25343],[102.81324,4.2536],[102.81323,4.25387],[102.81322,4.25408],[102.81324,4.2545],[102.81326,4.25465],[102.81332,4.25475],[102.8134,4.25477],[102.81358,4.25473],[102.81381,4.25458],[102.81411,4.25448],[102.81438,4.2545],[102.81461,4.25471],[102.81462,4.25485],[102.81462,4.25521],[102.8147,4.2554],[102.81489,4.25552],[102.815,4.25565],[102.81512,4.25587],[102.81515,4.25601],[102.81512,4.2561],[102.81501,4.25617],[102.81451,4.25625],[102.81431,4.25625],[102.81415,4.25633],[102.8141,4.25649],[102.8141,4.25667],[102.8142,4.25734],[102.81432,4.2578],[102.81512,4.25783],[102.81602,4.25777],[102.81616,4.25873],[102.81694,4.25873],[102.81694,4.25901],[102.81749,4.25901],[102.81749,4.25929],[102.81777,4.25929],[102.81777,4.25901],[102.8186,4.25901],[102.8186,4.25874],[102.81888,4.25874],[102.81888,4.25901],[102.81943,4.25902],[102.81943,4.25929],[102.81999,4.25929],[102.81999,4.25957],[102.82026,4.25957],[102.82026,4.25929],[102.82193,4.2593],[102.82193,4.25957],[102.8222,4.25958],[102.8222,4.25985],[102.82248,4.25985],[102.82248,4.26013],[102.82276,4.26013],[102.82276,4.26041],[102.82303,4.26041],[102.82303,4.26069],[102.82331,4.26069],[102.82331,4.26097],[102.82359,4.26097],[102.82359,4.26125],[102.82386,4.26125],[102.82386,4.2618],[102.82442,4.2618],[102.82442,4.26208],[102.82469,4.26208],[102.82469,4.26264],[102.82497,4.26264],[102.82497,4.2632],[102.82552,4.2632],[102.82552,4.26375],[102.8258,4.26375],[102.8258,4.26403],[102.82608,4.26403],[102.82608,4.26431],[102.82636,4.26431],[102.82635,4.26459],[102.82608,4.26459],[102.82608,4.26542],[102.82635,4.26542],[102.82635,4.26626],[102.82663,4.26626],[102.82663,4.26654],[102.82691,4.26654],[102.82691,4.26737],[102.82663,4.26737],[102.82663,4.26876],[102.8269,4.26876],[102.8269,4.26904],[102.82718,4.26904],[102.82718,4.26932],[102.82746,4.26932],[102.82746,4.2696],[102.82774,4.2696],[102.82773,4.26988],[102.82829,4.26988],[102.82857,4.26988],[102.82857,4.27043],[102.82912,4.27043],[102.82912,4.27071],[102.82967,4.27071],[102.82967,4.27099],[102.83051,4.27099],[102.83051,4.27071],[102.83078,4.27072],[102.83078,4.27044],[102.83106,4.27044],[102.83106,4.27072],[102.83134,4.27072],[102.83134,4.27127],[102.83189,4.27127],[102.83189,4.27155],[102.83217,4.27155],[102.8324,4.27185],[102.83405,4.27569],[102.83404,4.27608],[102.83402,4.27701],[102.8346,4.27907],[102.8349,4.28011],[102.83304,4.28128],[102.83081,4.28269],[102.82962,4.2837],[102.82877,4.28486],[102.8278,4.28657],[102.82514,4.28659],[102.82288,4.28599],[102.82099,4.28548],[102.81784,4.28497],[102.81609,4.28479],[102.81561,4.28517],[102.815,4.28563],[102.81233,4.28713],[102.81247,4.28764],[102.81256,4.28795]],[[102.76825,4.18076],[102.76852,4.18076],[102.76852,4.18049],[102.76825,4.18049],[102.76825,4.18076]]]},"properties":{"FID":20,"Sector":"ULU TEKAI","SectorID":"Sec21","source_layer":"Sector"}}]}